year,sido_cd,spot_nm,bjd_cd,lat,lon,occrrnc_cnt,caslt_cnt,dth_cnt,se_cnt,sl_cnt,wnd_cnt
2017,11,서울특별시 종로구 창신동(동대문로터리 인근),1111017400,37.57134778272727,127.00909599363636,42,69,1,12,48,8
2017,11,서울특별시 종로구 종로2가(종로1가일반국도6호선 인근),1111013800,37.57016827969696,126.98375031787879,39,49,0,14,30,5
2017,11,서울특별시 종로구 종로4가(종로4가배오개길진입 인근),1111016100,37.570219211818184,126.99779191606059,38,56,0,19,30,7
2017,11,서울특별시 중구 정동(우성빌딩 인근),1114016700,37.56385080333334,126.97783558727276,46,63,0,6,40,17
2017,11,서울특별시 중구 봉래동2가(서울역사거리 인근),1114012000,37.557050803636365,126.97266499121214,45,67,0,12,54,1
2017,11,서울특별시 중구 명동2가(회현사거리반포로북창 인근),1114012700,37.5609097169697,126.98170945909095,43,58,0,11,44,3
2017,11,서울특별시 용산구 서빙고동(이태원소방파출소 인근),1117013300,37.534613278484855,126.99563203727273,47,61,0,9,47,5
2017,11,서울특별시 용산구 용산동6가(하나은행한남동지점 인근),1117013500,37.53324069666667,127.00737957363634,41,60,0,16,44,0
2017,11,서울특별시 용산구 서빙고동(한강대교북단 인근),1117013300,37.52239923060606,126.96186110303029,33,42,1,8,33,0
2017,11,서울특별시 성동구 행당동(고산자로왕십리로진입 인근),1120010700,37.56153952818182,127.03513332787878,31,47,0,6,31,10
2017,11,서울특별시 성동구 송정동(왕십리길광나룻길진출 인근),1120011800,37.55109675757576,127.04421070363638,28,43,0,13,29,1
2017,11,서울특별시 성동구 행당동(무학여고앞 인근),1120010700,37.55849582727272,127.0340518512121,23,32,0,4,22,6
2017,11,서울특별시 광진구 화양동(건대입구역 인근),1121510700,37.539920522121214,127.07067331363633,40,53,0,4,45,4
2017,11,서울특별시 광진구 자양동(자양사거리일반국도3호 인근),1121510500,37.53713813454545,127.08346652484846,30,41,0,10,28,3
2017,11,서울특별시 광진구 능동(결혼의집백악관 인근),1121510200,37.553545403030306,127.0884832512121,24,36,0,12,22,2
2017,11,서울특별시 동대문구 청량리동(청량리역홍릉길진입1 인근),1123010700,37.58084535848486,127.04511619727272,51,55,1,19,34,1
2017,11,서울특별시 동대문구 용두동(성심의원고산자로진출 인근),1123010200,37.57360728909091,127.03818510090908,48,66,0,18,45,3
2017,11,서울특별시 동대문구 제기동(경동시장 인근),1123010300,37.57817774272727,127.03836835121213,39,44,0,10,31,3
2017,11,서울특별시 중랑구 신내동(망우사거리 인근),1126010600,37.599881329090906,127.10048636848484,46,72,0,16,49,7
2017,11,서울특별시 중랑구 망우동(한일써너스빌리젠시2 인근),1126010500,37.597810838787886,127.09393092242428,40,52,0,17,30,5
2017,11,서울특별시 중랑구 중화동(면목역 인근),1126010300,37.58839338727273,127.08763656303029,38,41,0,11,25,5
2017,11,서울특별시 성북구 하월곡동(내부순환로정릉길램프 인근),1129013600,37.60402609030303,127.02619300606057,58,81,1,11,64,5
2017,11,서울특별시 성북구 하월곡동(종암사거리 인근),1129013600,37.60337979121212,127.03224611121213,54,91,0,17,72,2
2017,11,서울특별시 성북구 정릉동(실과바늘 인근),1129013300,37.593357813939406,127.01639951363637,45,57,0,11,44,2
2017,11,서울특별시 강북구 수유동(수유역 인근),1130510300,37.6379826490909,127.0256525890909,69,82,0,18,62,2
2017,11,서울특별시 강북구 수유동(주하이마트 인근),1130510300,37.63528463272727,127.02327492909095,64,88,0,26,57,5
2017,11,서울특별시 강북구 수유동(미아4동지구대 인근),1130510300,37.616452966969696,127.02991358727272,44,86,0,13,66,7
2017,11,서울특별시 도봉구 창동(창동하이마트 인근),1132010700,37.65271417787878,127.05246903787881,30,47,1,13,24,9
2017,11,서울특별시 도봉구 창동(소피아관광호텔 인근),1132010700,37.650672354545456,127.0360290078788,27,41,0,8,28,5
2017,11,서울특별시 도봉구 창동(방학사거리 인근),1132010700,37.662821586666674,127.04250709787878,24,35,0,6,26,3
2017,11,서울특별시 노원구 상계동(노원역일반국도3호선 인근),1135010500,37.65480048333335,127.06058666606063,46,62,0,6,50,6
2017,11,서울특별시 노원구 공릉동(태릉입구 인근),1135010300,37.617153698484856,127.07421073787877,32,51,0,10,40,1
2017,11,서울특별시 노원구 공릉동(서울동아의원 인근),1135010300,37.61926342090908,127.07832388363636,29,46,1,3,38,4
2017,11,서울특별시 은평구 대조동(갈현동먹자골목 인근),1138010600,37.618416077272734,126.92010230363634,48,65,0,10,45,10
2017,11,서울특별시 은평구 응암동(응암오거리응암로진출 인근),1138010700,37.58973484424243,126.91724345363635,26,30,0,8,20,2
2017,11,서울특별시 은평구 대조동(불광역 인근),1138010600,37.610957064545445,126.92958567242421,26,36,0,12,15,9
2017,11,서울특별시 서대문구 홍은동(동신병원연희로진입2 인근),1141011800,37.58142065969697,126.93616510848487,25,31,0,5,23,3
2017,11,서울특별시 서대문구 홍은동(홍은사거리 인근),1141011800,37.59148530999999,126.94148007242421,24,36,0,6,27,3
2017,11,서울특별시 서대문구 냉천동(서대문아트홀일반국도6 인근),1141010500,37.56534052272727,126.9662318090909,23,33,0,7,23,3
2017,11,서울특별시 마포구 합정동(합정역 인근),1144012200,37.54922931454546,126.91345680242425,60,94,1,8,79,6
2017,11,서울특별시 마포구 도화동(일진빌딩 인근),1144010400,37.54040636787879,126.94707330606062,42,60,1,6,51,2
2017,11,서울특별시 마포구 도화동(공덕오거리 인근),1144010400,37.5439369539394,126.95102598606064,41,62,0,8,51,3
2017,11,서울특별시 양천구 신월동(신월사거리 인근),1147010300,37.53589264090909,126.82838405727274,34,50,0,7,37,6
2017,11,서울특별시 양천구 신월동(신월정수사업소앞 인근),1147010300,37.52969599666667,126.83254855242426,31,49,0,10,37,2
2017,11,서울특별시 양천구 신월동(목동역 인근),1147010300,37.52617248151514,126.8643765778788,30,44,1,10,32,1
2017,11,서울특별시 강서구 화곡동(우장공원입구 인근),1150010300,37.55311674212123,126.85081126787877,44,64,1,6,54,3
2017,11,서울특별시 강서구 내발산동(화곡사거리 인근),1150010600,37.530612766666664,126.84746375909091,39,53,0,10,38,5
2017,11,서울특별시 강서구 공항동(화곡로공항대로진입1 인근),1150010800,37.555464873333335,126.85353832303028,33,62,0,13,47,2
2017,11,서울특별시 구로구 개봉동(조양빌딩 인근),1153010700,37.49305827515151,126.85609490606059,28,40,0,9,28,3
2017,11,서울특별시 구로구 구로동(구로구청앞 인근),1153010200,37.49526847454546,126.88888837606059,28,33,0,9,22,2
2017,11,서울특별시 구로구 구로동(고척교사거리 인근),1153010200,37.498884736363635,126.87183337363636,27,44,0,9,33,2
2017,11,서울특별시 금천구 시흥동(시흥사거리 인근),1154510300,37.45476667636363,126.90057509242419,39,52,0,15,32,5
2017,11,서울특별시 금천구 독산동(독산사거리 인근),1154510200,37.47144175818182,126.89823265727274,28,58,0,16,40,2
2017,11,서울특별시 금천구 시흥동(소하IC 인근),1154510300,37.43830118969697,126.90315075787883,27,55,1,6,45,3
2017,11,서울특별시 영등포구 문래동2가(영등포로터리버드나룻 인근),1156012000,37.51913766454545,126.91255154363634,61,100,0,16,77,7
2017,11,서울특별시 영등포구 문래동3가(영등포역 인근),1156012100,37.51641380515151,126.90668487363638,51,60,0,13,38,9
2017,11,서울특별시 영등포구 양평동(양평동사거리 인근),1156013400,37.535956687878794,126.89784331606059,41,65,0,11,48,6
2017,11,서울특별시 동작구 신대방동(신대방동빌딩 인근),1159010900,37.49855545606061,126.92815970242425,54,71,0,15,52,4
2017,11,서울특별시 동작구 상도1동(상도역 인근),1159010300,37.50318978787879,126.947717199697,35,49,1,9,31,8
2017,11,서울특별시 동작구 대방동(상도3동주민센터 인근),1159010800,37.49924861515151,126.93121849848487,34,40,0,7,29,4
2017,11,서울특별시 관악구 신림동(신림역 인근),1162010200,37.484269325151516,126.92975011848486,43,55,0,12,36,7
2017,11,서울특별시 관악구 봉천동(서울대입구역 인근),1162010100,37.48126630636363,126.9527762518182,38,49,0,9,38,2
2017,11,서울특별시 관악구 신림동(패션거리입구 인근),1162010200,37.4875707639394,126.92881669787877,34,39,0,13,21,5
2017,11,서울특별시 서초구 염곡동(트럭터미널장군촌 인근),1165011000,37.46067682848485,127.0360268878788,66,114,0,21,87,6
2017,11,서울특별시 서초구 염곡동(염곡사거리 인근),1165011000,37.46570191848485,127.04301759242422,47,80,0,7,65,8
2017,11,서울특별시 서초구 반포동(서초구동작구경계1 인근),1165010700,37.49983939727272,126.9848683678788,36,75,0,7,62,6
2017,11,서울특별시 강남구 논현동(역삼역 인근),1168010800,37.50082507121212,127.03697194181815,57,69,0,17,44,8
2017,11,서울특별시 강남구 논현동(교보타워사거리 인근),1168010800,37.50452127393939,127.02452718909095,49,74,1,11,54,8
2017,11,서울특별시 강남구 논현동(CHA여성의학연구소 인근),1168010800,37.507329303333336,127.03393031727275,44,69,0,12,51,6
2017,11,서울특별시 송파구 장지동(복정역 인근),1171010900,37.470868873939395,127.12676428909091,48,80,0,13,52,15
2017,11,서울특별시 송파구 문정동(가락시장역 인근),1171010800,37.49258017636364,127.11881266727273,46,69,0,19,43,7
2017,11,서울특별시 송파구 잠실동(잠실천주교회 인근),1171010100,37.510862833333334,127.08297784727273,43,49,0,8,28,13
2017,11,서울특별시 강동구 천호동(강동성심병원 인근),1174010900,37.53527612272727,127.13433145606062,42,70,1,15,49,5
2017,11,서울특별시 강동구 성내동(길동사거리 인근),1174010800,37.53395525969698,127.13861581242429,41,58,3,19,31,5
2017,11,서울특별시 강동구 천호동(올림픽로천호대로진입 인근),1174010900,37.53835924727273,127.1242718212121,37,57,0,9,43,5
2017,26,부산광역시 중구 남포동6가(남포사거리 인근),2611014100,35.09774708424243,129.02825543848482,33,41,0,12,25,4
2017,26,부산광역시 중구 부평동4가(보수사거리 인근),2611012600,35.103111926666664,129.02535272121213,27,32,0,9,22,1
2017,26,부산광역시 중구 중앙동6가(부산우체국사거리 인근),2611010900,35.10294039484849,129.03644309606062,25,33,0,11,19,3
2017,26,부산광역시 서구 암남동(충무교차로 인근),2614012400,35.09645377030302,129.02446943848489,29,55,0,13,37,5
2017,26,부산광역시 서구 동대신동3가(동대사거리 인근),2614010300,35.11146958272727,129.02180728363638,19,27,1,7,17,2
2017,26,부산광역시 서구 암남동(세영수산 인근),2614012400,35.080091066363636,129.02204598666665,18,26,0,10,16,0
2017,26,부산광역시 동구 초량동(부산역 인근),2617010100,35.11484308181818,129.0394849390909,34,44,0,14,25,5
2017,26,부산광역시 동구 초량동(백광약국 인근),2617010100,35.12024270727272,129.03910384727274,24,29,0,14,13,2
2017,26,부산광역시 동구 초량동(한국토지공사 인근),2617010100,35.1180688339394,129.04134750121213,23,37,0,5,30,2
2017,26,부산광역시 영도구 봉래동1가(대교사거리 인근),2620011500,35.09216611454545,129.03970653363638,23,35,0,6,29,0
2017,26,부산광역시 영도구 봉래동3가(소방서앞사거리 인근),2620011700,35.09075986454546,129.04361684666665,19,23,0,11,12,0
2017,26,부산광역시 영도구 영선동2가(농협교차로 인근),2620010900,35.088165146060604,129.04221812727272,10,10,0,4,5,1
2017,26,부산광역시 부산진구 부전동(서면교차로 인근),2623010300,35.15776923969697,129.05915165787883,54,82,0,21,51,10
2017,26,부산광역시 부산진구 범천동(광무교북측 인근),2623010400,35.1506978339394,129.0592205330303,51,85,0,20,58,7
2017,26,부산광역시 부산진구 가야동(부전사거리 인근),2623011000,35.15771402030303,129.0547634078788,47,65,1,29,29,6
2017,26,부산광역시 동래구 사직동(내성교차로 인근),2626010900,35.20441633272728,129.0780564690909,40,49,0,14,32,3
2017,26,부산광역시 동래구 온천동(동부터미널교차로 인근),2626010800,35.21178733333334,129.0787531572727,37,44,0,9,32,3
2017,26,부산광역시 동래구 명륜동(동래경찰서 인근),2626010700,35.20143761333333,129.08523750181817,26,35,1,9,24,1
2017,26,부산광역시 남구 문현동(문현지하차도남단 인근),2629010900,35.13604661515151,129.0677715660606,29,36,0,7,22,7
2017,26,부산광역시 남구 대연동(대연전화국 인근),2629010600,35.13799111393939,129.10138271909088,27,29,0,7,19,3
2017,26,부산광역시 남구 대연동(대연사거리 인근),2629010600,35.135124492121214,129.09192934363637,24,31,1,7,21,2
2017,26,부산광역시 북구 구포동(덕천교차로 인근),2632010500,35.21014126969696,129.00539803303033,30,47,0,7,34,6
2017,26,부산광역시 북구 덕천동(성진주유소앞 인근),2632010400,35.21259373848485,129.01025900181818,29,38,1,12,24,1
2017,26,부산광역시 북구 덕천동(만덕베르빌아파트앞 인근),2632010400,35.212872614545454,129.0377034378788,28,40,0,9,27,4
2017,26,부산광역시 해운대구 중동(우리은행중앙지점 인근),2635010600,35.16290452030304,129.1646063466667,23,37,2,10,24,1
2017,26,부산광역시 해운대구 우동(올림픽교차로 인근),2635010500,35.168930926969686,129.13896950121216,22,40,0,9,26,5
2017,26,부산광역시 해운대구 반여동(선수촌교차로 인근),2635010300,35.20487092787878,129.11973928242423,21,30,0,13,17,0
2017,26,부산광역시 사하구 장림동(하단교차로 인근),2638010500,35.106146271818176,128.9684689078788,49,67,0,18,46,3
2017,26,부산광역시 사하구 장림동(하단초등학교 인근),2638010500,35.10440148909092,128.96455653242424,23,27,1,11,14,1
2017,26,부산광역시 사하구 하단동(사하구청앞 인근),2638010300,35.10416217757576,128.9720898772727,19,31,0,6,21,4
2017,26,부산광역시 금정구 구서동(구서교차로 인근),2641010700,35.24618127181819,129.09290421909088,25,33,0,5,20,8
2017,26,부산광역시 금정구 서동(부산은행동상동지점 인근),2641011000,35.214513551818186,129.1056541572727,22,24,0,8,15,1
2017,26,부산광역시 금정구 장전동(부산대정문앞 인근),2641010800,35.23143411545454,129.08515850121208,19,21,0,6,9,6
2017,26,부산광역시 강서구 구랑동(녹산중소기업지원센터 인근),2644011300,35.08895902121212,128.83949537787882,10,18,0,5,13,0
2017,26,부산광역시 강서구 명지동(명지IC 인근),2644010400,35.111257239090904,128.93190715848488,8,16,0,4,11,1
2017,26,부산광역시 강서구 명지동(청량사거리 인근),2644010400,35.1146775490909,128.91956100242425,8,13,0,5,7,1
2017,26,부산광역시 연제구 연산동(연산교차로 인근),2647010200,35.18605883333332,129.08166468909093,56,71,0,19,45,7
2017,26,부산광역시 연제구 연산동(동래신경외과 인근),2647010200,35.181854488484845,129.07830981363634,21,22,1,7,14,0
2017,26,부산광역시 연제구 연산동(뉴콘티넨탈관광호텔 인근),2647010200,35.18840817666667,129.08467831363635,20,23,0,8,14,1
2017,26,부산광역시 수영구 광안동(수영교차로 인근),2650010400,35.16736427090908,129.11523412787878,32,46,0,8,33,5
2017,26,부산광역시 수영구 광안동(마이다스관광호텔 인근),2650010400,35.1681148021212,129.11769740909088,23,30,0,8,21,1
2017,26,부산광역시 수영구 남천동(오페라모텔 인근),2650010500,35.15475820727273,129.1187317212121,22,37,0,10,25,2
2017,26,부산광역시 사상구 감전동(서부터미널 인근),2653010500,35.16208217545455,128.98473934606062,32,43,0,13,23,7
2017,26,부산광역시 사상구 감전동(괴법교삼거리 인근),2653010500,35.16334583333333,128.9759304390909,21,32,0,6,17,9
2017,26,부산광역시 사상구 괘법동(심이태소아과의원앞 인근),2653010400,35.167108022424244,128.9823119072727,21,24,0,5,14,5
2017,26,부산광역시 기장군 기장읍(부산은행기장점 인근),2671025000,35.24513083393939,129.21678468909093,16,18,0,7,10,1
2017,26,부산광역시 기장군 기장읍(한신아파트사거리 인근),2671025000,35.24891298848484,129.21387556606064,11,16,0,3,11,2
2017,26,부산광역시 기장군 일광면(기장역사거리 인근),2671031000,35.2430851760606,129.21671353363632,10,11,0,1,10,0
2017,27,대구광역시 중구 남산동(반월당 인근),2711015600,35.86548299090908,128.5933868460606,48,68,0,7,46,15
2017,27,대구광역시 중구 대봉동(봉산육거리 인근),2711015700,35.863895989090906,128.59949984484845,38,58,0,12,40,6
2017,27,대구광역시 중구 포정동(중앙네거리 인근),2711014300,35.87098798909091,128.5941068460606,35,66,0,18,44,4
2017,27,대구광역시 동구 용계동(동대구역네거리 인근),2714011900,35.87661598969696,128.6261338460606,36,62,0,19,39,4
2017,27,대구광역시 동구 효목동(큰고개오거리 인근),2714010300,35.885616988484855,128.6330198460606,33,47,0,11,33,3
2017,27,대구광역시 동구 신천동(신천네거리 인근),2714010200,35.874654990303036,128.61764284606065,24,41,0,7,32,2
2017,27,대구광역시 서구 평리동(신평리네거리 인근),2717010300,35.870452990303036,128.55497384363636,35,63,0,15,45,3
2017,27,대구광역시 서구 내당동(두류네거리 인근),2717010100,35.85790199060605,128.5574918436364,33,59,0,10,39,10
2017,27,대구광역시 서구 비산동(비산네거리 인근),2717010200,35.87224499,128.5711868460606,33,41,1,12,27,1
2017,27,대구광역시 남구 대명동(봉덕1동한국외한은행 인근),2720010300,35.846048992727276,128.5905578460606,34,51,0,12,36,3
2017,27,대구광역시 남구 대명동(대덕장 인근),2720010300,35.852589987878794,128.58341684727273,32,48,0,8,36,4
2017,27,대구광역시 남구 대명동(안지랑네거리 인근),2720010300,35.839062992727264,128.5768048460606,29,38,1,6,28,3
2017,27,대구광역시 북구 산격동(경대교서편 인근),2723011100,35.88632798909091,128.6008288460606,35,63,0,15,45,3
2017,27,대구광역시 북구 매천동(대구병원 인근),2723012700,35.91356499030303,128.5485188436364,34,49,0,11,33,5
2017,27,대구광역시 북구 태전동(공원네거리 인근),2723012600,35.92562499090909,128.54735984606063,31,48,0,18,30,0
2017,27,대구광역시 수성구 지산동(황금네거리 인근),2726011200,35.83981799060607,128.6239148442424,45,71,0,17,49,5
2017,27,대구광역시 수성구 범어동(범어네거리 인근),2726010100,35.85912298848485,128.62629784606057,33,46,0,13,29,4
2017,27,대구광역시 수성구 수성동4가(대구은행네거리 인근),2726010600,35.85979698969695,128.61415384666668,32,49,1,7,36,5
2017,27,대구광역시 달서구 감삼동(죽전네거리 인근),2729011300,35.85018499030303,128.53727784666668,42,57,0,14,38,5
2017,27,대구광역시 달서구 진천동(상인네거리 인근),2729011700,35.81901698848485,128.53791584606057,41,51,0,12,35,4
2017,27,대구광역시 달서구 감삼동(용산네거리 인근),2729011300,35.849468988484844,128.53075084363635,36,63,0,11,48,4
2017,27,대구광역시 달성군 논공읍(회원새마을금고 인근),2771025300,35.80340063575757,128.49796290242423,17,24,1,4,19,0
2017,27,대구광역시 달성군 다사읍(다산중고교입구 인근),2771025600,35.86039098848486,128.4627168460606,13,15,0,5,9,1
2017,27,대구광역시 달성군 옥포면(해성빌라 인근),2771034000,35.80477717939394,128.50139609848483,13,16,0,4,9,3
2017,28,인천광역시 중구 신흥동3가(수인사거리 인근),2811012800,37.46494024181819,126.63399790727277,11,19,0,5,11,3
2017,28,인천광역시 중구 운서동(넙디로시점 인근),2811014700,37.48618635515151,126.5059088530303,9,17,2,4,8,3
2017,28,인천광역시 중구 용동(경동사거리 인근),2811013500,37.47251855454545,126.62913612666668,8,13,0,3,10,0
2017,28,인천광역시 동구 송림동(송림오거리 인근),2814010700,37.47591320909091,126.64467284363634,10,15,0,5,9,1
2017,28,인천광역시 동구 화평동(송현삼거리1 인근),2814010400,37.47766517848485,126.63233631363633,10,13,0,2,8,3
2017,28,인천광역시 동구 송림동(산업용품센터사거리 인근),2814010700,37.482697803939395,126.65892981242426,7,19,0,0,19,0
2017,28,인천광역시 남구 주안동(용일사거리 인근),2817010600,37.45227220969698,126.6675170960606,29,43,1,8,32,2
2017,28,인천광역시 남구 주안동(주안역삼거리 인근),2817010600,37.464029209696974,126.68038862666667,25,39,0,9,25,5
2017,28,인천광역시 남구 주안동(진흥사거리 인근),2817010600,37.44806433666666,126.67975053242422,22,53,0,8,35,10
2017,28,인천광역시 연수구 청학동(연수국민은행4거리 인근),2818510400,37.41540739787879,126.67691359545458,17,26,0,12,13,1
2017,28,인천광역시 연수구 송도동(다이소앞사거리 인근),2818510600,37.39589537757575,126.65184629363637,14,18,0,7,11,0
2017,28,인천광역시 연수구 연수동(신연수역사거리 인근),2818510300,37.41793130393939,126.69401809545454,12,23,0,6,17,0
2017,28,인천광역시 남동구 만수동(모래마을사거리 인근),2820010300,37.45586977393939,126.71938406303032,25,40,0,11,29,0
2017,28,인천광역시 남동구 논현동(논현역앞 인근),2820011000,37.40103718787878,126.72447554363636,22,35,0,6,28,1
2017,28,인천광역시 남동구 장수동(문예회관사거리 인근),2820010400,37.45009864787878,126.7012179378788,21,44,0,4,39,1
2017,28,인천광역시 부평구 갈산동(굴다리오거리 인근),2823710600,37.490986459999995,126.72973034303027,26,31,0,4,26,1
2017,28,인천광역시 부평구 부평동(시장로터리 인근),2823710100,37.49432949242425,126.72661303242427,25,32,0,7,25,0
2017,28,인천광역시 부평구 부평동(부평역사거리 인근),2823710100,37.491341179696974,126.72317459363636,24,27,0,7,19,1
2017,28,인천광역시 계양구 서운동(작전역3번출구 인근),2824510400,37.52994799090909,126.722538970303,33,45,0,10,31,4
2017,28,인천광역시 계양구 서운동(신대사거리 인근),2824510400,37.52788343090911,126.72252962727276,25,30,0,11,19,0
2017,28,인천광역시 계양구 계산동(계산삼거리 인근),2824510200,37.543484929090916,126.72282109363636,19,28,0,10,18,0
2017,28,인천광역시 서구 가정동(루원교차로 인근),2826010800,37.524713636363636,126.67639001303029,25,39,0,6,33,0
2017,28,인천광역시 서구 석남동(석남제1고가차도 인근),2826011000,37.50629317787878,126.67353359363636,20,31,1,6,22,2
2017,28,인천광역시 서구 금곡동(BYC마전점 인근),2826011800,37.59373552575757,126.67287990363639,19,26,0,2,23,1
2017,28,인천광역시 강화군 강화읍(한전앞 인근),2871025000,37.74119958757575,126.4969692824242,6,6,0,2,4,0
2017,28,인천광역시 강화군 강화읍(강화군청앞 인근),2871025000,37.746806866969685,126.48531784363637,6,9,0,4,5,0
2017,28,인천광역시 강화군 강화읍(청소년수련관 인근),2871025000,37.73755974393939,126.5137394378788,5,8,0,2,6,0
2017,29,광주광역시 동구 학동(남광주교차로 인근),2911012200,35.13935923848485,126.92296634363635,20,35,1,8,25,1
2017,29,광주광역시 동구 지산동(지산사거리 인근),2911011100,35.1508848960606,126.93039362666671,14,20,0,5,13,2
2017,29,광주광역시 동구 동명동(송암빌딩 인근),2911010800,35.14956214666666,126.92215731363638,13,20,0,9,11,0
2017,29,광주광역시 서구 치평동(나우빌딩 인근),2914012000,35.152903270909086,126.85299328242422,64,101,0,6,92,3
2017,29,광주광역시 서구 금호동(서광주농협운천지소 인근),2914013000,35.150213177878804,126.85713490727275,52,79,1,5,71,2
2017,29,광주광역시 서구 광천동(광천4거리 인근),2914011500,35.161331959696966,126.88347006303027,37,59,0,1,56,2
2017,29,광주광역시 남구 방림동(백운고가시점 인근),2915511400,35.134421519090914,126.89965487666665,36,63,1,8,54,0
2017,29,광주광역시 남구 방림동(남광주농협3R 인근),2915511400,35.13375606727272,126.90758771121214,22,36,0,1,35,0
2017,29,광주광역시 남구 봉선동(백운교차로 인근),2915511500,35.13336686393939,126.90136156363637,21,39,1,3,33,2
2017,29,광주광역시 북구 매곡동(복다방 인근),2917011700,35.187270833333336,126.89960393909094,29,39,0,7,29,3
2017,29,광주광역시 북구 오치동(무동도서관사거리 인근),2917011500,35.17649817636363,126.9279048760606,27,38,0,6,28,4
2017,29,광주광역시 북구 운암동(운암사거리 인근),2917010900,35.176823833030305,126.87911968727272,26,49,1,3,45,0
2017,29,광주광역시 광산구 수완동(수완지화차도 인근),2920011400,35.19074347909091,126.8238588478788,37,66,0,5,60,1
2017,29,광주광역시 광산구 도천동(영광동사거리 인근),2920011300,35.14161814515152,126.79471868787876,33,44,0,8,36,0
2017,29,광주광역시 광산구 수완동(수완지구대앞 인근),2920011400,35.1906715690909,126.8288189460606,28,49,0,5,39,5
2017,30,대전광역시 동구 용전동(동부네거리 인근),3011011500,36.351081302424234,127.44211718787876,35,69,0,7,62,0
2017,30,대전광역시 동구 중동(대전역네거리 인근),3011012000,36.33118689848485,127.43267218848486,25,32,0,9,23,0
2017,30,대전광역시 동구 홍도동(용전네거리 인근),3011011700,36.347514645454545,127.43211403242425,23,31,0,7,22,2
2017,30,대전광역시 중구 부사동(보문오거리 인근),3014011100,36.31314261454545,127.43488787606061,35,52,0,10,42,0
2017,30,대전광역시 중구 대사동(성모오거리 인근),3014011000,36.32399502272727,127.42023415727277,26,59,2,6,51,0
2017,30,대전광역시 중구 유천동(서부네거리 인근),3014011500,36.31689020848485,127.3915850630303,23,52,0,4,48,0
2017,30,대전광역시 서구 둔산동(계룡로네거리 인근),3017011200,36.34972505333334,127.37738756363638,68,86,0,12,71,3
2017,30,대전광역시 서구 갈마동(갈마네거리 인근),3017011100,36.35308630121212,127.36891328363635,57,85,0,11,71,3
2017,30,대전광역시 서구 둔산동(은하수네거리 인근),3017011200,36.35133805454546,127.37842575090907,43,53,0,6,44,3
2017,30,대전광역시 유성구 신성동(봉명네거리 인근),3020012500,36.35533536545454,127.34199846909092,40,62,0,12,49,1
2017,30,대전광역시 유성구 반석동(외삼네거리 인근),3020013900,36.39588580454545,127.31187831363637,33,63,1,5,55,2
2017,30,대전광역시 유성구 갑동(한밭대입구삼거리 인근),3020011800,36.360485177878786,127.30416843787879,29,52,0,14,37,1
2017,30,대전광역시 대덕구 오정동(타이어뱅크앞 인근),3023010100,36.356518927878774,127.40550975121211,32,52,0,11,38,3
2017,30,대전광역시 대덕구 비래동(산림조합중앙회앞 인근),3023011000,36.35616942848485,127.44499718848483,31,53,0,6,41,6
2017,30,대전광역시 대덕구 석봉동(오정사거리 인근),3023011100,36.358585022727276,127.41558753242427,30,46,0,11,29,6
2017,31,울산광역시 중구 약사동(동국건축자재 인근),3111011700,35.578796804545455,129.3422187512121,25,38,0,4,31,3
2017,31,울산광역시 중구 태화동(모두투어여행사 인근),3111011100,35.55337714575758,129.30890240787875,24,34,0,4,28,2
2017,31,울산광역시 중구 옥교동(창성곰장어 인근),3111010500,35.55868539454546,129.32782103242425,20,23,0,9,9,5
2017,31,울산광역시 남구 야음동(공업탑로터리 인근),3114010800,35.53217586454545,129.30756578242423,33,49,0,9,40,0
2017,31,울산광역시 남구 두왕동(신부로터리 인근),3114010300,35.550077177272726,129.26378412727274,33,47,0,15,31,1
2017,31,울산광역시 남구 삼산동(남부장식 인근),3114010600,35.537710209090896,129.3351318772727,30,39,0,6,31,2
2017,31,울산광역시 동구 일산동(동해복집 인근),3117010300,35.498114677878796,129.42801050242426,21,29,0,7,22,0
2017,31,울산광역시 동구 전하동(진성상가앞 인근),3117010400,35.50743377333333,129.43005271909095,15,19,0,4,15,0
2017,31,울산광역시 동구 전하동(찬물락삼거리 인근),3117010400,35.504299083939394,129.42957100121214,14,17,0,9,8,0
2017,31,울산광역시 북구 진장동(명촌교북단사거리 인근),3120012100,35.54910123909091,129.35776290787877,21,36,0,9,21,6
2017,31,울산광역시 북구 호계동(게임의법칙 인근),3120010200,35.62856864636363,129.35244771969695,17,24,0,8,15,1
2017,31,울산광역시 북구 효문동(명촌정문앞 인근),3120012300,35.55623905272727,129.36062272090913,14,19,0,2,14,3
2017,31,울산광역시 울주군 온산읍(온덕장식 인근),3171025000,35.43377970727273,129.31063431606063,17,17,0,7,9,1
2017,31,울산광역시 울주군 삼남면(남천2교앞 인근),3171039000,35.562313302727276,129.12691368848482,14,26,0,8,16,2
2017,31,울산광역시 울주군 범서읍(웅진출판 인근),3171025900,35.569938947878796,129.2433007060606,13,13,0,5,6,2
2017,36,세종특별자치시 세종특별자치시 아름동(아름동복합커뮤니티센타동측교차로 인근),3611011300,36.51167345848485,127.24823744969694,13,14,0,0,14,0
2017,36,세종특별자치시 세종특별자치시 조치원읍(역전교차로 인근),3611025000,36.60127242666667,127.29809450121215,9,10,0,6,3,1
2017,36,세종특별자치시 세종특별자치시 어진동(공정거래위원회버스정류장앞교차 인근),3611011000,36.50390696212121,127.2670414066667,8,17,0,2,13,2
2017,41,경기도 수원시 팔달구 인계동(인계사거리 인근),4111514100,37.26836155515151,127.02723443909086,38,60,1,11,46,2
2017,41,경기도 수원시 장안구 조원동(영화초교사거리 인근),4111113600,37.29505449272728,127.01635984727275,34,50,0,5,44,1
2017,41,경기도 수원시 장안구 율전동(율전파출소 인근),4111113200,37.29817321030303,126.9715136260606,33,43,0,4,33,6
2017,41,경기도 성남시 중원구 성남동(모란삼거리 인근),4113310100,37.43284233636364,127.12902478121214,70,111,0,24,79,8
2017,41,경기도 성남시 중원구 하대원동(모란시장사거리 인근),4113310900,37.429996617878786,127.12940656303029,53,76,0,12,57,7
2017,41,경기도 성남시 수정구 수진동(중앙시장사거리 인근),4113110300,37.44091799272728,127.13183562727276,38,49,0,18,29,2
2017,41,경기도 의정부시 의정부동(웰컴한증사우나앞 인근),4115010100,37.737181675151525,127.04286317606059,33,56,0,7,37,12
2017,41,경기도 의정부시 의정부동(송산교차로 인근),4115010100,37.73741387242424,127.05178570242424,29,35,0,7,21,7
2017,41,경기도 의정부시 의정부동(헤드원호텔앞 인근),4115010100,37.741153832727264,127.04715474121211,25,30,2,10,13,5
2017,41,경기도 안양시 동안구 호계동(천지유황탕 인근),4117310300,37.37790389606061,126.9542576260606,37,52,3,10,38,1
2017,41,경기도 안양시 동안구 관양동(현대아파트입구삼거리 인근),4117310200,37.403727243333336,126.95725837606058,32,45,1,7,37,0
2017,41,경기도 안양시 동안구 호계동(범계사거리 인근),4117310400,37.38905805333333,126.94816428242423,31,47,0,11,36,0
2017,41,경기도 부천시 상동(석천사거리 인근),4119010900,37.504751557272726,126.76317990666664,48,78,0,10,64,4
2017,41,경기도 부천시 상동(상동영프러스앞 인근),4119010900,37.5048758039394,126.75308121909094,43,67,0,8,57,2
2017,41,경기도 부천시 심곡동(부천북부역사거리 인근),4119010200,37.485873117272725,126.7830276878788,36,44,0,7,33,4
2017,41,경기도 광명시 광명동(광명사거리 인근),4121010100,37.479379523333336,126.8544272178788,33,43,0,13,21,9
2017,41,경기도 광명시 하안동(양산부인과 인근),4121010300,37.47847558454545,126.85750728303033,25,35,0,4,24,7
2017,41,경기도 광명시 철산동(철산역앞삼거리 인근),4121010200,37.47553230333334,126.86612581363633,24,38,0,3,28,7
2017,41,경기도 평택시 평택동(중앙2로평택로32번길사거리 인근),4122011300,36.99172789333334,127.08812304121211,35,46,1,8,31,6
2017,41,경기도 평택시 서정동(송탄출장소사거리 인근),4122010100,37.06661645909091,127.06401643848486,34,52,0,11,39,2
2017,41,경기도 평택시 신대동(보람의원앞 인근),4122012200,36.995615302727266,127.08312234606062,26,33,0,9,20,4
2017,41,경기도 동두천시 생연동(삼풍빌딩사거리 인근),4125010300,37.90035745666666,127.05268031181816,17,23,0,6,14,3
2017,41,경기도 동두천시 지행동(동두천시법원앞 인근),4125010200,37.892537997878776,127.05722183121212,17,24,0,13,8,3
2017,41,경기도 동두천시 생연동(생골사거리앞 인근),4125010300,37.89949180575757,127.0576673460606,14,16,0,8,8,0
2017,41,경기도 안산시 상록구 성포동(터미널사거리 인근),4127110800,37.31618871030303,126.84512653242423,35,61,0,11,50,0
2017,41,경기도 안산시 상록구 본오동(상록수역사거리 인근),4127110400,37.30158064727273,126.86696768848486,32,45,0,8,34,3
2017,41,경기도 안산시 단원구 고잔동(중앙역사거리 인근),4127310100,37.31660642727274,126.83682021909091,32,52,0,9,42,1
2017,41,경기도 고양시 일산동구 장항동(일산소방서앞 인근),4128510400,37.663365147272714,126.76903321909087,43,62,0,21,35,6
2017,41,경기도 고양시 일산동구 마두동(양주주차타워앞 인근),4128510500,37.657285522424246,126.7736419378788,39,56,0,10,40,6
2017,41,경기도 고양시 일산동구 백석동(백석역사거리 인근),4128510600,37.64306014818181,126.78804878363638,35,43,0,5,34,4
2017,41,경기도 과천시 별양동(소방서삼거리 인근),4129010900,37.42781314727273,126.9913541884848,13,17,0,4,13,0
2017,41,경기도 과천시 부림동(도서관삼거리 인근),4129011000,37.43452149333334,126.9972210012121,10,14,0,5,7,2
2017,41,경기도 과천시 갈현동(7017부대앞 인근),4129010300,37.41141264757576,126.98048381242428,9,15,0,4,11,0
2017,41,경기도 구리시 수택동(돌다리사거리 인근),4131010500,37.60100089666666,127.14119265848485,21,29,0,8,18,3
2017,41,경기도 구리시 토평동(구리TG 인근),4131010700,37.58939011636364,127.15650506363636,20,26,0,1,23,2
2017,41,경기도 구리시 수택동(수택동사거리 인근),4131010500,37.597878217575754,127.14348189787879,15,16,0,6,10,0
2017,41,경기도 남양주시 평내동(국민은행앞3 인근),4136010200,37.65358799333333,127.24379060242424,21,33,1,10,22,0
2017,41,경기도 남양주시 진접읍(우리은행진접지점앞 인근),4136025300,37.71615274333333,127.1798026572727,20,27,0,6,20,1
2017,41,경기도 남양주시 와부읍(덕소삼거리 인근),4136025000,37.58674136515151,127.21221759606063,19,27,0,4,13,10
2017,41,경기도 오산시 원동(한성예식장앞 인근),4137010300,37.14173064787878,127.0734830960606,18,26,0,6,18,2
2017,41,경기도 오산시 원동(신양아파트앞사거리 인근),4137010300,37.14637111727272,127.07355709545452,18,24,0,2,21,1
2017,41,경기도 오산시 오산동(운동장사거리 인근),4137010100,37.1558151469697,127.0728598136364,18,26,1,6,14,5
2017,41,경기도 시흥시 정왕동(이마트사거리 인근),4139013200,37.34689474060606,126.73635175242426,29,44,0,11,29,4
2017,41,경기도 시흥시 계수동(계수교차로 인근),4139011300,37.459363326363636,126.8027185872727,25,50,0,7,36,7
2017,41,경기도 시흥시 정왕동(정왕역앞 인근),4139013200,37.351456209090905,126.74073137606061,24,29,1,5,20,3
2017,41,경기도 군포시 금정동(산본역서부사거리 인근),4141010500,37.357518272727276,126.93142234363636,30,39,0,8,25,6
2017,41,경기도 군포시 금정동(산본역동부사거리 인근),4141010500,37.35862320848484,126.93480881242422,25,34,0,8,20,6
2017,41,경기도 군포시 당동(당동우체국사거리 인근),4141010100,37.35070724030303,126.9446300636364,21,39,0,7,28,4
2017,41,경기도 의왕시 오전동(오전동사거리 인근),4143010500,37.352500896363644,126.97138631363633,23,41,0,7,34,0
2017,41,경기도 의왕시 오전동(신나자로삼거리 인근),4143010500,37.35862414848485,126.96552775181816,17,24,1,8,13,2
2017,41,경기도 의왕시 왕곡동(고촌사거리 인근),4143010400,37.34500592909092,126.97570453242426,16,31,0,11,17,3
2017,41,경기도 하남시 미사동(이조주유소앞 인근),4145011100,37.549797191212114,127.1868298390909,31,45,0,11,34,0
2017,41,경기도 하남시 덕풍동(신장사거리 인근),4145010800,37.53798298787879,127.20455079242424,25,29,0,3,21,5
2017,41,경기도 하남시 덕풍동(광진교앞사거리 인근),4145010800,37.54166467727273,127.20688443848482,18,19,0,6,9,4
2017,41,경기도 용인시 기흥구 상갈동(상갈교앞 인근),4146310300,37.27037617848486,127.10565562666667,36,48,0,7,29,12
2017,41,경기도 용인시 기흥구 고매동(현대자동차앞 인근),4146310800,37.25365176060607,127.10526991242422,28,44,0,9,27,8
2017,41,경기도 용인시 수지구 풍덕천동(현대그린프라자앞 인근),4146510100,37.32450208515151,127.09809265727273,25,28,0,7,19,2
2017,41,경기도 파주시 금촌동(파주경찰서앞 인근),4148010100,37.75907929515151,126.77671414242424,30,46,0,12,30,4
2017,41,경기도 파주시 금촌동(바이더웨이앞 인근),4148010100,37.75775203575757,126.7722310312121,25,30,0,3,24,3
2017,41,경기도 파주시 아동동(역전삼거리 인근),4148010200,37.76509099727273,126.77390075242425,22,28,1,6,18,3
2017,41,경기도 이천시 갈산동(분수대오거리 인근),4150010800,37.28084296242425,127.44698606363636,26,27,1,5,20,1
2017,41,경기도 이천시 중리동(터미널사거리 인근),4150010300,37.278230709999995,127.44683247090909,18,23,0,4,17,2
2017,41,경기도 이천시 창전동(창전사거리 인근),4150010100,37.28435824121212,127.44719231363638,15,19,0,5,14,0
2017,41,경기도 안성시 도기동(인지동마을회관 인근),4155012400,37.00379070787879,127.26834518787881,16,23,1,5,16,1
2017,41,경기도 안성시 아양동(농산물공판장앞교차로 인근),4155011900,37.0070365969697,127.26652540909092,16,16,0,7,9,0
2017,41,경기도 안성시 공도읍(진사리삼성앞 인근),4155025000,36.99388865606062,127.13788628787877,13,26,0,5,19,2
2017,41,경기도 김포시 고촌읍(신곡사거리 인근),4157025300,37.59977756333334,126.77168356242424,31,36,1,8,25,2
2017,41,경기도 김포시 통진읍(마송사거리 인근),4157025000,37.691613488484855,126.59867318242428,22,23,0,9,12,2
2017,41,경기도 김포시 사우동(사우제5어린이공원앞 인근),4157010600,37.62115420727274,126.71576968666666,20,41,0,7,29,5
2017,41,경기도 화성시 석우동(노작공원사거리 인근),4159012800,37.20654630060606,127.07577630242422,28,44,0,8,34,2
2017,41,경기도 화성시 병점동(용성빌딩 인근),4159011700,37.21367015030303,127.04112044666665,28,40,0,11,28,1
2017,41,경기도 화성시 향남읍(정메디농협프라자 인근),4159025900,37.1315429960606,126.92121183303031,23,37,0,10,25,2
2017,41,경기도 광주시 역동(경안동공영주차장 인근),4161011200,37.40994984515151,127.25927773727273,32,45,0,5,37,3
2017,41,경기도 광주시 역동(광주고용지원센터앞 인근),4161011200,37.40769615212121,127.26101034727273,25,36,0,4,32,0
2017,41,경기도 광주시 탄벌동(보건소앞 인근),4161010500,37.41581656393939,127.25072433121213,24,39,0,6,31,2
2017,41,경기도 양주시 덕계동(금용아파트1차앞 인근),4163011600,37.81859797606061,127.04609230787878,19,21,0,1,20,0
2017,41,경기도 양주시 고읍동(가보프라자 인근),4163010900,37.795120996060604,127.07872983363637,18,26,0,7,14,5
2017,41,경기도 양주시 덕계동(무명교 인근),4163011600,37.82219841151515,127.04913565242424,16,21,1,3,16,1
2017,41,경기도 포천시 소흘읍(부인터사거리 인근),4165025000,37.80544727242424,127.1314935630303,15,26,0,5,16,5
2017,41,경기도 포천시 선단동(선단교 인근),4165010400,37.854980826363644,127.16723420848481,13,15,0,2,11,2
2017,41,경기도 포천시 소흘읍(의정부시양주시경계 인근),4165025000,37.77779571030302,127.11462596909094,12,25,0,6,17,2
2017,41,경기도 여주시 홍문동(터미널사거리2 인근),4167010200,37.287918522727274,127.6343660336364,9,12,0,3,9,0
2017,41,경기도 여주시 가남읍(대청마루삼거리 인근),4167025000,37.20599299181819,127.5430845636364,8,10,0,2,8,0
2017,41,경기도 여주시 흥천면(신근리삼거리 인근),4167032000,37.298853366060605,127.55637731303032,8,14,0,2,10,2
2017,41,경기도 연천군 전곡읍(온골사거리 인근),4180025300,38.02975120787878,127.06621395727272,14,22,0,5,16,1
2017,41,경기도 연천군 전곡읍(영근사거리 인근),4180025300,38.02309045909092,127.06736942121212,9,17,0,6,11,0
2017,41,경기도 연천군 청산면(꽃과나무 인근),4180032000,37.986638665454535,127.07055818090909,4,7,0,3,4,0
2017,41,경기도 가평군 청평면(청평아랫삼거리 인근),4182032500,37.73576830333333,127.41504962666667,14,22,0,4,15,3
2017,41,경기도 가평군 가평읍(사그막마을입구 인근),4182025000,37.81691724272728,127.50823584363634,12,24,1,5,13,5
2017,41,경기도 가평군 가평읍(가평오거리 인근),4182025000,37.82153780272727,127.51396318787876,10,25,0,6,13,6
2017,41,경기도 양평군 양평읍(SK뷰아파트입구 인근),4183025000,37.495347553939396,127.48502287606058,13,15,0,4,11,0
2017,41,경기도 양평군 양평읍(양근삼거리 인근),4183025000,37.48795780545454,127.49198659606058,11,12,0,3,8,1
2017,41,경기도 양평군 양평읍(양평현대아파트입구 인근),4183025000,37.489991513030304,127.49435899363638,10,15,0,6,9,0
2017,42,강원도 춘천시 우두동(사우 인근),4211011800,37.90020408606061,127.72860403242422,21,25,0,1,21,3
2017,42,강원도 춘천시 석사동(석사사거리 인근),4211012400,37.86068367969697,127.7442766578788,17,34,0,7,24,3
2017,42,강원도 춘천시 동내면(후하교사거리 인근),4211039000,37.85539583727273,127.74942965787884,15,21,0,3,16,2
2017,42,강원도 원주시 단계동(충무김밥 인근),4213011000,37.34718867727273,127.93208590787881,44,60,0,2,50,8
2017,42,강원도 원주시 일산동(지은네 인근),4213010800,37.35151955515152,127.94919718848483,41,54,0,12,38,4
2017,42,강원도 원주시 인동(인동수퍼 인근),4213010400,37.34644374181819,127.95393099909087,39,67,1,13,44,9
2017,42,강원도 강릉시 옥천동(옥천오거리 인근),4215010900,37.756427646969684,128.89886459363638,19,22,0,4,18,0
2017,42,강원도 강릉시 유천동(교동교차로 인근),4215013100,37.765377047575754,128.8734871766667,12,25,0,4,21,0
2017,42,강원도 강릉시 금학동(기업은행강릉지점앞교차로 인근),4215010600,37.75418661909093,128.89533691242423,11,19,0,5,13,1
2017,42,강원도 동해시 효가동(효가사거리 인근),4217010600,37.492513179393946,129.1106557836364,13,22,0,1,21,0
2017,42,강원도 동해시 평릉동(한국OA사무용가구마트 인근),4217010200,37.530286525757575,129.10478962666667,12,16,0,7,9,0
2017,42,강원도 동해시 발한동(성남2차 인근),4217011100,37.54482245878787,129.10318846848486,10,13,0,3,10,0
2017,42,강원도 태백시 황지동(태백 인근),4219010100,37.159332115757586,128.9899082512121,9,19,0,2,15,2
2017,42,강원도 태백시 황지동(삼거2교 인근),4219010100,37.14762858515151,128.99251375242426,6,7,0,1,6,0
2017,42,강원도 태백시 황지동(황지교사거리 인근),4219010100,37.1740648969697,128.99373756606062,5,5,0,0,4,1
2017,42,강원도 속초시 조양동(오복연립 인근),4221010800,38.19198992909091,128.57902912727272,18,24,0,6,18,0
2017,42,강원도 속초시 교동(노학동사무소앞사거리 인근),4221010600,38.197375680303026,128.57613306242428,16,22,0,4,18,0
2017,42,강원도 속초시 조양동(레이크하우스 인근),4221010800,38.18960377575758,128.58888221969696,14,21,0,4,17,0
2017,42,강원도 삼척시 정상동(직행버스터미널입구 인근),4223012500,37.43943789787878,129.1685912212121,14,25,0,6,19,0
2017,42,강원도 삼척시 남양동(의료원앞사거리 인근),4223012000,37.44081605515151,129.16425993848486,10,11,0,2,9,0
2017,42,강원도 삼척시 정상동(삼척온천앞 인근),4223012500,37.44676808545454,129.1787159090909,8,19,0,0,19,0
2017,42,강원도 홍천군 홍천읍(홍천요금소 인근),4272025000,37.67564689787879,127.85516725121215,5,17,0,0,16,1
2017,42,강원도 홍천군 두촌면(철정교차로 인근),4272032000,37.8058863960606,127.99262218848484,4,8,0,3,5,0
2017,42,강원도 홍천군 두촌면(철정휴게소 인근),4272032000,37.80032757666667,127.98750356242427,4,11,1,3,7,0
2017,42,강원도 횡성군 횡성읍(에덴건강원 인근),4273025000,37.49101261575757,127.98775596909091,13,19,0,6,7,6
2017,42,강원도 횡성군 횡성읍(횡성사거리 인근),4273025000,37.488391897575745,127.98565265727272,7,10,0,1,6,3
2017,42,강원도 횡성군 둔내면(둔내2교 인근),4273033000,37.50932112787878,128.21442573242422,3,3,0,1,2,0
2017,42,강원도 영월군 영월읍(덕포사거리 인근),4275025000,37.180378458484846,128.47723118787877,9,13,0,4,4,5
2017,42,강원도 영월군 중동면(녹전삼거리 인근),4275031000,37.14304636393938,128.68115340848487,4,7,0,2,2,3
2017,42,강원도 영월군 영월읍(군청사거리 인근),4275025000,37.18090258454544,128.46255390727276,4,10,0,2,0,8
2017,42,강원도 평창군 진부면(진부 인근),4276036000,37.636676490909075,128.55815700242425,11,23,0,5,17,1
2017,42,강원도 평창군 평창읍(평창읍 인근),4276025000,37.36768961575757,128.39552406606063,5,9,0,2,7,0
2017,42,강원도 평창군 진부면(태백3 인근),4276036000,37.63870583454546,128.55994878363634,5,6,0,0,4,2
2017,42,강원도 정선군 사북읍(사북1교앞 인근),4277025600,37.226297615757574,128.81493375030303,7,11,0,2,9,0
2017,42,강원도 정선군 정선읍(정선2교사거리 인근),4277025000,37.38153577242424,128.66659837666666,5,9,0,2,7,0
2017,42,강원도 정선군 고한읍(고함교차로 인근),4277025300,37.209459692727265,128.8425011090909,4,6,0,5,1,0
2017,42,강원도 철원군 갈말읍(대명 인근),4278025600,38.15807133575758,127.30971684606061,5,9,0,6,3,0
2017,42,강원도 철원군 갈말읍(문혜교차로 인근),4278025600,38.184902181212124,127.33313940727271,5,10,0,5,5,0
2017,42,강원도 철원군 김화읍(김화교동측 인근),4278025300,38.249802374545446,127.41846024242422,4,7,1,2,4,0
2017,42,강원도 양구군 양구읍(양록의얼탑 인근),4280025000,38.10840299212121,127.98955009727271,7,14,0,3,11,0
2017,42,강원도 양구군 남면(신흥철물 인근),4280031000,38.10274174030303,127.98628737666671,6,14,0,3,9,2
2017,42,강원도 인제군 북면(원동교차로 인근),4281032000,38.121353749696965,128.20892117909094,8,18,0,4,11,3
2017,42,강원도 인제군 인제읍(인제교차로 인근),4281025000,38.06496642969696,128.1752886578788,5,13,0,3,10,0
2017,42,강원도 인제군 인제읍(합강1교남측부근 인근),4281025000,38.09262166575757,128.1797702530303,3,5,0,2,3,0
2017,42,강원도 고성군 토성면(광포호앞2 인근),4282033000,38.242437492424244,128.56993340787875,4,8,0,0,8,0
2017,42,강원도 고성군 간성읍(흘리2 인근),4282025000,38.266328429090905,128.35760162727271,3,9,2,1,6,0
2017,42,강원도 고성군 토성면(천진사거리 인근),4282033000,38.26025755393939,128.55466431363635,3,5,0,1,4,0
2017,42,강원도 양양군 양양읍(월리교차로 인근),4283025000,38.069847773333336,128.62480418909092,5,8,1,1,6,0
2017,42,강원도 양양군 강현면(정암리마을입구 인근),4283035000,38.14031639636363,128.61411703242425,5,11,0,0,11,0
2017,42,강원도 양양군 강현면(도립공원삼거리 인근),4283035000,38.116131115757575,128.62979503242425,4,4,0,2,2,0
2017,43,충청북도 청주시 서원구 사창동(주성아파트9동 인근),4311210200,36.6339775790909,127.46052825363635,57,95,2,13,78,2
2017,43,충청북도 청주시 흥덕구 비하동(가로수길진재마루길 인근),4311313800,36.63167010393939,127.42748474606059,32,50,0,6,40,4
2017,43,충청북도 청주시 흥덕구 봉명동(봉명사거리 인근),4311311500,36.64305651454545,127.46248594121211,32,56,0,3,53,0
2017,43,충청북도 충주시 연수동(법원사거리 인근),4313011800,36.982343116969695,127.92831765727274,21,30,0,2,24,4
2017,43,충청북도 충주시 연수동(체육관앞사거리 인근),4313011800,36.98230970939393,127.93446946909094,19,29,0,5,19,5
2017,43,충청북도 충주시 연수동(갱고개로앞교차로 인근),4313011800,36.9844678969697,127.93952781606059,19,24,0,6,16,2
2017,43,충청북도 제천시 강제동(사천교4 인근),4315012100,37.12303499090909,128.20160403121213,23,36,0,14,20,2
2017,43,충청북도 제천시 영천동(중앙고추시장 인근),4315011000,37.13287396666667,128.2060782609091,20,28,0,5,17,6
2017,43,충청북도 제천시 영천동(역전교차로 인근),4315011000,37.130012084545456,128.20637721909088,19,29,0,5,21,3
2017,43,충청북도 보은군 보은읍(동다리사거리 인근),4372025000,36.48516871030303,127.72175050242426,8,10,0,1,7,2
2017,43,충청북도 보은군 수한면(후평사거리앞 인근),4372036000,36.4789195221212,127.70550837666663,4,5,1,1,3,0
2017,43,충청북도 보은군 보은읍(터미널삼거리 인근),4372025000,36.48308445909092,127.72263453242422,4,4,0,2,2,0
2017,43,충청북도 옥천군 옥천읍(파리바게뜨3 인근),4373025000,36.301198771515146,127.5690041572727,8,9,0,3,6,0
2017,43,충청북도 옥천군 군서면(월전교동측 인근),4373037000,36.305690385151514,127.54839051848487,6,10,0,1,7,2
2017,43,충청북도 옥천군 옥천읍(서울정형외과 인근),4373025000,36.298609615454545,127.56674040787877,5,6,0,2,4,0
2017,43,충청북도 영동군 영동읍(중앙사거리 인근),4374025000,36.17536755333333,127.77780250121214,13,17,1,5,11,0
2017,43,충청북도 영동군 영동읍(영동교앞 인근),4374025000,36.17395361515152,127.77506000121213,9,14,0,4,10,0
2017,43,충청북도 영동군 영동읍(영동역입구 인근),4374025000,36.164694145757586,127.78587871909093,6,11,0,3,7,1
2017,43,충청북도 증평군 증평읍(증평사거리 인근),4374525000,36.78522642787879,127.58271712727274,17,23,0,5,17,1
2017,43,충청북도 증평군 증평읍(초중사거리 인근),4374525000,36.78344789666666,127.57313459606063,11,25,0,13,12,0
2017,43,충청북도 증평군 증평읍(연탄사거리 인근),4374525000,36.788284860000005,127.56879409121211,10,11,0,2,8,1
2017,43,충청북도 진천군 진천읍(성산약국앞교차로 인근),4375025000,36.85481233393939,127.44458018787877,16,23,1,3,19,0
2017,43,충청북도 진천군 광혜원면(만승교사거리 인근),4375037000,36.98923808909091,127.44715441303032,9,12,0,3,9,0
2017,43,충청북도 진천군 진천읍(행정교차로 인근),4375025000,36.86137997848486,127.42969481909093,8,14,0,6,8,0
2017,43,충청북도 괴산군 괴산읍(동부2리앞 인근),4376025000,36.80940873999999,127.79641378303029,7,12,1,6,3,2
2017,43,충청북도 괴산군 괴산읍(풍년앞 인근),4376025000,36.80694770909091,127.79333368848482,5,7,0,4,3,0
2017,43,충청북도 괴산군 소수면(아성삼거리 인근),4376040000,36.83585233575758,127.7609934378788,4,5,0,0,4,1
2017,43,충청북도 음성군 금왕읍(무극교앞 인근),4377025300,36.99352324272727,127.5952994378788,12,13,0,4,8,1
2017,43,충청북도 음성군 대소면(오산교동측 인근),4377034000,36.96693073969697,127.48773475121209,7,9,0,4,5,0
2017,43,충청북도 음성군 대소면(바이더웨이1 인근),4377034000,36.96770836545455,127.48563546969694,7,10,0,0,10,0
2017,43,충청북도 단양군 단양읍(단양초교앞 인근),4380025000,36.98120718030303,128.3687924390909,6,9,0,4,5,0
2017,43,충청북도 단양군 단양읍(단양고 인근),4380025000,36.97782414606062,128.3668026890909,5,5,0,2,3,0
2017,43,충청북도 단양군 매포읍(매포리앞 인근),4380025300,37.017006677272725,128.3318041272727,4,5,1,0,4,0
2017,44,충청남도 천안시 서북구 두정동(아이빌딩 인근),4413310400,36.83290978454546,127.13573448121213,38,47,0,8,35,4
2017,44,충청남도 천안시 서북구 성정동(태광렌트카 인근),4413310200,36.819065566666666,127.13658435848485,33,40,0,9,29,2
2017,44,충청남도 천안시 서북구 쌍용동(일봉설비 인근),4413310700,36.79907396969697,127.13113550909091,30,47,0,7,39,1
2017,44,충청남도 공주시 신관동(전막사거리 인근),4415012000,36.47043680272726,127.12754546909092,9,19,1,5,11,2
2017,44,충청남도 공주시 우성면(방흥리1211 인근),4415038000,36.46222302454545,127.04732890121211,9,33,1,15,17,0
2017,44,충청남도 공주시 산성동(중동사거리 인근),4415010500,36.456612114545464,127.12476984545455,8,8,0,4,1,3
2017,44,충청남도 보령시 대천동(명문당사거리 인근),4418010100,36.35025205242424,126.59687131363634,13,13,0,8,5,0
2017,44,충청남도 보령시 동대동(신설사거리 인근),4418010400,36.35234470848485,126.60819425121213,8,17,0,6,11,0
2017,44,충청남도 보령시 동대동(동대사거리 인근),4418010400,36.348574116363636,126.60447328242422,7,9,0,5,4,0
2017,44,충청남도 아산시 온천동(역전삼거리 인근),4420010100,36.78136202393939,127.00411181242426,18,35,0,6,29,0
2017,44,충청남도 아산시 온천동(온양관광앞 인근),4420010100,36.78223352181817,127.00037021848485,15,20,0,7,13,0
2017,44,충청남도 아산시 온천동(온양카센터 인근),4420010100,36.78081194484849,127.0068313524242,13,14,0,7,5,2
2017,44,충청남도 서산시 예천동(하이마트앞교차로 인근),4421010900,36.76965334333333,126.45320904666666,15,26,0,7,18,1
2017,44,충청남도 서산시 동문동(현대해상앞교차로 인근),4421010200,36.77715376909091,126.45274657121213,15,22,0,8,14,0
2017,44,충청남도 서산시 갈산동(동문동사거리 인근),4421010300,36.78364669969698,126.45937382121211,15,19,0,6,10,3
2017,44,충청남도 논산시 내동(백제병원후문삼거리 인근),4423010900,36.19156574121214,127.09452431363634,12,18,0,8,9,1
2017,44,충청남도 논산시 취암동(논산오거리 인근),4423010500,36.20256391515153,127.08672188909094,10,15,0,3,11,1
2017,44,충청남도 논산시 연산면(연산사거리 인근),4423036000,36.21043861515152,127.21845681363635,10,21,0,8,13,0
2017,44,충청남도 계룡시 엄사면(엄사사거리 인근),4425031500,36.288367834545454,127.24511221909087,11,16,0,2,13,1
2017,44,충청남도 계룡시 엄사면(신계룡앞 인근),4425031500,36.28219061666667,127.24230587666666,4,7,0,6,1,0
2017,44,충청남도 계룡시 엄사면(연화교차로 인근),4425031500,36.28331036636364,127.24904029787878,4,8,0,0,8,0
2017,44,충청남도 당진시 우두리(하이마트앞6 인근),4427010300,36.900371805151515,126.6326398760606,23,36,0,12,23,1
2017,44,충청남도 당진시 읍내리(읍내동45120 인근),4427010100,36.8983261621212,126.62810639363634,13,20,0,5,12,3
2017,44,충청남도 당진시 송악읍(부곡교차로 인근),4427025300,36.94528644424243,126.78347113242422,10,17,1,3,11,2
2017,44,충청남도 금산군 금산읍(현대카센터1 인근),4471025000,36.10197795848484,127.49595996909088,7,11,0,5,6,0
2017,44,충청남도 금산군 금산읍(제1상옥교1 인근),4471025000,36.10225636454547,127.48830246848487,7,7,0,3,4,0
2017,44,충청남도 금산군 금산읍(금산읍앞 인근),4471025000,36.10716627181819,127.48974837606059,6,9,1,3,5,0
2017,44,충청남도 부여군 부여읍(군청사거리5 인근),4476025000,36.27612070969697,126.91090659363635,6,9,0,2,7,0
2017,44,충청남도 부여군 홍산면(홍산버스공용정류장 인근),4476036000,36.21558517727272,126.76005106242422,4,4,0,1,3,0
2017,44,충청남도 부여군 부여읍(경찰서앞2 인근),4476025000,36.276029396363626,126.90330693727276,4,4,0,2,2,0
2017,44,충청남도 서천군 서천읍(오석교차로 인근),4477025300,36.088917896666665,126.68271800121211,7,15,0,2,13,0
2017,44,충청남도 서천군 서천읍(군사오거리 인근),4477025300,36.07424498939393,126.69923471787881,6,12,0,1,10,1
2017,44,충청남도 서천군 마서면(금강로 인근),4477031000,36.028890396363636,126.71034993909088,5,9,0,2,6,1
2017,44,충청남도 청양군 청양읍(학당사거리 인근),4479025000,36.46124528333334,126.79769694606057,5,10,0,4,6,0
2017,44,충청남도 청양군 정산면(서정리사거리 인근),4479033000,36.411153740909086,126.95123156242423,4,11,0,0,11,0
2017,44,충청남도 청양군 대치면(주정교차로 인근),4479032000,36.45200924666666,126.81974067787878,4,10,0,3,7,0
2017,44,충청남도 홍성군 홍성읍(덕산통사거리 인근),4480025000,36.60489142787879,126.66232943787878,10,15,1,1,13,0
2017,44,충청남도 홍성군 홍성읍(오관사거리 인근),4480025000,36.59969892787878,126.66568493909088,6,8,0,3,5,0
2017,44,충청남도 홍성군 홍성읍(장군상오거리 인근),4480025000,36.60062117666666,126.67100443727274,6,9,0,5,4,0
2017,44,충청남도 예산군 봉산면(읍내삼거리 인근),4481037000,36.70413167727272,126.66901971848482,6,6,0,5,1,0
2017,44,충청남도 예산군 오가면(예산운전면허시험장앞 인근),4481040000,36.675287333939394,126.78634188848484,5,15,1,3,11,0
2017,44,충청남도 예산군 오가면(오가사거리 인근),4481040000,36.684899396060594,126.80735415727274,5,7,1,1,4,1
2017,44,충청남도 태안군 태안읍(현대오일뱅크앞 인근),4482525000,36.75315914909091,126.2987652512121,9,9,0,2,6,1
2017,44,충청남도 태안군 태안읍(성심빌딩 인근),4482525000,36.751387616969694,126.30229296909089,8,10,0,4,6,0
2017,44,충청남도 태안군 태안읍(남면사거리 인근),4482525000,36.75249508393938,126.2936825630303,7,17,0,2,15,0
2017,45,전라북도 전주시 덕진구 덕진동1가(원조닭집 인근),4511310500,35.84428267666667,127.12479290727272,28,34,1,3,28,2
2017,45,전라북도 전주시 완산구 효자동2가(선너머네거리 인근),4511114100,35.81206589636364,127.12316737606064,25,43,0,7,36,0
2017,45,전라북도 전주시 덕진구 금암동(영진빌딩 인근),4511310700,35.83545558454546,127.13509393787876,24,40,0,6,33,1
2017,45,전라북도 군산시 장재동(팔마고가교 인근),4513012800,35.97936092848485,126.72029421969695,18,20,0,4,15,1
2017,45,전라북도 군산시 나운동(동아26센터빌딩앞 인근),4513014400,35.96368536575757,126.69368831363637,17,22,0,3,19,0
2017,45,전라북도 군산시 산북동(동아아파트삼 인근),4513015100,35.96966598909091,126.68493556242424,16,28,0,3,24,1
2017,45,전라북도 익산시 부송동(전자랜드21 인근),4514013400,35.9593349251515,126.98161135606058,27,40,0,5,35,0
2017,45,전라북도 익산시 영등동(동부시장오거리 인근),4514012200,35.94586699030302,126.9662827512121,16,20,1,5,14,0
2017,45,전라북도 익산시 영등동(영등주차빌딩 인근),4514012200,35.95923821121212,126.97733823909091,16,16,0,7,9,0
2017,45,전라북도 정읍시 시기동(정동교남측 인근),4518010400,35.556565081818185,126.8655715630303,13,22,0,5,17,0
2017,45,전라북도 정읍시 상동(동초등교교차로 인근),4518010300,35.5662815230303,126.86202375090913,13,26,0,3,23,0
2017,45,전라북도 정읍시 수성동(제일고1 인근),4518010100,35.57049264606061,126.85264515787877,12,21,0,2,19,0
2017,45,전라북도 남원시 왕정동(남원교육청 인근),4519010800,35.406665053333334,127.37361675121211,9,11,0,3,8,0
2017,45,전라북도 남원시 노암동(남원시국악연수원 인근),4519012100,35.39931126848485,127.37928253363638,6,6,0,1,5,0
2017,45,전라북도 남원시 천거동(천거삼거리 인근),4519010500,35.40096291757576,127.37706740242425,6,10,0,2,8,0
2017,45,전라북도 김제시 검산동(안전연립 인근),4521010400,35.80388573969696,126.89702284363636,13,23,1,4,18,0
2017,45,전라북도 김제시 요촌동(포유 인근),4521010100,35.79980917696971,126.8879428136364,9,12,0,3,9,0
2017,45,전라북도 김제시 서암동(시청사거리 인근),4521010700,35.80540452121212,126.88334831242423,9,9,1,4,4,0
2017,45,전라북도 완주군 삼례읍(삼례사거리 인근),4571025000,35.910533084545456,127.0726385336364,5,6,0,2,4,0
2017,45,전라북도 완주군 소양면(명덕교차로 인근),4571034000,35.85448117787878,127.2092678448485,3,7,1,1,5,0
2017,45,전라북도 완주군 용진읍(용진삼거리 인근),4571025600,35.879124990909084,127.15618718787881,3,4,0,2,2,0
2017,45,전라북도 무주군 무주읍(무주앞2 인근),4573025000,35.9743172090909,127.65205203181816,8,17,1,6,10,0
2017,45,전라북도 무주군 무주읍(무주대교앞 인근),4573025000,36.00602292666665,127.66759637606063,4,9,0,2,6,1
2017,45,전라북도 무주군 설천면(설천중 인근),4573032000,36.009332584545454,127.78723359363636,3,3,0,3,0,0
2017,45,전라북도 임실군 관촌면(방현교북측 인근),4575038000,35.68464480333333,127.27904805181821,3,4,1,1,2,0
2017,45,전라북도 순창군 순창읍(경천교앞2 인근),4577025000,35.370523052727265,127.14081397121211,3,3,0,0,3,0
2017,45,전라북도 고창군 고수면(남고창IC교차로 인근),4579031000,35.40420425242424,126.6752582918182,4,8,0,1,7,0
2017,45,전라북도 고창군 고창읍(노동양수장 인근),4579025000,35.435367709393944,126.69248015727275,3,6,1,3,2,0
2017,45,전라북도 고창군 부안면(상등교차로 인근),4579043000,35.51095004454544,126.6718399590909,3,5,1,3,1,0
2017,45,전라북도 부안군 부안읍(백산사거리 인근),4580025000,35.727177333939395,126.73965375121213,10,24,0,7,17,0
2017,45,전라북도 부안군 부안읍(아담사거리 인근),4580025000,35.726444991515145,126.73221622121216,8,9,1,3,5,0
2017,45,전라북도 부안군 부안읍(부안초교 인근),4580025000,35.72909770727272,126.72989928121211,6,10,0,2,8,0
2017,46,전라남도 목포시 상동(늘좋은길백년로 인근),4611015800,34.80376512848485,126.42037017242426,30,48,0,8,40,0
2017,46,전라남도 목포시 옥암동(행복한길양을로 인근),4611016400,34.81074809333334,126.42377268666664,30,52,0,3,47,2
2017,46,전라남도 목포시 상동(늘기쁜길비파나무1길 인근),4611015800,34.80618235272728,126.42375754121211,29,38,1,4,33,0
2017,46,전라남도 여수시 신기동(부영3단지사거리 인근),4613013300,34.75937498848485,127.66767312666668,31,40,0,3,36,1
2017,46,전라남도 여수시 충무동(교동사거리 인근),4613011000,34.74027573969698,127.7314541260606,24,27,2,6,19,0
2017,46,전라남도 여수시 문수동(여서동사거리 인근),4613012000,34.75285842636363,127.70451837606059,20,23,0,6,16,1
2017,46,전라남도 순천시 조례동(연향중앙상가길앞교차로 인근),4615013300,34.95317711787879,127.51905281303031,34,44,0,6,34,4
2017,46,전라남도 순천시 조례동(OUTBACK앞 인근),4615013300,34.95803598909091,127.52127765848485,23,36,0,6,29,1
2017,46,전라남도 순천시 조례동(용연로앞 인근),4615013300,34.95456927060607,127.52575040848484,23,43,0,7,35,1
2017,46,전라남도 나주시 이창동(영산포초교 인근),4617012800,34.99469808272727,126.7137943460606,14,25,0,4,21,0
2017,46,전라남도 나주시 삼도동(한국전앞 인근),4617012200,35.03570586454544,126.72334996909089,12,16,2,4,10,0
2017,46,전라남도 나주시 성북동(성북주공아파트전앞 인근),4617011400,35.03587770969697,126.7186975324242,10,19,0,2,16,1
2017,46,전라남도 광양시 광양읍(광주은행1 인근),4623025000,34.97475708454545,127.58852856363639,17,28,0,5,22,1
2017,46,전라남도 광양시 광양읍(광양역입구 인근),4623025000,34.96993433272728,127.58960100121212,13,19,0,0,17,2
2017,46,전라남도 광양시 중동(광양시전앞 인근),4623010600,34.93849917666666,127.69508425121212,11,25,0,0,25,0
2017,46,전라남도 담양군 담양읍(담양공고교차로전앞 인근),4671025000,35.300490178484864,126.98057953242427,11,27,0,1,26,0
2017,46,전라남도 담양군 고서면(고서교차로 인근),4671032000,35.22249664727272,126.97402387606058,7,10,1,1,8,0
2017,46,전라남도 담양군 담양읍(양각사거리 인근),4671025000,35.318493740303026,126.97228518787878,6,16,0,1,15,0
2017,46,전라남도 곡성군 곡성읍(제1읍내교 인근),4672025000,35.28144819909092,127.30114839727274,6,9,0,1,8,0
2017,46,전라남도 곡성군 곡성읍(터미널사거리 인근),4672025000,35.27831942636363,127.29397565727272,5,7,2,0,5,0
2017,46,전라남도 곡성군 옥과면(옥과면전앞 인근),4672037000,35.276153614545464,127.1354764690909,4,4,0,2,2,0
2017,46,전라남도 구례군 구례읍(돌틈삼거리 인근),4673025000,35.2161621139394,127.46456253181819,6,10,0,4,5,1
2017,46,전라남도 구례군 구례읍(학사건강원 인근),4673025000,35.20476661515151,127.46651893909095,5,12,0,1,10,1
2017,46,전라남도 구례군 구례읍(백연교 인근),4673025000,35.21265166454546,127.46468749909091,5,6,0,4,2,0
2017,46,전라남도 고흥군 도양읍(수협공판장전앞 인근),4677025300,34.52729333363635,127.1347900012121,8,11,0,4,7,0
2017,46,전라남도 고흥군 고흥읍(고인돌분식 인근),4677025000,34.609860739090905,127.28760707606064,7,7,0,1,6,0
2017,46,전라남도 고흥군 도양읍(소방서사거리 인근),4677025300,34.52597815636363,127.14086272909093,7,12,0,3,9,0
2017,46,전라남도 보성군 벌교읍(역전삼거리 인근),4678025300,34.84262136454545,127.34500893848488,7,7,0,3,3,1
2017,46,전라남도 보성군 보성읍(보성경찰서전앞 인근),4678025000,34.76925308333333,127.0822701572727,5,5,0,1,3,1
2017,46,전라남도 보성군 보성읍(동윤삼거리전앞 인근),4678025000,34.76766508333333,127.08532459363637,4,4,1,2,1,0
2017,46,전라남도 화순군 화순읍(중앙전앞 인근),4679025000,35.05870308333335,126.98166515727272,7,16,0,3,13,0
2017,46,전라남도 화순군 화순읍(화순고전앞 인근),4679025000,35.05574355272727,126.98363753121212,6,6,0,1,5,0
2017,46,전라남도 화순군 화순읍(새마을창고10 인근),4679025000,35.053728354545456,126.91085465606058,4,11,0,0,6,5
2017,46,전라남도 장흥군 장흥읍(군민회관오거리 인근),4680025000,34.67624989272726,126.9093925012121,12,19,1,3,14,1
2017,46,전라남도 장흥군 장흥읍(장흥교사거리전앞 인근),4680025000,34.68020126969698,126.9050745312121,9,11,0,2,9,0
2017,46,전라남도 장흥군 장흥읍(향양교차로전앞1 인근),4680025000,34.678052332727276,126.92590056363638,8,16,0,3,13,0
2017,46,전라남도 강진군 마량면(마량면전앞1 인근),4681040000,34.449679896363634,126.81870984545458,6,9,0,2,7,0
2017,46,전라남도 강진군 병영면(하고교 인근),4681038000,34.72023876969697,126.81286593787877,6,14,0,5,8,1
2017,46,전라남도 강진군 성전면(월평교차로4 인근),4681036000,34.701314519393954,126.70835287666667,5,15,0,3,12,0
2017,46,전라남도 해남군 옥천면(해남터미널전앞 인근),4682037000,34.570952145151516,126.60718931242423,10,14,0,3,11,0
2017,46,전라남도 해남군 해남읍(농협농산물집하장전앞1 인근),4682025000,34.56010366848485,126.58724724727273,8,18,0,1,17,0
2017,46,전라남도 해남군 해남읍(평남교차로 인근),4682025000,34.565224113333336,126.60202528181821,7,12,0,1,10,1
2017,46,전라남도 영암군 삼호읍(해양전앞1 인근),4683025300,34.73623186575758,126.51187631363636,7,27,0,4,23,0
2017,46,전라남도 영암군 삼호읍(박물관삼거리 인근),4683025300,34.77393508454546,126.45878553242423,7,12,0,2,10,0
2017,46,전라남도 영암군 삼호읍(나불1삼거리 인근),4683025300,34.77985427090909,126.45208996909089,5,10,0,2,7,1
2017,46,전라남도 무안군 일로읍(대한통운택배 인근),4684025300,34.84879295787879,126.49509340727273,8,13,0,4,9,0
2017,46,전라남도 무안군 현경면(북무안IC 인근),4684034000,35.013059476363644,126.43318767121215,8,35,0,17,18,0
2017,46,전라남도 무안군 일로읍(어린이보호구역 인근),4684025300,34.84923297030303,126.49290296787879,4,7,0,1,5,1
2017,46,전라남도 함평군 학교면(이주오토바이앞 인근),4686033000,35.02152039666666,126.53434965727273,5,8,0,1,5,2
2017,46,전라남도 함평군 함평읍(기각사거리전앞 인근),4686025000,35.0663962390909,126.52552678242424,5,5,0,2,2,1
2017,46,전라남도 함평군 함평읍(함평교전앞 인근),4686025000,35.05959613333332,126.52606257727271,4,7,0,1,5,1
2017,46,전라남도 영광군 영광읍(터미널사거리 인근),4687025000,35.27608414636364,126.50112662666669,12,19,0,7,12,0
2017,46,전라남도 영광군 법성면(속성변경점 인근),4687037000,35.35582311484848,126.45163197606058,7,10,0,4,6,0
2017,46,전라남도 영광군 영광읍(열림어린이집앞 인근),4687025000,35.27647023909092,126.50698021909088,6,7,0,2,5,0
2017,46,전라남도 장성군 장성읍(수미약국앞 인근),4688025000,35.30088105121212,126.78293053242423,8,9,0,0,9,0
2017,46,전라남도 장성군 장성읍(오일뱅크앞 인근),4688025000,35.287458553939395,126.78692009424245,6,9,0,1,8,0
2017,46,전라남도 장성군 남면(남면삼거리 인근),4688032000,35.24851536515151,126.8136043760606,5,7,0,2,3,2
2017,46,전라남도 완도군 완도읍(동화전앞1 인근),4689025000,34.318845020909095,126.7469320960606,10,10,0,3,7,0
2017,46,전라남도 완도군 완도읍(은성오피스텔앞1 인근),4689025000,34.31413123727273,126.75705106242425,6,14,0,1,13,0
2017,46,전라남도 완도군 완도읍(노두리전앞 인근),4689025000,34.31619473787879,126.75002000121212,3,6,0,0,6,0
2017,46,전라남도 진도군 진도읍(SK텔레콤4 인근),4690025000,34.48102618272728,126.26373487848485,5,5,0,2,2,1
2017,46,전라남도 진도군 진도읍(남동교차로 인근),4690025000,34.47810005696971,126.26387198363638,3,5,0,1,4,0
2017,46,전라남도 진도군 지산면(인지리2 인근),4690035000,34.42097767393939,126.17531701727269,3,3,0,2,1,0
2017,47,경상북도 포항시 북구 죽도동(5호광장 인근),4711311600,36.02026717393939,129.35606121666663,30,35,0,13,22,0
2017,47,경상북도 포항시 북구 죽도동(포항동물병원앞교차로 인근),4711311600,36.035248780606054,129.36215010121214,24,38,1,4,33,0
2017,47,경상북도 포항시 남구 상도동(포항시외버스터미널동측교차로 인근),4711110100,36.01266941848485,129.35005285727277,23,36,0,6,28,2
2017,47,경상북도 경주시 황오동(경주역삼거리 인근),4713010500,35.84438898848485,129.2173618460606,26,37,0,14,22,1
2017,47,경상북도 경주시 성건동(중앙시장네거리 인근),4713010800,35.844689990303046,129.20705384606063,22,30,0,9,20,1
2017,47,경상북도 경주시 황오동(태종로앞교차로 인근),4713010500,35.84179598787878,129.21691784666672,20,31,0,8,22,1
2017,47,경상북도 김천시 신음동(직지교앞2 인근),4715010800,36.12866545909092,128.11822893848483,19,34,0,6,28,0
2017,47,경상북도 김천시 신음동(E마트2 인근),4715010800,36.13435389787878,128.11760453363638,14,21,0,6,15,0
2017,47,경상북도 김천시 삼락동(용암사거리 인근),4715011000,36.11961623848486,128.12743300242423,12,16,0,7,9,0
2017,47,경상북도 안동시 옥동(옥동사거리 인근),4717013300,36.56336658454545,128.70273800121208,27,38,1,3,33,1
2017,47,경상북도 안동시 평화동(태화오거리 인근),4717012700,36.56609467636363,128.71151784606064,18,24,1,4,19,0
2017,47,경상북도 안동시 금곡동(서부초교 인근),4717012600,36.5666930221212,128.72070725121213,16,23,0,3,19,1
2017,47,경상북도 구미시 진평동(인동네거리 인근),4719012300,36.10594727212122,128.41967085727276,28,45,0,0,40,5
2017,47,경상북도 구미시 진평동(바다축제 인근),4719012300,36.09633144848485,128.4292711712121,27,36,0,7,26,3
2017,47,경상북도 구미시 진평동(도미노피자1 인근),4719012300,36.10818874090908,128.41756200181817,21,42,0,7,35,0
2017,47,경상북도 영주시 하망동(로얄맨션 인근),4721010300,36.82492258515151,128.62988700242423,12,14,0,1,12,1
2017,47,경상북도 영주시 가흥동(하나로 인근),4721010500,36.81802724,128.62116150242423,11,15,1,1,12,1
2017,47,경상북도 영주시 영주동(영주터미널 인근),4721010100,36.82699324090909,128.61849784606062,11,19,1,6,12,0
2017,47,경상북도 영천시 완산동(금노사거리 인근),4723011300,35.960469490303026,128.93279306242425,14,24,0,5,19,0
2017,47,경상북도 영천시 금호읍(새마을금고앞교차로 인근),4723025000,35.9313593678788,128.8728417572727,10,17,0,1,16,0
2017,47,경상북도 영천시 완산동(완산오거리 인근),4723011300,35.96328946030303,128.9340873760606,9,12,1,3,8,0
2017,47,경상북도 상주시 낙양동(낙양사거리 인근),4725011000,36.415844425757584,128.1512098466667,11,14,0,3,10,1
2017,47,경상북도 상주시 서문동(중앙사거리 인근),4725010800,36.41566699151516,128.15936593848483,10,13,0,4,9,0
2017,47,경상북도 상주시 무양동(상주터미널 인근),4725010900,36.41837033515151,128.15108759666668,8,13,1,5,6,1
2017,47,경상북도 문경시 모전동(모전오거리 인근),4728011000,36.58668366060606,128.19196203242424,23,38,0,11,25,2
2017,47,경상북도 문경시 농암면(농암사거리 인근),4728037000,36.59515867848484,128.00426318848486,4,5,0,1,3,1
2017,47,경상북도 문경시 영신동(영순교남측 인근),4728010200,36.590498115757576,128.2130526266667,3,6,0,1,5,0
2017,47,경상북도 경산시 조영동(씨스페이스1 인근),4729011800,35.83655695909091,128.75343150121216,21,23,0,4,18,1
2017,47,경상북도 경산시 계양동(영대오거리 인근),4729011600,35.83412108454546,128.7475558160606,18,29,0,5,21,3
2017,47,경상북도 경산시 압량면(명성약국1 인근),4729036000,35.8394944890909,128.75740475242424,17,22,0,8,13,1
2017,47,경상북도 군위군 산성면(부계삼거리 인근),4772036000,36.09832324151516,128.66533512727273,4,6,1,0,5,0
2017,47,경상북도 군위군 군위읍(사직교앞 인근),4772025000,36.23174277242425,128.56368422181816,3,4,0,1,3,0
2017,47,경상북도 의성군 비안면(용남교차로 인근),4773039000,36.351436080606064,128.46688398727272,13,36,0,16,20,0
2017,47,경상북도 의성군 의성읍(북원사거리 인근),4773025000,36.3563929278788,128.69414615848484,7,8,1,2,5,0
2017,47,경상북도 의성군 의성읍(철파사거리 인근),4773025000,36.359594429090905,128.68554412727272,7,17,0,4,13,0
2017,47,경상북도 청송군 현서면(덕계삼거리 인근),4775034000,36.29067611545455,128.90567484424244,3,4,0,3,1,0
2017,47,경상북도 영양군 영양읍(영양군법원앞 인근),4776025000,36.662743617272724,129.1131803460606,10,11,1,4,6,0
2017,47,경상북도 영양군 영양읍(농협사거리 인근),4776025000,36.66578002151516,129.11435078363638,5,11,0,3,8,0
2017,47,경상북도 영양군 영양읍(영양농협농용자재백화점 인근),4776025000,36.66236024121212,129.12218347121208,4,4,0,2,2,0
2017,47,경상북도 영덕군 강구면(강구초교2 인근),4777031000,36.35752424090909,129.38040587727272,14,22,1,1,19,1
2017,47,경상북도 영덕군 영해면(영해농협 인근),4777036000,36.53902724121213,129.40661506363637,6,9,0,1,8,0
2017,47,경상북도 영덕군 강구면(해양대게타운 인근),4777031000,36.35868514575757,129.38479950121211,5,9,0,3,5,1
2017,47,경상북도 청도군 청도읍(모강교차로 인근),4782025300,35.650377406969696,128.75067824363634,7,13,0,7,6,0
2017,47,경상북도 청도군 청도읍(청도시외터미널앞 인근),4782025300,35.64233577272727,128.74466818787874,6,7,0,2,5,0
2017,47,경상북도 청도군 화양읍(운동장앞사거리 인근),4782025000,35.65130120272727,128.72042710787878,6,7,1,0,6,0
2017,47,경상북도 고령군 쌍림면(고령IC입구 인근),4783037000,35.69539433393939,128.2551000960606,5,8,0,2,6,0
2017,47,경상북도 고령군 대가야읍(고령광장 인근),4783025300,35.72935208454545,128.27141453242422,5,6,0,3,3,0
2017,47,경상북도 고령군 대가야읍(내곡리 인근),4783025300,35.72521561606061,128.267436969697,4,4,0,0,4,0
2017,47,경상북도 성주군 성주읍(중부 인근),4784025000,35.91787480272728,128.29204671969694,8,10,0,4,6,0
2017,47,경상북도 성주군 성주읍(경산네거리3 인근),4784025000,35.91819211454544,128.2867565960606,6,6,0,1,4,1
2017,47,경상북도 성주군 성주읍(경산교삼거리 인근),4784025000,35.9177428639394,128.27828950242423,5,6,0,2,4,0
2017,47,경상북도 칠곡군 석적읍(구미3공단부영 인근),4785025600,36.08036180242425,128.41065040848483,18,30,0,5,20,5
2017,47,경상북도 칠곡군 왜관읍(로얄사거리 인근),4785025000,35.98735491787879,128.3993148884848,13,16,0,3,11,2
2017,47,경상북도 칠곡군 왜관읍(왜관시외터미널 인근),4785025000,35.99619814636365,128.39910909727277,13,18,0,7,10,1
2017,47,경상북도 예천군 예천읍(남본삼거리 인근),4790025000,36.65069505333334,128.4568454378788,5,8,1,4,3,0
2017,47,경상북도 예천군 예천읍(KTF1 인근),4790025000,36.65518370909092,128.45579790787878,5,6,0,4,2,0
2017,47,경상북도 예천군 예천읍(동본사거리 인근),4790025000,36.65742089515151,128.4649748160606,4,5,0,4,1,0
2017,47,경상북도 봉화군 봉화읍(삼성화재해상보험1 인근),4792025000,36.89033449272727,128.74052553242424,4,6,0,1,5,0
2017,47,경상북도 봉화군 봉화읍(유곡삼거리 인근),4792025000,36.90723523999999,128.77277309545454,3,6,0,3,3,0
2017,47,경상북도 울진군 북면(부구삼거리 인근),4793031000,37.101097646666666,129.372515969697,5,5,0,2,2,1
2017,47,경상북도 울진군 근남면(노음교차로 인근),4793033000,36.9501050530303,129.3915446890909,3,3,0,2,1,0
2017,47,경상북도 울진군 북면(한수원울진원자력본부 인근),4793031000,37.098826773333336,129.37255337545457,3,3,0,1,1,1
2017,48,경상남도 창원시 의창구 봉곡동(창원천3호교 인근),4812112700,35.24164480060607,128.65181897121212,25,36,0,6,29,1
2017,48,경상남도 창원시 마산합포구 해운동(경민파라다이빌딩앞교차로 인근),4812515800,35.18038286666667,128.55989831242425,25,28,0,13,14,1
2017,48,경상남도 창원시 의창구 소답동(39사사거리 인근),4812110400,35.261179377272725,128.6275156090909,22,32,0,6,25,1
2017,48,경상남도 진주시 장대동(구부산교통사거리 인근),4817011700,35.19416977272728,128.08824508787876,15,19,2,7,10,0
2017,48,경상남도 진주시 중안동(중앙광장사거리 인근),4817011100,35.1930449278788,128.08443125121215,11,20,0,11,9,0
2017,48,경상남도 진주시 가좌동(정촌오거리개양오거리 인근),4817013100,35.15911423848485,128.1077257836364,10,16,0,9,7,0
2017,48,경상남도 통영시 항남동(유명한약국 인근),4822010400,34.84192436454545,128.41919081363636,26,37,0,13,21,3
2017,48,경상남도 통영시 중앙동(GS254 인근),4822010500,34.843166801818185,128.42274565787875,24,26,0,8,14,4
2017,48,경상남도 통영시 태평동(대건약국1 인근),4822010700,34.84619901969697,128.42395550121216,19,24,1,7,14,2
2017,48,경상남도 사천시 벌리동(버스터미널사거리 인근),4824010800,34.93870080060606,128.0797304072727,14,22,0,5,14,3
2017,48,경상남도 사천시 선구동(중앙시장사거리 인근),4824010300,34.92910264636363,128.07440637606064,13,20,0,4,13,3
2017,48,경상남도 사천시 정동면(사천법원앞 인근),4824031000,34.93175877181819,128.07704515909091,13,17,1,3,10,3
2017,48,경상남도 김해시 외동(부산은행앞교차로 인근),4825010900,35.23222114969697,128.8652988712121,23,28,0,9,18,1
2017,48,경상남도 김해시 부원동(밀양돼지국밥앞사거리 인근),4825010300,35.228032321515144,128.88396308242426,21,25,0,13,12,0
2017,48,경상남도 김해시 삼방동(다솜조명백화점앞교차로 인근),4825011900,35.242494813030305,128.90403390545455,21,38,1,7,22,8
2017,48,경상남도 밀양시 삼문동(GS255 인근),4827010400,35.48559273848484,128.7569453160606,12,12,0,9,3,0
2017,48,경상남도 밀양시 내이동(시청서문사거리 인근),4827010200,35.50223036575758,128.7455037824242,8,12,0,6,5,1
2017,48,경상남도 밀양시 삼문동(삼문동사무소앞 인근),4827010400,35.48316045848484,128.7526134690909,7,9,0,5,4,0
2017,48,경상남도 거제시 고현동(흥국생명 인근),4831010900,34.889971856060605,128.62403181363638,31,45,0,12,32,1
2017,48,경상남도 거제시 고현동(파출소앞 인근),4831010900,34.88722571848485,128.62455632242424,27,33,0,11,20,2
2017,48,경상남도 거제시 고현동(고현앞 인근),4831010900,34.892676426363636,128.62924747121215,21,33,0,12,21,0
2017,48,경상남도 양산시 신기동(북부시장 인근),4833010600,35.35109827909091,129.04106103363634,16,28,0,5,21,2
2017,48,경상남도 양산시 덕계동(평산사거리 인근),4833012000,35.380892708484836,129.15499203242427,13,25,1,7,13,4
2017,48,경상남도 양산시 삼호동(농협파머스마켓앞 인근),4833011400,35.41081817727272,129.16523968909087,13,17,1,3,11,2
2017,48,경상남도 의령군 의령읍(의병사거리 인근),4872025000,35.31694664666667,128.2621693466667,9,10,0,6,4,0
2017,48,경상남도 의령군 유곡면(아산삼거리 인근),4872042000,35.42979548969696,128.34130668848488,3,8,0,4,3,1
2017,48,경상남도 의령군 봉수면(서득교삼거리 인근),4872040000,35.46423851909091,128.31279522121213,3,8,0,4,4,0
2017,48,경상남도 함안군 가야읍(가야사거리 인근),4873025000,35.2773132078788,128.40465012727273,7,7,0,2,5,0
2017,48,경상남도 함안군 가야읍(성주교1 인근),4873025000,35.280292582121206,128.40320597121215,7,7,0,2,5,0
2017,48,경상남도 함안군 가야읍(함안IC삼거리 인근),4873025000,35.29191590272727,128.39733843363638,7,12,0,5,7,0
2017,48,경상남도 창녕군 창녕읍(한성 인근),4874025000,35.54279536666667,128.4923471890909,12,15,0,6,7,2
2017,48,경상남도 창녕군 창녕읍(오리정사거리 인근),4874025000,35.542793615757574,128.48952937666664,8,11,0,4,7,0
2017,48,경상남도 창녕군 부곡면(한진주유소1 인근),4874042000,35.42588395939394,128.6483340660606,7,18,0,2,16,0
2017,48,경상남도 고성군 고성읍(강병원1 인근),4882025000,34.973938363939396,128.32540584606062,10,16,0,12,4,0
2017,48,경상남도 고성군 고성읍(파머스마트 인근),4882025000,34.978073303333325,128.32638197121213,8,9,0,3,6,0
2017,48,경상남도 고성군 회화면(가나컴퓨터세탁소 인근),4882040000,35.05664808272727,128.36854703242423,7,8,0,3,5,0
2017,48,경상남도 남해군 남해읍(남해2 인근),4884025000,34.838146426666675,127.89411762606059,11,12,0,9,3,0
2017,48,경상남도 남해군 이동면(봉곡리앞 인근),4884031000,34.78162626969697,127.96148534545456,4,12,0,5,7,0
2017,48,경상남도 남해군 남해읍(주원프라자앞 인근),4884025000,34.84206155030303,127.89393159545453,4,4,0,4,0,0
2017,48,경상남도 하동군 하동읍(섬진1 인근),4885025000,35.07066345909092,127.75213815787879,8,9,0,6,3,0
2017,48,경상남도 하동군 진교면(섬마을해물칼국수 인근),4885037000,35.02635683454545,127.90392531424244,4,6,0,0,6,0
2017,48,경상남도 하동군 금성면(한국남부발전사원 인근),4885042000,34.97917602242424,127.79500978303032,3,3,0,1,2,0
2017,48,경상남도 산청군 산청읍(산청교차로 인근),4886025000,35.42008111454545,127.87979965787878,6,8,0,4,4,0
2017,48,경상남도 산청군 신안면(원지삼거리 인근),4886038000,35.303435646060606,127.97245137727273,4,5,0,1,3,1
2017,48,경상남도 산청군 산청읍(산청법원 인근),4886025000,35.41671729848484,127.87737347121214,4,4,0,2,2,0
2017,48,경상남도 함양군 함양읍(동문사거리 인근),4887025000,35.520499959090905,127.72762946909091,13,16,0,4,10,2
2017,48,경상남도 함양군 함양읍(인당사거리 인근),4887025000,35.51461320848485,127.72920962787882,6,7,0,4,2,1
2017,48,경상남도 함양군 함양읍(함양3교 인근),4887025000,35.51928767787879,127.72269450121213,6,13,0,1,9,3
2017,48,경상남도 거창군 거창읍(김천리47286 인근),4888025000,35.68333791848485,127.9118208872727,10,12,0,4,7,1
2017,48,경상남도 거창군 거창읍(중동 인근),4888025000,35.68155158454545,127.91699047121212,9,17,0,9,8,0
2017,48,경상남도 거창군 거창읍(중앙교 인근),4888025000,35.68516183727274,127.91711650727272,9,10,0,4,4,2
2017,48,경상남도 합천군 합천읍(충효로1 인근),4889025000,35.56710655272726,128.1611663136364,12,14,0,5,8,1
2017,48,경상남도 합천군 합천읍(합천우체국 인근),4889025000,35.566953429090916,128.1585741890909,5,5,0,1,3,1
2017,48,경상남도 합천군 야로면(교통교차로 인근),4889034000,35.56762354787879,128.1703416490909,5,8,1,2,5,0
2017,50,제주특별자치도 제주시 이도이동(제주시청서측 인근),5011010400,33.49950879909092,126.5299712512121,32,35,0,6,29,0
2017,50,제주특별자치도 제주시 노형동(노형우체국남측 인근),5011012200,33.48672748787879,126.47865118787878,27,37,1,7,27,2
2017,50,제주특별자치도 제주시 이도이동(광양사거리 인근),5011010400,33.50073042454545,126.52914759363637,23,28,0,7,18,3
2017,50,제주특별자치도 서귀포시 서홍동(중앙로타리 인근),5013010600,33.25320031515151,126.56108950727274,25,33,0,11,17,5
2017,50,제주특별자치도 서귀포시 서귀동(김약국 인근),5013010100,33.24760700606061,126.56198398030301,25,37,0,9,23,5
2017,50,제주특별자치도 서귀포시 동홍동(정방수퍼 인근),5013010500,33.2486330469697,126.56780704727275,18,25,0,6,17,2
2018,11,서울특별시 종로구 종로1가(광화문일반국도48호선 인근),1111012600,37.57485820272727,126.97720977848483,41,65,0,12,47,6
2018,11,서울특별시 종로구 숭인동(동묘앞역 인근),1111017500,37.57302277333333,127.01567515909095,38,61,1,10,38,12
2018,11,서울특별시 종로구 창신동(동대문로터리흥인지문 인근),1111017400,37.57066317636364,127.00942817848485,35,50,0,9,28,13
2018,11,서울특별시 중구 명동1가(회현사거리반포로북창 인근),1114012600,37.56090971757576,126.98170945909095,52,69,0,15,47,7
2018,11,서울특별시 중구 순화동(서울프라자호텔 인근),1114016800,37.564468759696965,126.97812050121215,42,61,0,11,46,4
2018,11,서울특별시 중구 회현동1가(서울역사거리 인근),1114012100,37.55705080333333,126.97266499121214,41,60,1,6,46,7
2018,11,서울특별시 용산구 한남동(이태원소방파출소 인근),1117013100,37.534613278484855,126.99563203727273,51,66,0,13,47,6
2018,11,서울특별시 용산구 한남동(하나투어 인근),1117013100,37.53303667272726,127.00707048606061,35,47,0,9,34,4
2018,11,서울특별시 용산구 서빙고동(녹사평역 인근),1117013300,37.53413389181817,126.9879707978788,31,45,1,11,31,2
2018,11,서울특별시 성동구 성수동2가(응봉로뚝섬길사거리뚝 인근),1120011500,37.54423821333334,127.03520072363641,41,57,0,8,49,0
2018,11,서울특별시 성동구 행당동(고산자로왕십리로진입 인근),1120010700,37.56153952818182,127.03513332787878,39,50,0,11,35,4
2018,11,서울특별시 성동구 송정동(장안둑길삼거리 인근),1120011800,37.55148474545456,127.04465517363637,34,47,0,6,37,4
2018,11,서울특별시 광진구 화양동(건대입구역 인근),1121510700,37.539920522121214,127.07067331363633,41,47,0,6,41,0
2018,11,서울특별시 광진구 군자동(능동시장입구 인근),1121510900,37.556485742727276,127.07915261363638,37,54,0,12,37,5
2018,11,서울특별시 광진구 자양동(자양사거리구의로진출 인근),1121510500,37.536752746666664,127.08429601121213,30,35,0,10,24,1
2018,11,서울특별시 동대문구 전농동(우리은행청량리중앙지 인근),1123010400,37.578963421212116,127.04134610787878,45,65,1,19,39,6
2018,11,서울특별시 동대문구 장안동(우진빌딩 인근),1123010600,37.57171783666667,127.07141551303032,39,50,1,12,34,3
2018,11,서울특별시 동대문구 용두동(성심의원고산자로진출 인근),1123010200,37.57360728909091,127.03818510090908,38,48,0,17,28,3
2018,11,서울특별시 중랑구 면목동(장안교사가정길진입1 인근),1126010100,37.581308323939396,127.08041976909091,38,60,0,13,43,4
2018,11,서울특별시 중랑구 면목동(사가정역 인근),1126010100,37.58070104969698,127.08851997181817,37,48,0,8,35,5
2018,11,서울특별시 중랑구 신내동(성누가의원 인근),1126010600,37.599203190606055,127.1004388778788,36,49,0,10,29,10
2018,11,서울특별시 성북구 하월곡동(길음역 인근),1129013600,37.60297174515152,127.02488484909088,55,80,1,14,63,2
2018,11,서울특별시 성북구 하월곡동(종암사거리종암로진입 인근),1129013600,37.60385161666667,127.0321602530303,47,72,1,11,58,2
2018,11,서울특별시 성북구 동선동4가(성신여대입구역 인근),1129011900,37.5926826830303,127.01653238242424,44,63,0,9,52,2
2018,11,서울특별시 강북구 미아동(미아4동지구대 인근),1130510100,37.616452966969696,127.02991358787878,56,90,0,20,68,2
2018,11,서울특별시 강북구 수유동(주하이마트 인근),1130510300,37.63528463272727,127.02327492848488,55,109,0,18,89,2
2018,11,서울특별시 강북구 수유동(수유역 인근),1130510300,37.6379826490909,127.02565258848485,47,48,0,9,38,1
2018,11,서울특별시 도봉구 창동(도봉보건소 인근),1132010700,37.6567118330303,127.03955648909088,32,50,1,11,33,5
2018,11,서울특별시 도봉구 창동(정의여중입구 인근),1132010700,37.651364796363644,127.03637612909091,28,44,0,12,27,5
2018,11,서울특별시 도봉구 방학동(도봉로방학로진출 인근),1132010600,37.66392732151515,127.0427496112121,27,35,0,10,19,6
2018,11,서울특별시 노원구 공릉동(태릉입구역 인근),1135010300,37.617674344848474,127.07571465787879,35,55,0,4,49,2
2018,11,서울특별시 노원구 상계동(녹천교동단 인근),1135010500,37.645511946666666,127.05694480848483,35,60,0,8,45,7
2018,11,서울특별시 노원구 상계동(노원역일반국도3호선 인근),1135010500,37.65477790848485,127.06045367242427,32,49,0,9,36,4
2018,11,서울특별시 은평구 대조동(갈현동먹자골목 인근),1138010600,37.618416077272734,126.92010230363634,41,50,0,12,34,4
2018,11,서울특별시 은평구 응암동(응암오거리 인근),1138010700,37.59010632,126.91726049666666,31,40,0,9,29,2
2018,11,서울특별시 은평구 역촌동(구산역 인근),1138010800,37.61126059787879,126.91730027848489,28,41,0,13,24,4
2018,11,서울특별시 서대문구 홍은동(홍은사거리 인근),1141011800,37.59148530999999,126.94148007363636,42,63,1,16,38,8
2018,11,서울특별시 서대문구 천연동(서대문아트홀의주로진 인근),1141010600,37.56635246454546,126.96619451181816,29,36,0,5,28,3
2018,11,서울특별시 서대문구 창천동(신촌기차역신촌역길진 인근),1141011600,37.559126128484856,126.94206890727274,24,36,0,2,30,4
2018,11,서울특별시 마포구 동교동(홍대입구역 인근),1144012100,37.55521480272728,126.92159507606061,55,72,1,11,58,2
2018,11,서울특별시 마포구 망원동(합정역 인근),1144012300,37.54922931333333,126.91345680121213,42,76,0,13,60,3
2018,11,서울특별시 마포구 도화동(홀리데이인서울 인근),1144010400,37.54130446636363,126.94833905363636,38,57,0,18,38,1
2018,11,서울특별시 양천구 신월동(신월사거리 인근),1147010300,37.53589264090909,126.82838405606063,41,52,0,11,37,4
2018,11,서울특별시 양천구 목동(목동역 인근),1147010200,37.526172480303025,126.8643765778788,37,46,0,8,32,6
2018,11,서울특별시 양천구 신월동(정빌딩 인근),1147010300,37.52111699151514,126.85291717606059,33,45,0,14,29,2
2018,11,서울특별시 강서구 화곡동(우장공원입구 인근),1150010300,37.55311674272729,126.85081126787877,43,51,1,5,43,2
2018,11,서울특별시 강서구 가양동(공항대로화곡로진출2 인근),1150010400,37.55575412727273,126.85271850727273,40,88,0,18,54,16
2018,11,서울특별시 강서구 가양동(화곡사거리 인근),1150010400,37.530612767878786,126.84746376121213,39,53,0,11,36,6
2018,11,서울특별시 구로구 신도림동(신성은하수아파트 인근),1153010100,37.507851763939385,126.88652079242424,38,72,0,15,49,8
2018,11,서울특별시 구로구 구로동(녹산빌딩 인근),1153010200,37.49753763575757,126.89174356121211,33,50,0,8,40,2
2018,11,서울특별시 구로구 오류동(시티월드앞 인근),1153010800,37.49441124727273,126.84014111848487,32,44,0,6,34,4
2018,11,서울특별시 금천구 시흥동(시흥사거리 인근),1154510300,37.45476667636363,126.90057509242419,52,88,1,22,60,5
2018,11,서울특별시 금천구 가산동(모텔케슬 인근),1154510100,37.47863377393939,126.88898529787876,35,44,0,11,30,3
2018,11,서울특별시 금천구 독산동(독산사거리 인근),1154510200,37.47144175818182,126.89823265606063,33,47,0,7,39,1
2018,11,서울특별시 영등포구 영등포동3가(영등포로터리영등포로 인근),1156010400,37.51876770969698,126.91356530242425,71,106,0,16,86,4
2018,11,서울특별시 영등포구 양평동4가(소방파출소앞 인근),1156012800,37.53537482303031,126.8990071160606,55,70,0,14,49,7
2018,11,서울특별시 영등포구 여의도동(영등포역 인근),1156011000,37.51641380515151,126.90668487363638,44,64,1,10,46,7
2018,11,서울특별시 동작구 신대방동(신대방동빌딩 인근),1159010900,37.498555456666665,126.92815970121214,48,53,0,10,38,5
2018,11,서울특별시 동작구 본동(한강대교남단 인근),1159010400,37.513974927878785,126.95633888242423,36,65,0,10,47,8
2018,11,서울특별시 동작구 상도1동(노다지사철탕 인근),1159010300,37.503447972121215,126.94819769666664,36,53,0,8,37,8
2018,11,서울특별시 관악구 남현동(SK허브그린 인근),1162010300,37.48492640636364,126.92965625606062,49,61,0,8,50,3
2018,11,서울특별시 관악구 봉천동(서울대입구역 인근),1162010100,37.48126630636363,126.95277625242424,48,66,0,11,51,4
2018,11,서울특별시 관악구 봉천동(관악보훈회관 인근),1162010100,37.47834151515151,126.95853532242423,29,39,1,4,26,8
2018,11,서울특별시 서초구 염곡동(염곡사거리 인근),1165011000,37.46570191848485,127.04301759242422,72,101,0,20,76,5
2018,11,서울특별시 서초구 우면동(트럭터미널앞 인근),1165010300,37.46162631060607,127.03729836363635,45,61,0,4,56,1
2018,11,서울특별시 서초구 반포동(고속터미널호남선 인근),1165010700,37.5050053969697,127.00112721787877,39,62,0,9,48,5
2018,11,서울특별시 강남구 수서동(수서역 인근),1168011500,37.48736194454545,127.1017298378788,62,93,0,16,65,12
2018,11,서울특별시 강남구 논현동(신사역 인근),1168010800,37.516125907878795,127.01960284787879,53,73,0,9,58,6
2018,11,서울특별시 강남구 논현동(구산빌딩 인근),1168010800,37.5189188390909,127.02849999727272,47,65,1,7,48,9
2018,11,서울특별시 송파구 가락동(석촌역 인근),1171010700,37.50522148515152,127.10723789363637,51,79,0,22,47,10
2018,11,서울특별시 송파구 문정동(가락시장역 인근),1171010800,37.49258017636364,127.11881266848485,49,72,0,13,53,6
2018,11,서울특별시 송파구 송파동(잠실역 인근),1171010400,37.51328305575758,127.10023002727273,44,64,0,15,38,11
2018,11,서울특별시 강동구 성내동(길동사거리 인근),1174010800,37.53395525848485,127.13861581242429,46,82,0,15,59,8
2018,11,서울특별시 강동구 천호동(천호대로올림픽로진출 인근),1174010900,37.538531860000006,127.12403741666667,43,70,0,14,50,6
2018,11,서울특별시 강동구 천호동(현대타워 인근),1174010900,37.535500969090904,127.13366129666666,39,54,0,7,42,5
2018,26,부산광역시 중구 남포동6가(남포사거리 인근),2611014100,35.09774708424243,129.02825543848482,38,43,0,12,23,8
2018,26,부산광역시 중구 동광동3가(부산우체국사거리 인근),2611011300,35.102940395454546,129.0364430936364,31,48,0,12,34,2
2018,26,부산광역시 중구 남포동6가(자갈치교차로 인근),2611014100,35.09712151969696,129.02575278545453,26,33,0,14,19,0
2018,26,부산광역시 서구 암남동(충무교차로 인근),2614012400,35.09645376969696,129.02446943848489,34,46,1,13,27,5
2018,26,부산광역시 서구 동대신동3가(우성정형외과의원 인근),2614010300,35.112113176363636,129.0214495648485,23,37,0,11,23,3
2018,26,부산광역시 서구 서대신동2가(동대신교차로 인근),2614010500,35.110059737878785,129.0179565642424,22,31,0,6,24,1
2018,26,부산광역시 동구 범일동(국제호텔앞 인근),2617010400,35.13795511393939,129.05940043848483,39,55,0,14,35,6
2018,26,부산광역시 동구 범일동(좌천삼거리 인근),2617010400,35.13276089575756,129.05299897121213,32,57,0,13,39,5
2018,26,부산광역시 동구 초량동(대우피아노초량대리점 인근),2617010100,35.11928745787879,129.04200034666664,31,43,0,9,29,5
2018,26,부산광역시 영도구 남항동1가(대교동 인근),2620010500,35.09264708333333,129.03837328242423,19,25,0,4,17,4
2018,26,부산광역시 영도구 봉래동3가(소방서앞사거리 인근),2620011700,35.09075986454546,129.04361684727272,14,23,0,8,14,1
2018,26,부산광역시 영도구 동삼동(동삼중학교 인근),2620012100,35.075461896666674,129.06821981606063,12,19,0,7,12,0
2018,26,부산광역시 부산진구 부전동(서면교차로 인근),2623010300,35.15776923969697,129.05915165787883,60,100,0,30,61,9
2018,26,부산광역시 부산진구 부전동(천우장 인근),2623010300,35.154491801212124,129.05919618787874,56,66,0,16,43,7
2018,26,부산광역시 부산진구 범천동(광무교북측 인근),2623010400,35.1506978339394,129.05922053242423,53,94,1,25,63,5
2018,26,부산광역시 동래구 온천동(충렬교 인근),2626010800,35.204074614545455,129.07886300242424,56,93,2,22,62,7
2018,26,부산광역시 동래구 온천동(동부터미널교차로 인근),2626010800,35.21178733212121,129.07875315787877,32,43,0,12,29,2
2018,26,부산광역시 동래구 수안동(안락교차로 인근),2626010600,35.198337928484854,129.09678347242425,26,37,0,8,26,3
2018,26,부산광역시 남구 대연동(대연초등학교 인근),2629010600,35.1359199269697,129.09183984606062,25,36,0,9,25,2
2018,26,부산광역시 남구 문현동(문현교차로 인근),2629010900,35.136893018484855,129.0680820324243,22,31,0,5,19,7
2018,26,부산광역시 남구 대연동(대연전화국 인근),2629010600,35.13799111393939,129.10138272121213,22,29,0,7,22,0
2018,26,부산광역시 북구 화명동(국민은행화명역지점앞 인근),2632010200,35.234737551818185,129.01221090787882,25,34,0,5,27,2
2018,26,부산광역시 북구 덕천동(숙동교차로 인근),2632010400,35.211406987878796,129.01072943909088,24,27,0,12,14,1
2018,26,부산광역시 북구 덕천동(만덕베르빌아파트앞 인근),2632010400,35.212872614545454,129.0377034378788,22,30,0,5,24,1
2018,26,부산광역시 해운대구 우동(올림픽교차로 인근),2635010500,35.168930926969686,129.13896950121216,26,33,0,6,26,1
2018,26,부산광역시 해운대구 좌동(양운1길삼거리 인근),2635010700,35.17160858363636,129.17520618909091,21,32,0,12,19,1
2018,26,부산광역시 해운대구 반여동(선수촌교차로 인근),2635010300,35.20487092727272,129.11973928242423,18,24,1,4,17,2
2018,26,부산광역시 사하구 하단동(하단교차로 인근),2638010300,35.106146271818176,128.9684689078788,41,50,0,13,30,7
2018,26,부산광역시 사하구 괴정동(괴정교차로 인근),2638010100,35.1001355221212,128.99324000242424,25,40,0,8,31,1
2018,26,부산광역시 사하구 감천동(서천초등학교 인근),2638010800,35.08762914515152,129.00429290787875,22,27,0,5,22,0
2018,26,부산광역시 금정구 서동(부산은행동상동지점 인근),2641011000,35.214513551818186,129.1056541572727,24,26,0,11,11,4
2018,26,부산광역시 금정구 장전동(부산은행장전동지점 인근),2641010800,35.231187834545466,129.08656569121212,22,32,0,9,21,2
2018,26,부산광역시 금정구 부곡동(구서교차로 인근),2641010900,35.24618127181819,129.09290422090908,20,29,0,6,22,1
2018,26,부산광역시 강서구 신호동(삼성자동차삼거리가명 인근),2644011700,35.08902164515152,128.88201325363636,12,18,0,6,12,0
2018,26,부산광역시 강서구 명지동(명지IC 인근),2644010400,35.111257239090904,128.93190715848488,9,14,0,1,12,1
2018,26,부산광역시 강서구 녹산동(청량사거리 인근),2644011100,35.1146775490909,128.91956100121214,9,11,0,6,5,0
2018,26,부산광역시 연제구 연산동(연산교차로 인근),2647010200,35.18605883333332,129.08166468909093,67,91,0,19,72,0
2018,26,부산광역시 연제구 거제동(부산렌트카 인근),2647010100,35.18958567696969,129.07403140787878,18,21,0,7,14,0
2018,26,부산광역시 연제구 연산동(연산삼익아파트 인근),2647010200,35.19161383515152,129.08024909363633,17,29,0,3,23,3
2018,26,부산광역시 수영구 광안동(수영교차로 인근),2650010400,35.16736426969696,129.11523412787878,38,53,0,11,36,6
2018,26,부산광역시 수영구 광안동(광안사거리 인근),2650010400,35.16196098848484,129.11407818848483,26,27,0,10,13,4
2018,26,부산광역시 수영구 광안동(동방오거리 인근),2650010400,35.15871198878787,129.12101893909087,24,36,0,8,24,4
2018,26,부산광역시 사상구 괘법동(서부터미널 인근),2653010400,35.16208217606061,128.98473934606062,35,57,0,9,39,9
2018,26,부산광역시 사상구 괘법동(심이태소아과의원앞 인근),2653010400,35.167108020303026,128.9823119072727,20,27,0,6,15,6
2018,26,부산광역시 사상구 학장동(세원사거리 인근),2653010700,35.1434843339394,128.98800537787884,16,25,0,2,15,8
2018,26,부산광역시 기장군 기장읍(부산은행기장점 인근),2671025000,35.24513083454545,129.21678468909093,12,15,0,5,9,1
2018,26,부산광역시 기장군 기장읍(교리우편취급소 인근),2671025000,35.25101414575757,129.21709362666664,10,17,0,1,11,5
2018,26,부산광역시 기장군 기장읍(국민건강보험기장지사앞 인근),2671025000,35.248210394848485,129.21388465848483,8,9,0,0,9,0
2018,27,대구광역시 중구 남산동(동아진열장 인근),2711015600,35.86569912090909,128.59216720848485,34,60,0,10,40,10
2018,27,대구광역시 중구 동성로2가(동성로교회앞 인근),2711012300,35.86884221515152,128.59695541666665,33,34,0,5,17,12
2018,27,대구광역시 중구 대봉동(봉산육거리 인근),2711015700,35.863895989090906,128.59949984484845,31,55,0,3,49,3
2018,27,대구광역시 동구 신천동(고속버스터미널 인근),2714010200,35.8768289909091,128.6271378460606,45,63,0,13,44,6
2018,27,대구광역시 동구 효목동(큰고개오거리 인근),2714010300,35.88561698727273,128.6330198460606,39,58,0,12,44,2
2018,27,대구광역시 동구 신암동(동대구역 인근),2714010100,35.88030399,128.62694184606062,24,28,0,5,19,4
2018,27,대구광역시 서구 내당동(두류네거리 인근),2717010100,35.85790199060605,128.55749184424243,46,76,1,9,57,9
2018,27,대구광역시 서구 평리동(신평리네거리 인근),2717010300,35.87045298969697,128.55497384363636,31,48,1,9,36,2
2018,27,대구광역시 서구 비산동(비산네거리 인근),2717010200,35.87224498909091,128.5711868460606,29,44,0,9,31,4
2018,27,대구광역시 남구 대명동(앞산네거리 인근),2720010300,35.84019398969697,128.57995784606058,28,36,1,9,26,0
2018,27,대구광역시 남구 대명동(삼각지네거리 인근),2720010300,35.85237199090909,128.58250984363633,28,35,0,7,23,5
2018,27,대구광역시 남구 대명동(계명네거리 인근),2720010300,35.85632299060606,128.5829078460606,27,43,0,12,25,6
2018,27,대구광역시 북구 태전동(대구병원 인근),2723012600,35.91356499030303,128.5485188436364,35,49,0,7,39,3
2018,27,대구광역시 북구 산격동(경대교동편 인근),2723011100,35.886329990303025,128.60200684666665,34,53,0,9,37,7
2018,27,대구광역시 북구 태전동(공원네거리 인근),2723012600,35.92562499090909,128.54735984606063,30,44,0,6,31,7
2018,27,대구광역시 수성구 지산동(황금네거리 인근),2726011200,35.83981799030303,128.6239148460606,51,87,0,18,63,6
2018,27,대구광역시 수성구 두산동(범어네거리 인근),2726011100,35.85912298848485,128.62629784606057,38,55,0,22,27,6
2018,27,대구광역시 수성구 수성동4가(수성네거리 인근),2726010600,35.85965999030302,128.61765384424243,35,60,0,8,51,1
2018,27,대구광역시 달서구 감삼동(죽전네거리 인근),2729011300,35.85018499030303,128.53727784727272,46,91,0,13,70,8
2018,27,대구광역시 달서구 감삼동(용산네거리 인근),2729011300,35.849468988484844,128.53075084363635,40,61,0,10,46,5
2018,27,대구광역시 달서구 죽전동(홈플러스성서점 인근),2729011200,35.84873298909091,128.52636984727275,31,58,0,6,44,8
2018,27,대구광역시 달성군 다사읍(다사읍죽곡리293 인근),2771025600,35.8597132330303,128.4631101912121,28,40,0,8,29,3
2018,27,대구광역시 달성군 다사읍(다사읍죽곡리2422 인근),2771025600,35.857365383939396,128.46561348242426,19,23,0,5,17,1
2018,27,대구광역시 달성군 현풍읍(해성빌라 인근),2771026500,35.80477717939394,128.50139609848483,14,18,1,2,13,2
2018,28,인천광역시 중구 도원동(신광사거리 인근),2811013200,37.46442611636363,126.63604328242423,12,16,0,2,13,1
2018,28,인천광역시 중구 운서동(삼목1사거리 인근),2811014700,37.49320692969697,126.4799059378788,10,21,1,5,15,0
2018,28,인천광역시 중구 신흥동3가(개항탑교차로 인근),2811012800,37.44955262030303,126.62461009242425,10,19,0,8,11,0
2018,28,인천광역시 동구 송림동(산업용품센터사거리 인근),2814010700,37.48269780515152,126.65892981242426,13,27,0,12,15,0
2018,28,인천광역시 동구 화평동(송현삼거리1 인근),2814010400,37.47766517848485,126.63233631363633,10,11,0,2,9,0
2018,28,인천광역시 동구 송림동(가구아울렛 인근),2814010700,37.47289661515153,126.63583146909089,7,15,0,4,9,2
2018,28,인천광역시 미추홀구 주안동(석바위사거리 인근),2817710500,37.45787167909091,126.68948434363635,35,46,0,6,34,6
2018,28,인천광역시 미추홀구 주안동(주안역삼거리 인근),2817710500,37.464029209696974,126.68038862666667,26,36,0,4,27,5
2018,28,인천광역시 미추홀구 도화동(도화초등교사거리 인근),2817710400,37.46378846121213,126.66931700181819,25,32,0,10,20,2
2018,28,인천광역시 연수구 청학동(청학4거리 인근),2818510400,37.42476958636364,126.66916924969698,15,22,0,6,16,0
2018,28,인천광역시 연수구 동춘동(동춘역사거리 인근),2818510500,37.40349389636365,126.67901603242424,12,15,0,4,11,0
2018,28,인천광역시 연수구 동춘동(먼우금사거리 인근),2818510500,37.41367333454546,126.67569553242424,12,17,0,7,9,1
2018,28,인천광역시 남동구 간석동(하나프라자앞 인근),2820010200,37.46162240212122,126.72026119666666,30,40,0,5,35,0
2018,28,인천광역시 남동구 간석동(간석오거리 인근),2820010200,37.467045553333335,126.7080564378788,27,42,0,9,29,4
2018,28,인천광역시 남동구 간석동(길병원사거리 인근),2820010200,37.44975836696969,126.70767771969696,25,45,0,13,32,0
2018,28,인천광역시 부평구 부평동(부평역사거리 인근),2823710100,37.491341179696974,126.72317459303031,35,49,0,8,40,1
2018,28,인천광역시 부평구 부평동(시장역오거리 인근),2823710100,37.498555243333335,126.72233043848483,22,30,0,4,26,0
2018,28,인천광역시 부평구 삼산동(동소정사거리 인근),2823710500,37.48732345969697,126.72941806242424,21,32,0,10,21,1
2018,28,인천광역시 계양구 서운동(작전역3번출구 인근),2824510400,37.52994799181818,126.722538970303,29,51,1,10,37,3
2018,28,인천광역시 계양구 서운동(나름무사거리 인근),2824510400,37.525471084545465,126.72223190727271,21,32,0,8,24,0
2018,28,인천광역시 계양구 작전동(작전서운동바다어장 인근),2824510300,37.534107271818186,126.7341426572727,20,37,0,3,34,0
2018,28,인천광역시 서구 가정동(루원교차로 인근),2826010800,37.524713636363636,126.67639001303029,27,41,0,7,34,0
2018,28,인천광역시 서구 연희동(공촌사거리 인근),2826010600,37.55224155363636,126.67717993787876,19,25,0,9,15,1
2018,28,인천광역시 서구 왕길동(검단사거리 인근),2826012000,37.60210848999999,126.6577409072727,19,24,0,7,16,1
2018,28,인천광역시 강화군 강화읍(강화군청앞 인근),2871025000,37.746806866969685,126.48531784363637,11,13,0,6,7,0
2018,28,인천광역시 강화군 강화읍(알미골삼거리 인근),2871025000,37.742764429090904,126.49229443787877,6,10,0,4,6,0
2018,28,인천광역시 강화군 강화읍(수협사거리 인근),2871025000,37.745013025151515,126.48796399909092,6,7,0,1,5,1
2018,29,광주광역시 동구 학동(남광주교차로 인근),2911012200,35.13935923909091,126.92296634606059,17,30,0,5,25,0
2018,29,광주광역시 동구 금남로4가(금남로4가역 인근),2911013400,35.1501879578788,126.91542046787879,17,25,0,4,18,3
2018,29,광주광역시 동구 산수동(산수오거리 인근),2911011000,35.15479392727272,126.93194090727273,13,23,0,2,21,0
2018,29,광주광역시 서구 치평동(행복날개주유소 인근),2914012000,35.1506905539394,126.85564390787881,57,103,0,7,96,0
2018,29,광주광역시 서구 치평동(금성빌딩 인근),2914012000,35.15388373909091,126.85304415727269,47,73,0,6,63,4
2018,29,광주광역시 서구 광천동(광천4거리 인근),2914011500,35.161331959696966,126.88347006303027,39,69,0,7,60,2
2018,29,광주광역시 남구 주월동(백운고가시점 인근),2915510600,35.13442152,126.89965487666665,33,60,0,8,51,1
2018,29,광주광역시 남구 방림동(코렉스자전거총판 인근),2915511400,35.134592769696965,126.90998975181816,23,43,0,7,32,4
2018,29,광주광역시 남구 방림동(백운교차로 인근),2915511400,35.13336686393939,126.90136156363637,21,27,1,5,20,1
2018,29,광주광역시 북구 삼각동(류근섭법무사 인근),2917011600,35.17308502090908,126.9123462830303,33,46,1,3,40,2
2018,29,광주광역시 북구 운암동(동운고가 인근),2917010900,35.173023489090916,126.88472418727275,27,42,0,0,42,0
2018,29,광주광역시 북구 운암동(파리바게뜨 인근),2917010900,35.181931114848496,126.87293334606059,27,44,0,3,39,2
2018,29,광주광역시 광산구 수완동(수완지구대앞 인근),2920011400,35.19067156969697,126.8288189460606,35,60,0,5,55,0
2018,29,광주광역시 광산구 월계동(GXGnetwork 인근),2920011500,35.21418570727273,126.84593000121212,24,39,0,3,34,2
2018,29,광주광역시 광산구 신가동(하나로클럽앞사거리 인근),2920011900,35.1837079239394,126.81889142787878,23,30,1,7,22,0
2018,30,대전광역시 동구 중동(대전역네거리 인근),3011012000,36.33118689666667,127.43267218848486,40,50,0,18,31,1
2018,30,대전광역시 동구 용전동(동부네거리정류장 인근),3011011500,36.35071111575758,127.44142628303028,31,45,1,6,37,1
2018,30,대전광역시 동구 판암동(판암동사무소삼거리 인근),3011010700,36.31698239696969,127.45634787666665,24,57,0,28,29,0
2018,30,대전광역시 중구 오류동(동서로네거리 인근),3014011300,36.32861102212121,127.40504828242425,34,43,0,6,33,4
2018,30,대전광역시 중구 문화동(서대전네거리 인근),3014011600,36.32248323848485,127.41244434363635,25,32,1,8,23,0
2018,30,대전광역시 중구 태평동(삼화공업사삼거리 인근),3014011400,36.333843487878795,127.39864409363635,23,34,0,5,28,1
2018,30,대전광역시 서구 둔산동(계룡로네거리 인근),3017011200,36.34928124151516,127.37708762606059,77,116,0,14,92,10
2018,30,대전광역시 서구 갈마동(갈마네거리 인근),3017011100,36.35308630333333,127.36891328363635,60,84,0,17,65,2
2018,30,대전광역시 서구 둔산동(향촌네거리 인근),3017011200,36.351934585151525,127.3765339378788,60,75,0,13,59,3
2018,30,대전광역시 유성구 봉명동(유성네거리 인근),3020011100,36.35407895909091,127.34050543848483,36,55,0,10,44,1
2018,30,대전광역시 유성구 장대동(구암교 인근),3020011700,36.35753789545454,127.33177846909095,33,45,0,5,39,1
2018,30,대전광역시 유성구 구암동(카센타앞 인근),3020011200,36.353339367272724,127.32985687606059,29,49,0,8,40,1
2018,30,대전광역시 대덕구 오정동(타이어뱅크앞 인근),3023010100,36.35651892757575,127.40550975121211,27,42,0,4,34,4
2018,30,대전광역시 대덕구 문평동(비래아파트네거리 인근),3023011300,36.35573636575758,127.44474250121215,24,42,0,6,31,5
2018,30,대전광역시 대덕구 중리동(일등주유소앞 인근),3023010900,36.35902180181818,127.42541406242421,24,33,0,5,26,2
2018,31,울산광역시 중구 성남동(롯데식당 인근),3111010600,35.55270717636364,129.32186447121208,20,29,0,7,17,5
2018,31,울산광역시 중구 태화동(태화치과 인근),3111011100,35.5558700230303,129.30955994090908,19,22,1,10,10,1
2018,31,울산광역시 중구 장현동(동국건축자재 인근),3111011600,35.57879679939393,129.342218750303,18,23,0,2,21,0
2018,31,울산광역시 남구 신정동(공업탑로터리 인근),3114010400,35.53217586454545,129.30756578242423,30,39,0,5,31,3
2018,31,울산광역시 남구 달동(PCA생명앞사거리 인근),3114010500,35.53769907181819,129.3289732972727,25,30,0,9,20,1
2018,31,울산광역시 남구 신정동(신부로터리 인근),3114010400,35.550077177272726,129.26378412727274,24,31,0,7,23,1
2018,31,울산광역시 동구 일산동(일산해수욕장사거리 인근),3117010300,35.496901053333325,129.42769772121213,26,33,0,6,25,2
2018,31,울산광역시 동구 서부동(신라명과 인근),3117010800,35.5391485490909,129.42679962727271,18,18,0,4,14,0
2018,31,울산광역시 동구 전하동(남산약국 인근),3117010400,35.50913586515151,129.42585062787882,17,19,0,7,12,0
2018,31,울산광역시 북구 진장동(한우만식육식당 인근),3120012100,35.556964707575744,129.35946525121213,14,28,0,6,19,3
2018,31,울산광역시 북구 명촌동(명촌교북단사거리 인근),3120012000,35.54910123909091,129.3577629090909,12,16,1,5,9,1
2018,31,울산광역시 북구 호계동(상안교사거리 인근),3120010200,35.6254464260606,129.35104078363636,12,19,0,4,15,0
2018,31,울산광역시 울주군 언양읍(언양터미널앞 인근),3171025300,35.565102644545455,129.12483278242428,14,18,0,7,7,4
2018,31,울산광역시 울주군 언양읍(시외버스터미널앞 인근),3171025300,35.56381620787878,129.12761140787876,10,14,0,2,10,2
2018,31,울산광역시 울주군 온산읍(온덕장식 인근),3171025000,35.43377970727273,129.31063431606063,10,13,0,3,10,0
2018,36,세종특별자치시 조치원읍(상리사거리 인근),3611025000,36.60315296000001,127.30509134666664,15,19,1,4,14,0
2018,36,세종특별자치시 조치원읍(역전교차로 인근),3611025000,36.60127242787879,127.29809450242426,13,14,0,4,8,2
2018,36,세종특별자치시 다정동(한누리대로 인근),3611010900,36.49115490636365,127.25649378363637,10,15,1,2,12,0
2018,41,경기도 수원시 팔달구 매산로2가(수원역로터리 인근),4111513500,37.266484834545444,127.00086765787877,92,151,0,16,126,9
2018,41,경기도 수원시 팔달구 인계동(나혜석거리 인근),4111514100,37.26437506848484,127.03280750787877,69,90,0,13,68,9
2018,41,경기도 수원시 권선구 탑동(한일전산여고입구 인근),4111313300,37.259396991515146,126.97357053242426,34,47,1,11,35,0
2018,41,경기도 성남시 중원구 성남동(모란삼거리 인근),4113310100,37.43284233636364,127.12902478121214,89,132,0,34,91,7
2018,41,경기도 성남시 중원구 하대원동(모란시장사거리 인근),4113310900,37.42999661727273,127.12940656363635,61,95,0,17,65,13
2018,41,경기도 성남시 수정구 수진동(태평역사거리 인근),4113110300,37.43974811666667,127.12782893909092,51,76,1,14,56,5
2018,41,경기도 의정부시 의정부동(웰컴한증사우나앞 인근),4115010100,37.737181675151525,127.04286317606059,32,44,0,6,35,3
2018,41,경기도 의정부시 의정부동(역전교차로 인근),4115010100,37.73856668030304,127.04780140787881,30,44,0,10,30,4
2018,41,경기도 의정부시 호원동(헤드원호텔앞 인근),4115010200,37.74115383333332,127.04715474121211,27,42,0,5,31,6
2018,41,경기도 안양시 동안구 호계동(범계사거리 인근),4117310400,37.38905805333333,126.94816428242423,34,44,0,7,35,2
2018,41,경기도 안양시 동안구 호계동(동안구청 인근),4117310400,37.39171455515153,126.95068506363634,30,45,0,7,35,3
2018,41,경기도 안양시 동안구 관양동(봉천동3거리 인근),4117310200,37.403051647272726,126.95708053121211,29,47,0,4,39,4
2018,41,경기도 부천시 상동(무지개고가사거리 인근),4119010900,37.5057129939394,126.75325609363638,56,89,0,13,70,6
2018,41,경기도 부천시 내동(심곡고가차도 인근),4119012400,37.48634371030303,126.77682603242427,51,75,0,14,47,14
2018,41,경기도 부천시 중동(문예사거리 인근),4119010800,37.503947490303034,126.76917431303032,48,73,0,14,57,2
2018,41,경기도 광명시 가학동(광명사거리 인근),4121010700,37.47937952454546,126.8544272190909,44,65,0,13,38,14
2018,41,경기도 광명시 철산동(철산역앞삼거리 인근),4121010200,37.47553230333334,126.86612581363633,34,48,0,3,35,10
2018,41,경기도 광명시 하안동(하안사거리 인근),4121010300,37.46255805515151,126.87978381242426,23,29,0,6,18,5
2018,41,경기도 평택시 서정동(송탄출장소사거리 인근),4122010100,37.06661645787879,127.06401643787878,43,63,0,15,42,6
2018,41,경기도 평택시 평택동(중앙2로평택로32번길사거리 인근),4122011300,36.99172789454545,127.08812304121211,37,45,0,7,35,3
2018,41,경기도 평택시 소사동(굿모닝병원앞 인근),4122012300,36.99034993606061,127.12164285606057,29,63,1,8,46,8
2018,41,경기도 동두천시 지행동(동두천시법원앞 인근),4125010200,37.892537997878776,127.05722183242426,16,21,0,3,17,1
2018,41,경기도 동두천시 생연동(삼풍빌딩사거리 인근),4125010300,37.90035745666666,127.05268031121211,11,16,0,5,11,0
2018,41,경기도 동두천시 생연동(대방에이스빌앞 인근),4125010300,37.899150202121206,127.06115621787878,11,14,0,3,11,0
2018,41,경기도 안산시 단원구 와동(중앙역사거리 인근),4127310200,37.31660642848486,126.83682021909091,43,63,1,3,53,6
2018,41,경기도 안산시 단원구 원곡동(안산역앞 인근),4127310800,37.32880302272727,126.78807609303033,42,57,0,13,41,3
2018,41,경기도 안산시 상록구 본오동(뉴라성관광호텔 인근),4127110400,37.30170508666667,126.86331675242423,34,58,0,11,46,1
2018,41,경기도 고양시 일산동구 백석동(백석역사거리 인근),4128510600,37.64306014818181,126.78804878363638,50,79,0,17,57,5
2018,41,경기도 고양시 일산동구 장항동(일산소방서앞 인근),4128510400,37.663365147272714,126.7690332209091,43,68,1,16,47,4
2018,41,경기도 고양시 일산동구 마두동(뉴코아백화점사거리 인근),4128510500,37.65500936696969,126.77604749909091,40,60,0,9,45,6
2018,41,경기도 과천시 주암동(민마루고개 인근),4129010600,37.45991361666667,127.03283462666671,27,52,0,7,37,8
2018,41,경기도 과천시 별양동(소방서삼거리 인근),4129010900,37.42781314787879,126.99135418787876,12,12,0,4,8,0
2018,41,경기도 과천시 갈현동(갈현삼거리 인근),4129010300,37.41743667909091,126.98669687666667,11,12,0,1,8,3
2018,41,경기도 구리시 토평동(구리TG 인근),4131010700,37.58939011636364,127.15650506363636,23,30,0,3,25,2
2018,41,경기도 구리시 수택동(세무서사거리 인근),4131010500,37.59731253333334,127.13672298363637,19,25,2,5,18,0
2018,41,경기도 구리시 교문동(교문4거리 인근),4131010400,37.60083602272727,127.13065846909089,18,32,1,9,22,0
2018,41,경기도 남양주시 다산동(경기도시공사 인근),4136011200,37.61327840727273,127.17136465666664,32,57,0,3,36,18
2018,41,경기도 남양주시 진접읍(장현사거리 인근),4136025300,37.714411899090905,127.1825407512121,28,48,0,8,38,2
2018,41,경기도 남양주시 화도읍(그린골프클럽 인근),4136025600,37.65726602545455,127.30271487121213,27,37,0,4,30,3
2018,41,경기도 오산시 원동(오산시청앞삼거리 인근),4137010300,37.14865820272727,127.07820117363636,40,66,0,12,52,2
2018,41,경기도 오산시 오산동(중원사거리 인근),4137010100,37.14897252272727,127.06851984606058,27,34,0,7,27,0
2018,41,경기도 오산시 원동(한성예식장앞 인근),4137010300,37.14173064878788,127.0734830960606,25,28,0,7,15,6
2018,41,경기도 시흥시 정왕동(소방서앞 인근),4139013200,37.35005995969697,126.73942515787877,26,41,0,9,31,1
2018,41,경기도 시흥시 방산동(신천IC입구 인근),4139010300,37.42878433393939,126.7739538130303,25,38,0,2,36,0
2018,41,경기도 시흥시 신천동(신천사거리 인근),4139010200,37.43982220969698,126.7869056878788,21,30,0,5,24,1
2018,41,경기도 군포시 금정동(산본역동부사거리 인근),4141010500,37.359133677272716,126.9343583772727,32,50,0,10,36,4
2018,41,경기도 군포시 금정동(군포등기소 인근),4141010500,37.36120989787878,126.93262590727277,21,31,0,10,18,3
2018,41,경기도 군포시 당동(우리은행삼거리 인근),4141010100,37.35527299575757,126.94671583242427,19,28,0,10,14,4
2018,41,경기도 의왕시 오전동(고촌사거리 인근),4143010500,37.34500592909092,126.97570453242426,17,31,0,6,25,0
2018,41,경기도 의왕시 오전동(의왕TG 인근),4143010500,37.34750392454545,126.98442488606061,13,21,0,2,19,0
2018,41,경기도 의왕시 포일동(의왕어린이집 인근),4143010900,37.39289899454545,126.98681783303029,12,13,1,6,6,0
2018,41,경기도 하남시 덕풍동(광진교앞사거리 인근),4145010800,37.54166467727273,127.20688443727269,27,34,0,10,17,7
2018,41,경기도 하남시 덕풍동(신장지하차도앞 인근),4145010800,37.53961021848485,127.21115804363636,22,32,1,4,25,2
2018,41,경기도 하남시 덕풍동(신장사거리 인근),4145010800,37.53798298787879,127.20455079242424,21,23,1,4,14,4
2018,41,경기도 용인시 기흥구 상갈동(상갈교앞 인근),4146310300,37.27037617848486,127.10565562363635,41,55,0,10,31,14
2018,41,경기도 용인시 수지구 죽전동(풍덕천사거리 인근),4146510200,37.32420580272728,127.10304578181818,28,36,0,9,21,6
2018,41,경기도 용인시 처인구 마평동(용인사거리 인근),4146110700,37.23552180272726,127.20876756363633,27,36,2,5,21,8
2018,41,경기도 파주시 금촌동(바이더웨이앞 인근),4148010100,37.75775203575757,126.77223102909088,28,33,0,5,26,2
2018,41,경기도 파주시 와동(한양수자인 인근),4148012200,37.73513999545454,126.75887083363637,23,40,0,6,31,3
2018,41,경기도 파주시 금촌동(파주경찰서앞 인근),4148010100,37.75907929515151,126.77671414242424,17,21,0,8,13,0
2018,41,경기도 이천시 중리동(터미널사거리 인근),4150010300,37.278230709999995,127.44683247090909,26,39,0,4,34,1
2018,41,경기도 이천시 중리동(분수대오거리 인근),4150010300,37.28084296242425,127.4469860660606,26,37,0,6,27,4
2018,41,경기도 이천시 부발읍(아미타운삼거리 인근),4150025300,37.25282127393941,127.48905425181819,14,29,0,4,23,2
2018,41,경기도 안성시 석정동(서인사거리 인근),4155011800,37.00754858787879,127.26955400121211,17,21,0,4,17,0
2018,41,경기도 안성시 인지동(인지동마을회관 인근),4155011300,37.00379070969697,127.26834518787881,16,22,0,10,10,2
2018,41,경기도 안성시 아양동(농산물공판장앞교차로 인근),4155011900,37.007036594545454,127.26652540909092,15,17,0,6,9,2
2018,41,경기도 김포시 고촌읍(신곡사거리 인근),4157025300,37.59974755393939,126.77173468787879,26,42,0,8,30,4
2018,41,경기도 김포시 고촌읍(김포한강1로78번길13 인근),4157025300,37.64439642515152,126.6699128230303,26,37,0,4,30,3
2018,41,경기도 김포시 통진읍(마송사거리 인근),4157025000,37.691613488484855,126.59867318363638,22,25,0,5,17,3
2018,41,경기도 화성시 병점동(용성빌딩 인근),4159011700,37.21367015030303,127.04112044666665,27,43,0,4,34,5
2018,41,경기도 화성시 석우동(하이마트 인근),4159012800,37.207087914545454,127.07494389606059,25,41,0,8,32,1
2018,41,경기도 화성시 영천동(동탄지식산업센터 인근),4159013100,37.20930876454546,127.09881945545453,22,30,0,6,20,4
2018,41,경기도 광주시 탄벌동(현대산업개발기술연구소앞 인근),4161010500,37.41601787454545,127.25045675121213,33,43,1,6,35,1
2018,41,경기도 광주시 역동(경인IC사거리 인근),4161011200,37.406424459393946,127.2610972512121,31,44,0,7,32,5
2018,41,경기도 광주시 경안동(경안동공영주차장 인근),4161010100,37.40994984515151,127.25927773666668,28,42,0,6,33,3
2018,41,경기도 양주시 덕계동(금용아파트1차앞 인근),4163011600,37.818597974848494,127.04609230787878,24,31,0,6,23,2
2018,41,경기도 양주시 고암동(어린이보호구역 인근),4163011500,37.83703032575758,127.06895807242422,19,22,0,1,16,5
2018,41,경기도 양주시 덕정동(순복음교회앞 인근),4163011000,37.84030002030304,127.06328844606058,19,20,0,5,15,0
2018,41,경기도 포천시 소흘읍(이가팔리입구사거리 인근),4165025000,37.827443180303035,127.14886081363638,18,25,0,7,18,0
2018,41,경기도 포천시 소흘읍(송우삼거리 인근),4165025000,37.82388698393939,127.14260563727271,13,23,0,6,12,5
2018,41,경기도 포천시 선단동(선단교 인근),4165010400,37.85498082515152,127.16723420848481,13,20,0,3,17,0
2018,41,경기도 여주시 천송동(신륵사사거리 인근),4167012000,37.300794054545456,127.64988628121213,12,21,0,4,17,0
2018,41,경기도 여주시 연양동(월송교차로 인근),4167011800,37.28642796848485,127.61907954848483,10,19,0,7,12,0
2018,41,경기도 여주시 가남읍(전천교 인근),4167025000,37.20249500151515,127.54777628363635,8,16,0,8,7,1
2018,41,경기도 연천군 전곡읍(영근사거리 인근),4180025300,38.02309045848486,127.06736942242424,8,13,0,7,3,3
2018,41,경기도 연천군 전곡읍(삼민아파트앞 인근),4180025300,38.0300408709091,127.06773702606058,8,9,0,4,5,0
2018,41,경기도 연천군 전곡읍(사랑동삼거리 인근),4180025300,38.01108253848486,127.06695586303032,5,7,0,2,5,0
2018,41,경기도 가평군 가평읍(가평오거리 인근),4182025000,37.820713648484855,127.51349334727271,10,24,0,4,20,0
2018,41,경기도 가평군 청평면(청평대교앞 인근),4182032500,37.719563717878785,127.40283445303031,9,18,0,1,13,4
2018,41,경기도 가평군 청평면(청평윗삼거리 인근),4182032500,37.740766397878794,127.42262437606061,9,24,0,1,14,9
2018,41,경기도 양평군 양서면(양수교동쪽 인근),4183033000,37.544068243939385,127.3201349078788,13,23,0,1,20,2
2018,41,경기도 양평군 양평읍(양근삼거리 인근),4183025000,37.487957804545445,127.49198659606058,9,12,0,2,9,1
2018,41,경기도 양평군 양평읍(SK뷰아파트입구 인근),4183025000,37.495347553939396,127.4850228772727,9,16,0,3,12,1
2018,42,강원도 춘천시 효자동(남부사거리 인근),4211011200,37.871133272424245,127.72530393787882,21,31,1,9,21,0
2018,42,강원도 춘천시 소양로3가(중앙로타리 인근),4211011500,37.880437867272725,127.72781287666666,19,23,0,6,16,1
2018,42,강원도 춘천시 석사동(석사사거리 인근),4211012400,37.86068367969697,127.7442766578788,18,29,0,4,25,0
2018,42,강원도 원주시 단계동(1255교차로 인근),4213011000,37.34774363636364,127.93314114727274,64,98,0,10,79,9
2018,42,강원도 원주시 단계동(발리이용원 인근),4213011000,37.34400317848484,127.93194637727277,46,64,0,7,54,3
2018,42,강원도 원주시 단계동(1152교차로 인근),4213011000,37.345520573939396,127.9290394772727,30,56,0,9,43,4
2018,42,강원도 강릉시 옥천동(옥천오거리 인근),4215010900,37.756427646969684,128.89886459363638,12,17,1,4,12,0
2018,42,강원도 강릉시 유천동(교동교차로 인근),4215013100,37.765377047575754,128.87348717606062,11,25,0,1,24,0
2018,42,강원도 강릉시 교동(교동사거리 인근),4215011000,37.757780336363645,128.89175253363638,10,18,0,1,17,0
2018,42,강원도 동해시 천곡동(동해종합운동장2 인근),4217010100,37.51525108515152,129.1042339709091,11,25,0,2,23,0
2018,42,강원도 동해시 천곡동(천곡사거리뉴동해호텔앞 인근),4217010100,37.526073521515144,129.10485753242423,8,23,0,2,21,0
2018,42,강원도 동해시 부곡동(부곡파출소앞사거리 인근),4217011000,37.53877686727272,129.10192884727272,8,8,0,2,6,0
2018,42,강원도 태백시 황지동(태백 인근),4219010100,37.159332115757586,128.9899082512121,9,19,0,3,16,0
2018,42,강원도 태백시 황지동(황지교사거리 인근),4219010100,37.174064896363646,128.99373756606062,6,6,0,0,4,2
2018,42,강원도 태백시 황지동(대산아파트 인근),4219010100,37.17153080636364,128.99414065787875,5,6,0,2,4,0
2018,42,강원도 속초시 교동(노학동사무소앞사거리 인근),4221010600,38.197375680303026,128.5761330636364,19,24,1,9,13,1
2018,42,강원도 속초시 교동(만천삼거리 인근),4221010600,38.19855180636364,128.57261268787875,13,16,0,5,11,0
2018,42,강원도 속초시 청호동(청초프라자 인근),4221010900,38.1897920239394,128.5935613460606,12,20,1,7,12,0
2018,42,강원도 삼척시 정상동(삼척종합버스터미널 인근),4223012500,37.43943789787878,129.1685912212121,9,15,0,2,11,2
2018,42,강원도 삼척시 남양동(의료원앞사거리 인근),4223012000,37.44081605515151,129.16425993848486,9,11,0,4,7,0
2018,42,강원도 삼척시 정상동(유성아파트앞사거리 인근),4223012500,37.441776271818185,129.17832109363638,8,22,0,3,19,0
2018,42,강원도 홍천군 북방면(화계삼거리 인근),4272038000,37.70187292848485,127.85212915727273,3,6,0,2,4,0
2018,42,강원도 홍천군 서면(어유포교 인근),4272037000,37.70379545969698,127.69404622181818,3,5,0,2,0,3
2018,42,강원도 홍천군 두촌면(철정교차로 인근),4272032000,37.8058863960606,127.99262218848484,3,6,0,1,5,0
2018,42,강원도 횡성군 횡성읍(횡성군청 인근),4273025000,37.4899435539394,127.98650475030304,10,13,0,0,12,1
2018,42,강원도 횡성군 우천면(새말IC입구 인근),4273031000,37.451474146666655,128.07272231303028,6,14,0,3,10,1
2018,42,강원도 횡성군 횡성읍(섬강아파트 인근),4273025000,37.49481049121212,127.98124625242428,5,9,0,1,8,0
2018,42,강원도 영월군 영월읍(군청사거리 인근),4275025000,37.1809025860606,128.46255390727276,5,11,0,3,3,5
2018,42,강원도 영월군 영월읍(영흥오거리 인근),4275025000,37.18143442727272,128.46986531484848,4,8,0,0,4,4
2018,42,강원도 영월군 영월읍(덕포사거리 인근),4275025000,37.18037845969697,128.47723118787877,3,4,0,1,1,2
2018,42,강원도 평창군 평창읍(하리 인근),4276025000,37.36593671000001,128.39559809606058,6,9,0,1,8,0
2018,42,강원도 평창군 대관령면(대관령IC입구교차로 인근),4276038000,37.68635354121211,128.69590216666666,5,24,0,3,14,7
2018,42,강원도 평창군 진부면(진부시외버스영업소 인근),4276036000,37.63667649272726,128.55815700242425,4,6,0,2,4,0
2018,42,강원도 정선군 사북읍(사북오거리 인근),4277025600,37.22636880575758,128.81517312666665,7,11,0,0,10,1
2018,42,강원도 정선군 남면(민둥산교차로 인근),4277032000,37.25415578848485,128.77920372303032,3,3,0,2,1,0
2018,42,강원도 철원군 갈말읍(군탄사거리 인근),4278025600,38.15807133575758,127.30971684606061,3,6,0,4,2,0
2018,42,강원도 철원군 김화읍(김화교동측 인근),4278025300,38.249802377272715,127.41846024242422,3,7,0,3,4,0
2018,42,강원도 화천군 사내면(시외버스터미널2 인근),4279034000,38.071821834545446,127.52344806363635,4,6,0,1,5,0
2018,42,강원도 양구군 양구읍(신흥철물 인근),4280025000,38.10274174030303,127.98628737727276,5,12,0,1,8,3
2018,42,강원도 양구군 양구읍(송청 인근),4280025000,38.09122252454545,127.99665396909093,3,3,0,0,2,1
2018,42,강원도 양구군 양구읍(양구성심병원 인근),4280025000,38.10424674333333,127.99170640727273,3,8,0,0,7,1
2018,42,강원도 인제군 북면(원동교차로 인근),4281032000,38.121353749696965,128.20892117909094,4,15,0,5,10,0
2018,42,강원도 고성군 토성면(봉포삼거리 인근),4282033000,38.24806550454546,128.5674086342424,5,12,0,3,8,1
2018,42,강원도 고성군 간성읍(간성교차로 인근),4282025000,38.37973037848484,128.47429792727272,5,6,0,2,4,0
2018,42,강원도 양양군 양양읍(조산사거리 인근),4283025000,38.107477657878796,128.63397984606064,5,7,0,3,4,0
2018,42,강원도 양양군 손양면(송현사거리 인근),4283032000,38.07293419242423,128.63456517242426,4,4,0,0,4,0
2018,42,강원도 양양군 강현면(강현농협앞 인근),4283035000,38.154236223333335,128.60800421363638,4,6,0,0,6,0
2018,43,충청북도 청주시 서원구 사창동(주성아파트9동 인근),4311210200,36.6339775790909,127.46052825606057,54,78,0,10,68,0
2018,43,충청북도 청주시 흥덕구 강서동(청주터미널앞사거리 인근),4311311700,36.6254789890909,127.43076878181816,35,50,2,4,41,3
2018,43,충청북도 청주시 상당구 석교동(청남빌딩 인근),4311111100,36.627039053636366,127.49045425121213,32,37,0,11,26,0
2018,43,충청북도 충주시 교현동(성내충인동 인근),4313010500,36.9730362739394,127.93443146909091,27,47,0,8,35,4
2018,43,충청북도 충주시 칠금동(LG베스트샵 인근),4313011600,36.98014833515151,127.91465278242427,20,36,0,4,32,0
2018,43,충청북도 충주시 연수동(체육관앞사거리 인근),4313011800,36.98230970939393,127.93446946909094,19,28,0,6,19,3
2018,43,충청북도 제천시 중앙로1가(제천TTC 인근),4315010600,37.135633085151525,128.21222546909092,25,34,0,6,27,1
2018,43,충청북도 제천시 화산동(동명초교앞 인근),4315010900,37.1354263339394,128.2092157512121,18,27,0,8,19,0
2018,43,충청북도 제천시 영천동(남당교차로앞 인근),4315011000,37.130599116363626,128.20466600181817,12,16,0,5,9,2
2018,43,충청북도 보은군 보은읍(동다리사거리 인근),4372025000,36.485168707878785,127.72175050242426,8,10,0,2,8,0
2018,43,충청북도 보은군 보은읍(보은교차로 인근),4372025000,36.49170706454546,127.73026880121213,5,9,0,2,6,1
2018,43,충청북도 보은군 삼승면(상가삼거리 인근),4372035000,36.41940724060606,127.73137775181817,3,9,0,3,6,0
2018,43,충청북도 옥천군 옥천읍(옥천IC 인근),4373025000,36.309819239393946,127.56097472090906,9,9,0,4,5,0
2018,43,충청북도 옥천군 옥천읍(파리바게뜨 인근),4373025000,36.301198771515146,127.5690041572727,6,7,0,2,5,0
2018,43,충청북도 옥천군 옥천읍(향수공원사거리 인근),4373025000,36.30693082575758,127.57308173363634,6,11,0,3,8,0
2018,43,충청북도 영동군 영동읍(영동교앞 인근),4374025000,36.17395361515152,127.77506000181822,8,9,0,3,6,0
2018,43,충청북도 영동군 영동읍(중앙사거리 인근),4374025000,36.17536755333333,127.77780250121214,5,6,0,5,1,0
2018,43,충청북도 영동군 영동읍(매천교차로 인근),4374025000,36.1711643639394,127.77404972121211,5,9,0,3,6,0
2018,43,충청북도 증평군 증평읍(윗장뜰사거리 인근),4374525000,36.78817480272727,127.58686575121214,12,24,0,9,15,0
2018,43,충청북도 증평군 증평읍(군청사거리증평대교남측 인근),4374525000,36.78650349030303,127.5810842190909,9,13,0,4,9,0
2018,43,충청북도 증평군 증평읍(증평주공1단지삼거리 인근),4374525000,36.785498548484846,127.57767504181817,7,10,0,2,7,1
2018,43,충청북도 진천군 진천읍(진천보건소앞 인근),4375025000,36.8609478139394,127.43864427909088,13,28,0,9,19,0
2018,43,충청북도 진천군 진천읍(신성사거리 인근),4375025000,36.86252527030303,127.45126206363638,11,23,1,1,18,3
2018,43,충청북도 진천군 진천읍(행정교차로 인근),4375025000,36.861379982121214,127.42969481909093,8,10,0,5,5,0
2018,43,충청북도 괴산군 괴산읍(괴산터미널앞 인근),4376025000,36.80830339727273,127.7941223130303,14,18,0,3,13,2
2018,43,충청북도 괴산군 괴산읍(동부2리앞 인근),4376025000,36.80940873999999,127.79641378303029,11,12,0,7,5,0
2018,43,충청북도 괴산군 괴산읍(대사삼거리 인근),4376025000,36.797590208484856,127.78361831363635,4,6,0,2,4,0
2018,43,충청북도 음성군 금왕읍(무극교 인근),4377025300,36.99352323969697,127.5952994378788,15,22,0,2,20,0
2018,43,충청북도 음성군 대소면(오산교서측 인근),4377034000,36.967156617272735,127.48714428363638,13,20,0,5,15,0
2018,43,충청북도 음성군 맹동면(위너스타워 인근),4377033000,36.90862115969696,127.54227455121212,9,19,0,4,14,1
2018,43,충청북도 단양군 단양읍(단양군의회 인근),4380025000,36.982235710606055,128.36907578121213,8,10,1,5,4,0
2018,43,충청북도 단양군 단양읍(부강앞 인근),4380025000,36.9848064890909,128.36932659606057,7,7,0,6,1,0
2018,43,충청북도 단양군 단양읍(단양시외터미널 인근),4380025000,36.98604664636364,128.3713310960606,4,6,1,2,2,1
2018,44,충청남도 천안시 서북구 두정동(인비에스 인근),4413310400,36.83329746909091,127.13576969363638,47,57,0,7,46,4
2018,44,충청남도 천안시 서북구 두정동(주네모건축 인근),4413310400,36.82504224212121,127.1380678090909,40,61,2,5,50,4
2018,44,충청남도 천안시 서북구 백석동(운동장사거리 인근),4413310300,36.822751116666666,127.11195506303031,33,54,0,8,46,0
2018,44,충청남도 공주시 신관동(신관초교차로 인근),4415012000,36.47423737909091,127.13764054787879,13,27,0,7,16,4
2018,44,충청남도 공주시 산성동(중동사거리 인근),4415010500,36.456612114545464,127.12476984545455,11,13,0,3,9,1
2018,44,충청남도 공주시 금학동(금학교차로 인근),4415011000,36.44202103424243,127.11956700303031,10,13,0,3,8,2
2018,44,충청남도 보령시 대천동(명문당사거리 인근),4418010100,36.35025205242424,126.59687131363634,11,12,0,7,5,0
2018,44,충청남도 보령시 동대동(동대사거리 인근),4418010400,36.34857411454545,126.60447328242422,10,18,0,7,11,0
2018,44,충청남도 보령시 명천동(서해주택2 인근),4418010500,36.345354959696955,126.5992740960606,8,15,0,5,10,0
2018,44,충청남도 아산시 온천동(온양카센터 인근),4420010100,36.78081194484849,127.0068313524242,20,23,0,6,17,0
2018,44,충청남도 아산시 온천동(푸른정형외과 인근),4420010100,36.78188425757575,127.00022019303032,14,15,0,9,5,1
2018,44,충청남도 아산시 모종동(터미널앞사거리 인근),4420011300,36.78394314454546,127.01704107121212,13,15,0,2,12,1
2018,44,충청남도 서산시 예천동(예천사거리앞 인근),4421010900,36.77277938727272,126.44178632727272,14,24,0,6,17,1
2018,44,충청남도 서산시 읍내동(제일화재앞교차로 인근),4421010100,36.777358402121216,126.4477064272727,14,27,0,13,11,3
2018,44,충청남도 서산시 예천동(하이마트앞교차로 인근),4421010900,36.769653341818184,126.45320904666666,13,17,0,4,12,1
2018,44,충청남도 논산시 내동(내동사거리 인근),4423010900,36.19099508333335,127.09358331363637,11,23,0,9,14,0
2018,44,충청남도 논산시 취암동(논산오거리 인근),4423010500,36.20256391515153,127.08672188909094,10,12,0,9,3,0
2018,44,충청남도 논산시 부적면(부적농협 인근),4423035000,36.2137502090909,127.1286289390909,8,15,0,6,8,1
2018,44,충청남도 계룡시 엄사면(삼진삼거리 인근),4425031500,36.28166327454545,127.24029146242424,8,19,0,5,14,0
2018,44,충청남도 계룡시 엄사면(양정삼거리 인근),4425031500,36.28237853848485,127.24446965606057,3,7,0,0,7,0
2018,44,충청남도 당진시 우두리(당진중앙도서관앞 인근),4427010300,36.900371805151515,126.6326398760606,15,24,0,7,17,0
2018,44,충청남도 당진시 시곡리(당진산업단지사거리 인근),4427010500,36.902312054545455,126.68431481363636,14,25,0,11,13,1
2018,44,충청남도 당진시 채운동(당진2교교차로 인근),4427010200,36.891327769696964,126.62594559787883,12,17,0,9,8,0
2018,44,충청남도 금산군 금산읍(한신연립앞 인근),4471025000,36.10967608272727,127.49107581363636,7,8,0,2,6,0
2018,44,충청남도 금산군 금산읍(제1상옥교 인근),4471025000,36.10225636454547,127.48830246848487,5,6,0,1,5,0
2018,44,충청남도 금산군 금산읍(중도사거리 인근),4471025000,36.10231783333334,127.49984740848487,4,7,0,1,6,0
2018,44,충청남도 부여군 부여읍(부여중앙앞 인근),4476025000,36.275978272727265,126.89923065787882,5,18,1,2,15,0
2018,44,충청남도 부여군 부여읍(부여읍앞 인근),4476025000,36.276128333939404,126.91276700121213,4,5,0,1,4,0
2018,44,충청남도 부여군 부여읍(동문로타리 인근),4476025000,36.28400780333334,126.92919915787881,4,4,1,1,2,0
2018,44,충청남도 서천군 비인면(비인경찰초소1 인근),4477040000,36.14402142848486,126.59744156303033,9,21,0,10,11,0
2018,44,충청남도 서천군 마서면(하구둑사거리 인근),4477031000,36.02025358393939,126.73848996969696,7,9,0,4,5,0
2018,44,충청남도 서천군 서천읍(오석교차로 인근),4477025300,36.08891789636363,126.68271800121211,5,10,0,3,6,1
2018,44,충청남도 청양군 화성면(화강교앞 인근),4479038000,36.42789811636364,126.71528071909087,3,3,1,1,1,0
2018,44,충청남도 청양군 청양읍(벽천교차로 인근),4479025000,36.44285267787879,126.79515431363639,3,6,0,0,6,0
2018,44,충청남도 청양군 비봉면(신원삼거리 인근),4479039000,36.483713988484844,126.7915380936364,3,8,0,3,5,0
2018,44,충청남도 홍성군 홍성읍(장군상오거리 인근),4480025000,36.600621177878786,126.6710044390909,12,17,0,7,10,0
2018,44,충청남도 홍성군 홍성읍(오관사거리 인근),4480025000,36.59969892787878,126.66568493909088,10,13,1,5,7,0
2018,44,충청남도 홍성군 홍성읍(덕산통사거리 인근),4480025000,36.60489142787879,126.66232943787878,6,12,0,3,9,0
2018,44,충청남도 예산군 예산읍(궁평리 인근),4481025000,36.73725661515152,126.85750571909088,9,25,1,2,22,0
2018,44,충청남도 예산군 예산읍(관작휴게소 인근),4481025000,36.71039877151514,126.83148640848486,9,18,0,1,17,0
2018,44,충청남도 예산군 삽교읍(신리교차로 인근),4481025300,36.67958731757575,126.6739455860606,8,12,0,8,4,0
2018,44,충청남도 태안군 태안읍(성심사거리 인근),4482525000,36.75139991272728,126.30227489242426,11,14,0,6,7,1
2018,44,충청남도 태안군 안면읍(연육교삼거리 인근),4482525300,36.59741695848484,126.32454818787876,9,23,0,10,10,3
2018,44,충청남도 태안군 태안읍(태안프라자 인근),4482525000,36.754509114848474,126.29488834606066,8,8,0,5,1,2
2018,45,전라북도 전주시 덕진구 금암동(영진빌딩 인근),4511310700,35.83545558454546,127.13509393787876,29,50,0,8,42,0
2018,45,전라북도 전주시 덕진구 덕진동1가(원조닭집 인근),4511310500,35.84428267666667,127.12479290727272,22,28,0,3,22,3
2018,45,전라북도 전주시 완산구 효자동3가(효자다리 인근),4511114200,35.81900945848485,127.11374262727273,19,38,0,11,27,0
2018,45,전라북도 군산시 경암동(동부시장삼거리 인근),4513013600,35.97550311515151,126.73113643848487,17,26,0,6,19,1
2018,45,전라북도 군산시 수송동(수송사거리 인근),4513014100,35.969906772424245,126.71577909363634,16,17,0,5,12,0
2018,45,전라북도 군산시 나운동(동아26센터빌딩앞 인근),4513014400,35.963685365151505,126.69368831363637,15,28,0,5,23,0
2018,45,전라북도 익산시 마동(세경아파트13동 인근),4514011200,35.93534974121212,126.96562263909092,17,21,0,6,15,0
2018,45,전라북도 익산시 중앙동1가(익산지하차도 인근),4514010300,35.93994572787879,126.94721653727277,17,29,0,6,23,0
2018,45,전라북도 익산시 신동(투썸플레이스 인근),4514012100,35.96084204272727,126.95796637787879,17,27,0,4,23,0
2018,45,전라북도 정읍시 상동(정읍동초교 인근),4518010300,35.56655105272727,126.86076756242423,18,26,0,6,19,1
2018,45,전라북도 정읍시 시기동(정주교교차로 인근),4518010400,35.5617113960606,126.85332209424246,14,18,0,2,14,2
2018,45,전라북도 정읍시 시기동(초산교 인근),4518010400,35.559821959090904,126.85664462727271,13,26,0,4,21,1
2018,45,전라북도 남원시 왕정동(시장사거리 인근),4519010800,35.40650892666667,127.37639003303028,8,8,1,1,6,0
2018,45,전라북도 남원시 왕정동(서문사거리 인근),4519010800,35.409284679090916,127.3768338772727,7,11,1,1,9,0
2018,45,전라북도 남원시 향교동(향교오거리 인근),4519011100,35.415100896666665,127.3863750012121,7,12,1,2,9,0
2018,45,전라북도 김제시 요촌동(터미널사거리 인근),4521010100,35.80252633393939,126.89250131242423,11,14,0,4,10,0
2018,45,전라북도 김제시 검산동(비사벌사거리 인근),4521010400,35.80354458333333,126.89923065727277,10,11,0,3,8,0
2018,45,전라북도 김제시 요촌동(포유 인근),4521010100,35.79980917696971,126.8879428136364,8,17,0,2,15,0
2018,45,전라북도 완주군 용진읍(용진삼거리 인근),4571025600,35.879266337272725,127.15570570090911,8,12,1,2,9,0
2018,45,전라북도 완주군 소양면(명덕교차로 인근),4571034000,35.854511513333335,127.20914167121214,6,16,0,3,9,4
2018,45,전라북도 완주군 삼례읍(삼례사거리 인근),4571025000,35.91053308333334,127.0726385336364,6,8,0,4,4,0
2018,45,전라북도 진안군 진안읍(진안사거리 인근),4572025000,35.79226223848485,127.42658597121215,3,3,0,2,1,0
2018,45,전라북도 무주군 적상면(적상교앞1 인근),4573033000,35.94023569909091,127.65878799848484,4,8,0,1,7,0
2018,45,전라북도 무주군 무주읍(무주앞2 인근),4573025000,35.9743172090909,127.65205203181816,4,10,0,2,8,0
2018,45,전라북도 무주군 무주읍(향교삼거리 인근),4573025000,36.00788361696971,127.66708387727272,4,4,0,2,2,0
2018,45,전라북도 임실군 임실읍(갈마육교 인근),4575025000,35.62820986606062,127.29827703242424,3,18,0,0,18,0
2018,45,전라북도 임실군 임실읍(두곡삼거리 인근),4575025000,35.631724989090905,127.29054209606059,3,6,0,2,4,0
2018,45,전라북도 순창군 순창읍(경천교앞1 인근),4577025000,35.37131042666667,127.14165149909088,7,10,0,2,8,0
2018,45,전라북도 순창군 순창읍(경천주공 인근),4577025000,35.369965553939394,127.1402498442424,3,4,0,1,3,0
2018,45,전라북도 순창군 순창읍(터미널사거리11 인근),4577025000,35.37674592575757,127.14082234363639,3,3,0,1,2,0
2018,45,전라북도 고창군 고창읍(노동양수장 인근),4579025000,35.435367709090904,126.69248015727275,3,5,0,1,4,0
2018,45,전라북도 부안군 부안읍(군청삼거리 인근),4580025000,35.72837786393939,126.73807909363636,9,9,1,3,5,0
2018,45,전라북도 부안군 부안읍(에벤에셀부동산 인근),4580025000,35.71870936424242,126.73063525121214,5,7,0,4,3,0
2018,45,전라북도 부안군 부안읍(백산사거리 인근),4580025000,35.727177333939395,126.73965375121213,5,11,0,1,10,0
2018,46,전라남도 목포시 상동(백년로비파로 인근),4611015800,34.805908567878795,126.4248439478788,33,55,0,4,50,1
2018,46,전라남도 목포시 상동(버스터미널 인근),4611015800,34.81136155242425,126.41801462606057,31,48,2,14,32,0
2018,46,전라남도 목포시 상동(삼성전자및서비스센타 인근),4611015800,34.80345761272728,126.4197283224242,25,42,0,5,35,2
2018,46,전라남도 여수시 신기동(부영3단지사거리 인근),4613013300,34.75937498848485,127.66767312666668,33,44,0,5,38,1
2018,46,전라남도 여수시 충무동(교동사거리 인근),4613011000,34.74027573969698,127.73145412727274,28,35,0,8,26,1
2018,46,전라남도 여수시 웅천동(웅천지구앞 인근),4613013400,34.74984970151516,127.67895488727272,24,49,0,5,44,0
2018,46,전라남도 순천시 조례동(연향중앙상가길앞교차로 인근),4615013300,34.953177114545454,127.51905281303031,25,40,0,5,35,0
2018,46,전라남도 순천시 조례동(OUTBACK앞 인근),4615013300,34.95803598909091,127.52127765848485,20,33,0,7,26,0
2018,46,전라남도 순천시 조례동(수산시장사거리 인근),4615013300,34.95812242575757,127.51803134363637,17,27,0,5,22,0
2018,46,전라남도 나주시 이창동(이창동삼거리전앞 인근),4617012800,34.99576102030303,126.71423506303029,11,13,1,1,11,0
2018,46,전라남도 나주시 금천면(석전교차로 인근),4617039000,35.0221039660606,126.77511566363638,10,16,1,2,13,0
2018,46,전라남도 나주시 송월동(나주시청앞사거리 인근),4617010200,35.01617774848486,126.7142489672727,10,16,0,2,13,1
2018,46,전라남도 광양시 중동(시청사거리 인근),4623010600,34.938691894545464,127.69805743787879,12,21,0,3,17,1
2018,46,전라남도 광양시 중동(광양시전앞 인근),4623010600,34.93849917666666,127.69508425242422,11,13,0,3,9,1
2018,46,전라남도 광양시 금호동(태인교삼거리 인근),4623011000,34.93179258333334,127.74673418787877,10,14,0,0,14,0
2018,46,전라남도 담양군 담양읍(담양공고교차로전앞 인근),4671025000,35.30049013727273,126.98057955848482,9,23,0,3,20,0
2018,46,전라남도 담양군 담양읍(신남정삼거리 인근),4671025000,35.31989092787878,126.98514587727271,9,19,0,2,17,0
2018,46,전라남도 담양군 고서면(고서교차로 인근),4671032000,35.222496646666656,126.97402387606058,8,12,0,2,10,0
2018,46,전라남도 곡성군 곡성읍(현대종합철물건농자재 인근),4672025000,35.27968598787878,127.29709568848486,5,5,0,1,4,0
2018,46,전라남도 곡성군 곡성읍(제1읍내교 인근),4672025000,35.281448201818186,127.30114839727274,4,5,0,2,3,0
2018,46,전라남도 곡성군 옥과면(무창삼거리 인근),4672037000,35.28275021272728,127.14665878727271,4,6,0,1,5,0
2018,46,전라남도 구례군 구례읍(돌틈삼거리 인근),4673025000,35.216162115757584,127.46456253242424,6,7,1,3,2,1
2018,46,전라남도 구례군 구례읍(백연교 인근),4673025000,35.21265166454546,127.46468749909091,4,10,0,2,8,0
2018,46,전라남도 고흥군 고흥읍(봉황2교앞 인근),4677025000,34.608439056363636,127.28844383727274,9,9,0,3,6,0
2018,46,전라남도 고흥군 도양읍(소방서사거리 인근),4677025300,34.525978153939384,127.14086273121211,5,12,0,5,7,0
2018,46,전라남도 고흥군 고흥읍(고흥읍등암리161311 인근),4677025000,34.6011082590909,127.27873920909094,5,12,0,3,9,0
2018,46,전라남도 보성군 보성읍(보성역 인근),4678025000,34.76794245787879,127.08349071909089,7,7,0,3,4,0
2018,46,전라남도 보성군 벌교읍(제1부용교삼거리 인근),4678025300,34.84703767727272,127.34345818787877,6,9,0,3,6,0
2018,46,전라남도 보성군 보성읍(군청앞사거리전앞 인근),4678025000,34.77039830030302,127.08013234303029,5,7,0,0,7,0
2018,46,전라남도 화순군 화순읍(제일중입구 인근),4679025000,35.056134252727254,126.97415682787877,5,16,0,1,15,0
2018,46,전라남도 화순군 화순읍(화순고려전앞 인근),4679025000,35.055787207878794,126.99027221909088,4,8,0,0,7,1
2018,46,전라남도 화순군 화순읍(만연빌딩전앞 인근),4679025000,35.05575433333333,126.98584097121211,4,7,0,1,6,0
2018,46,전라남도 장흥군 장흥읍(순지교차로전앞1 인근),4680025000,34.65757595787878,126.88629340666668,8,20,0,4,16,0
2018,46,전라남도 장흥군 장흥읍(군민회관오거리 인근),4680025000,34.676249895454546,126.9093925012121,8,15,0,2,13,0
2018,46,전라남도 장흥군 장흥읍(장흥교사거리전앞 인근),4680025000,34.68020127030304,126.9050745312121,6,9,0,2,7,0
2018,46,전라남도 강진군 군동면(삼신삼거리 인근),4681031000,34.62378199030303,126.79609540666667,4,7,0,2,5,0
2018,46,전라남도 강진군 군동면(목리IC교전앞 인근),4681031000,34.62796692636364,126.79089106424247,4,13,0,2,10,1
2018,46,전라남도 강진군 성전면(월평교차로2 인근),4681036000,34.697606552121215,126.70939946909091,4,10,0,1,9,0
2018,46,전라남도 해남군 해남읍(농협농산물집하장전앞1 인근),4682025000,34.56010366848485,126.58724724848484,9,15,0,3,12,0
2018,46,전라남도 해남군 해남읍(롯데리아 인근),4682025000,34.57094053575757,126.59847715727274,9,12,0,0,12,0
2018,46,전라남도 해남군 해남읍(고도교차로 인근),4682025000,34.56579892,126.5942090572727,6,9,0,1,6,2
2018,46,전라남도 영암군 미암면(연성철물 인근),4683039000,34.72556821242425,126.56894024787879,9,14,1,6,7,0
2018,46,전라남도 영암군 덕진면(청림삼거리 인근),4683031000,34.834223051515146,126.6919713736364,9,21,0,0,20,1
2018,46,전라남도 영암군 신북면(신북시외터미널전앞 인근),4683033000,34.88791351969697,126.68963793787879,9,20,1,1,18,0
2018,46,전라남도 무안군 삼향읍(남악우체국 인근),4684025600,34.81286033515151,126.46022496121212,10,14,0,4,10,0
2018,46,전라남도 무안군 청계면(목포대사거리 인근),4684033000,34.90783117575757,126.43065928121213,7,10,0,3,7,0
2018,46,전라남도 무안군 무안읍(성동삼거리 인근),4684025000,34.99594848939394,126.4846944390909,7,9,0,1,8,0
2018,46,전라남도 함평군 함평읍(기각사거리전앞 인근),4686025000,35.0663961990909,126.52552680666665,8,17,0,2,13,2
2018,46,전라남도 함평군 학교면(학교사거리전앞 인근),4686033000,35.02095986333334,126.53355806303033,5,8,0,1,5,2
2018,46,전라남도 함평군 함평읍(나비주요소앞삼거리함평교 인근),4686025000,35.059888264545464,126.52410247787881,4,6,0,1,4,1
2018,46,전라남도 영광군 영광읍(경동보일러앞 인근),4687025000,35.2736310839394,126.5038325942424,9,11,1,1,9,0
2018,46,전라남도 영광군 영광읍(터미널사거리 인근),4687025000,35.27608414575758,126.50112662666669,9,10,1,1,8,0
2018,46,전라남도 영광군 영광읍(터미널사거리 인근),4687025000,35.27826580575757,126.50308707909089,6,11,0,2,9,0
2018,46,전라남도 장성군 장성읍(장성지하차도 인근),4688025000,35.29705773969696,126.78009120848483,8,11,0,3,8,0
2018,46,전라남도 장성군 장성읍(프라임주유소앞 인근),4688025000,35.28783044787879,126.78651425121213,6,16,0,3,13,0
2018,46,전라남도 장성군 남면(북광산IC 인근),4688032000,35.23553774,126.8233112060606,6,11,0,0,11,0
2018,46,전라남도 완도군 완도읍(모텔그랑프리전앞 인근),4689025000,34.31799508333334,126.74771712727274,7,10,0,1,9,0
2018,46,전라남도 완도군 완도읍(대림빌라 인근),4689025000,34.321055552424234,126.74532512666669,6,10,0,4,6,0
2018,46,전라남도 완도군 완도읍(엄목교차로 인근),4689025000,34.33665416212121,126.72938337242422,5,11,0,3,8,0
2018,46,전라남도 진도군 진도읍(진도읍남동리846 인근),4690025000,34.47810005696971,126.26387198363638,12,50,0,10,26,14
2018,46,전라남도 진도군 진도읍(진도읍교동리9216 인근),4690025000,34.481834467878784,126.25843448121213,6,6,0,3,3,0
2018,46,전라남도 진도군 진도읍(진도읍남동리4981 인근),4690025000,34.48102618272728,126.26373487848485,5,5,0,1,4,0
2018,46,전라남도 신안군 압해읍(압해면전앞 인근),4691025300,34.865214395757576,126.31204778121214,5,5,0,2,3,0
2018,47,경상북도 포항시 남구 해도동(신형산교 인근),4711110300,36.01213102515152,129.37112487606058,30,40,0,8,30,2
2018,47,경상북도 포항시 북구 죽도동(5호광장 인근),4711311600,36.02026717272727,129.35606121666663,28,31,0,5,24,2
2018,47,경상북도 포항시 북구 죽도동(포항신협본점 인근),4711311600,36.03476717393939,129.3641468090909,25,32,1,10,20,1
2018,47,경상북도 경주시 성건동(금성로4 인근),4713010800,35.84344899,129.20706484606066,23,29,1,8,20,0
2018,47,경상북도 경주시 황오동(경주역삼거리 인근),4713010500,35.84438898848485,129.2173618460606,22,29,1,8,18,2
2018,47,경상북도 경주시 성건동(동대사거리 인근),4713010800,35.85524198969698,129.2068588472727,20,22,0,4,17,1
2018,47,경상북도 김천시 신음동(E마트 인근),4715010800,36.13435389575757,128.11760453242425,20,23,0,4,19,0
2018,47,경상북도 김천시 평화동(성남동 인근),4715010500,36.124495300909096,128.1179809072727,17,17,0,9,8,0
2018,47,경상북도 김천시 신음동(직지교사거리 인근),4715010800,36.12834108333333,128.11819506363636,17,25,0,2,23,0
2018,47,경상북도 안동시 옥동(옥동사거리 인근),4717013300,36.56336658393939,128.70273800242424,25,47,0,9,37,1
2018,47,경상북도 안동시 송현동(송현오거리 인근),4717013600,36.57199458575758,128.69747790787875,20,33,0,9,24,0
2018,47,경상북도 안동시 목성동(안동구시장공영주차장 인근),4717012400,36.56542061515153,128.7264571890909,19,25,0,5,19,1
2018,47,경상북도 구미시 인의동(인동네거리 인근),4719012200,36.10591429515153,128.41970546727276,21,37,0,8,29,0
2018,47,경상북도 구미시 황상동(인동광장 인근),4719012100,36.110853991212124,128.41749284545455,20,28,0,7,18,3
2018,47,경상북도 구미시 지산동(신평교남측 인근),4719010200,36.12621345757575,128.35718959666664,20,32,1,5,25,1
2018,47,경상북도 영주시 가흥동(시민체육공원 인근),4721010500,36.80835791727273,128.61164889303032,14,20,0,3,13,4
2018,47,경상북도 영주시 영주동(SK셀프주유소 인근),4721010100,36.82616806090909,128.61951072848484,14,14,0,3,9,2
2018,47,경상북도 영주시 휴천동(성누가 인근),4721010400,36.82101436545455,128.6257709378788,12,17,0,4,12,1
2018,47,경상북도 영천시 금호읍(새마을금고앞교차로 인근),4723025000,35.9313593678788,128.8728417572727,13,16,1,4,11,0
2018,47,경상북도 영천시 과전동(중앙사거리 인근),4723010800,35.96690002242424,128.93129103242424,11,19,0,3,15,1
2018,47,경상북도 영천시 완산동(완산오거리 인근),4723011300,35.96328945727272,128.9340873760606,10,19,0,3,15,1
2018,47,경상북도 상주시 서문동(중앙사거리 인근),4725010800,36.41566699303031,128.15936593727272,12,18,0,6,12,0
2018,47,경상북도 상주시 무양동(상주터미널 인근),4725010900,36.41837033515151,128.15108759606062,10,18,0,5,13,0
2018,47,경상북도 상주시 서성동(동산동물병원 인근),4725010600,36.41589397454544,128.16282241121212,8,9,0,5,4,0
2018,47,경상북도 문경시 모전동(모전오거리 인근),4728011000,36.58668366060606,128.1919620312121,18,27,0,3,24,0
2018,47,경상북도 문경시 마성면(진남 인근),4728036000,36.661234521818194,128.12422512666666,6,11,0,4,7,0
2018,47,경상북도 문경시 흥덕동(일신슈퍼방앗간 인근),4728010300,36.60743742393939,128.20619185363637,6,7,0,1,6,0
2018,47,경상북도 경산시 중방동(시청네거리 인근),4729011700,35.82405527030303,128.74212765727276,18,22,0,5,17,0
2018,47,경상북도 경산시 계양동(영대오거리 인근),4729011600,35.83412108454546,128.74755581303032,18,27,0,9,18,0
2018,47,경상북도 경산시 중방동(경산오거리 인근),4729011700,35.82386395909091,128.73739212363634,15,22,0,5,16,1
2018,47,경상북도 군위군 군위읍(사직교앞 인근),4772025000,36.23174277151515,128.56368422181816,3,6,0,4,2,0
2018,47,경상북도 의성군 의성읍(한국국토정보공사 의성지사 인근),4773025000,36.349432523333334,128.6955946884849,8,11,0,3,7,1
2018,47,경상북도 의성군 의성읍(북원사거리 인근),4773025000,36.35639292636365,128.6941461590909,5,6,0,1,5,0
2018,47,경상북도 의성군 단촌면(세촌삼거리 인근),4773031000,36.42178452333333,128.67280059606063,5,10,0,1,9,0
2018,47,경상북도 청송군 안덕면(교차로 인근),4775035000,36.285173897272735,128.95499718787877,3,6,1,2,3,0
2018,47,경상북도 청송군 진보면(진안사거리 인근),4775037000,36.52640549151516,129.0443622518182,3,7,0,1,6,0
2018,47,경상북도 영양군 영양읍(농협사거리 인근),4776025000,36.66578002151516,129.11435078363638,7,8,0,3,5,0
2018,47,경상북도 영양군 영양읍(우체국사거리 인근),4776025000,36.661585557575755,129.11272493242424,3,3,0,1,2,0
2018,47,경상북도 영덕군 강구면(강구초교1 인근),4777031000,36.35699261515151,129.38066562727275,9,16,1,0,14,1
2018,47,경상북도 영덕군 강구면(대게종가 인근),4777031000,36.3588265221212,129.3825635960606,8,12,0,4,5,3
2018,47,경상북도 영덕군 병곡면(병곡교차로 인근),4777037000,36.606377920303025,129.41118489242425,7,18,0,11,6,1
2018,47,경상북도 청도군 청도읍(송읍교1 인근),4782025300,35.64916417515152,128.75101628242425,7,29,1,13,15,0
2018,47,경상북도 청도군 청도읍(한양 인근),4782025300,35.64744264575757,128.73774493787874,6,8,0,2,6,0
2018,47,경상북도 청도군 화양읍(서상교차로 인근),4782025000,35.65682124181818,128.69682600363637,6,12,0,4,8,0
2018,47,경상북도 고령군 대가야읍(고령광장 인근),4783025300,35.72935208454545,128.27141453242422,4,6,0,1,5,0
2018,47,경상북도 고령군 쌍림면(고곡삼거리 인근),4783037000,35.70331301909092,128.2521894384849,3,5,0,2,1,2
2018,47,경상북도 고령군 대가야읍(내곡리 인근),4783025300,35.72521561666667,128.267436969697,3,4,0,1,3,0
2018,47,경상북도 성주군 선남면(소학리 인근),4784031000,35.88262401909091,128.37983453242424,10,18,0,6,12,0
2018,47,경상북도 성주군 성주읍(경산네거리 인근),4784025000,35.91819211454544,128.2867565960606,10,13,0,5,8,0
2018,47,경상북도 성주군 성주읍(대원주유소 인근),4784025000,35.917945302727276,128.27892837727273,6,6,0,0,6,0
2018,47,경상북도 칠곡군 석적읍(광암교서측교차로 인근),4785025600,36.07877554909092,128.40171722363635,16,22,0,4,15,3
2018,47,경상북도 칠곡군 왜관읍(로얄사거리 인근),4785025000,35.98735491787879,128.39931488909087,13,17,0,6,10,1
2018,47,경상북도 칠곡군 왜관읍(왜관지하도서측 인근),4785025000,35.99624512636365,128.3991095560606,12,13,0,5,6,2
2018,47,경상북도 예천군 예천읍(롯데리아 인근),4790025000,36.65518370909092,128.45579790787878,11,12,0,9,3,0
2018,47,경상북도 예천군 예천읍(남본삼거리 인근),4790025000,36.65069505242425,128.4568454378788,7,11,0,6,5,0
2018,47,경상북도 예천군 예천읍(예천교앞 인근),4790025000,36.65038386575757,128.4478180972727,5,8,0,5,3,0
2018,47,경상북도 봉화군 봉화읍(삼성화재해상보험1 인근),4792025000,36.89033449272727,128.74052553242424,5,6,0,2,4,0
2018,47,경상북도 봉화군 춘양면(춘양주유소 인근),4792034000,36.93487064757576,128.9127746878788,3,3,0,1,2,0
2018,47,경상북도 울진군 북면(한수원울진원자력본부 인근),4793031000,37.098826773333336,129.3725533760606,3,4,0,1,3,0
2018,48,경상남도 창원시 마산합포구 창동(순안2 인근),4812515000,35.20463049333333,128.5774067336364,22,26,0,12,12,2
2018,48,경상남도 창원시 성산구 상남동(세븐일레븐앞 인근),4812312700,35.222686654545456,128.6865648378788,21,26,0,9,17,0
2018,48,경상남도 창원시 의창구 소답동(39사사거리 인근),4812110400,35.261179377272725,128.6275156090909,21,39,1,14,24,0
2018,48,경상남도 진주시 하대동(전화국사거리 인근),4817012000,35.18428139666666,128.11727737787876,13,14,0,10,4,0
2018,48,경상남도 진주시 칠암동(강남동사거리 인근),4817010400,35.18418473969697,128.08854528363636,11,17,0,10,5,2
2018,48,경상남도 진주시 이현동(북파삼거리 인근),4817012700,35.19326118212122,128.0677970278788,11,13,1,10,2,0
2018,48,경상남도 통영시 중앙동(GS25 인근),4822010500,34.843166801818185,128.42274565787875,26,30,0,10,18,2
2018,48,경상남도 통영시 무전동(북신동678 인근),4822011100,34.85752494909091,128.4285366730303,23,28,0,10,18,0
2018,48,경상남도 통영시 무전동(무전대로 인근),4822011100,34.859970582727264,128.42763925121213,20,26,0,8,15,3
2018,48,경상남도 사천시 동금동(사천법원앞 인근),4824010400,34.93175877181819,128.07704515787876,19,27,0,8,18,1
2018,48,경상남도 사천시 벌리동(버스터미널사거리 인근),4824010800,34.93870080060606,128.0797304072727,13,18,0,7,8,3
2018,48,경상남도 사천시 사천읍(수석5리사거리 인근),4824025000,35.080292739696965,128.0831413460606,12,24,0,9,14,1
2018,48,경상남도 김해시 어방동(다솜조명백화점앞교차로 인근),4825011800,35.24249481030303,128.90403390545455,28,44,1,17,26,0
2018,48,경상남도 김해시 전하동(전하교교차로 인근),4825011500,35.22567898727274,128.8744227242424,26,42,0,13,27,2
2018,48,경상남도 김해시 삼계동(부산은행앞교차로 인근),4825010700,35.260616908484856,128.86967701606062,22,27,0,12,13,2
2018,48,경상남도 밀양시 삼문동(삼문동사무소앞 인근),4827010400,35.48316045787879,128.75261347181817,8,8,0,1,7,0
2018,48,경상남도 밀양시 무안면(세광맨션 인근),4827038000,35.48574755333334,128.7504032212121,8,15,0,7,8,0
2018,48,경상남도 밀양시 삼문동(밀양 인근),4827010400,35.487996270303036,128.7484959690909,8,11,0,2,9,0
2018,48,경상남도 거제시 고현동(고현사거리 인근),4831010900,34.88693402181816,128.6238641260606,21,35,0,6,29,0
2018,48,경상남도 거제시 고현동(전자랜드3 인근),4831010900,34.89192789636364,128.6248425330303,17,26,0,7,18,1
2018,48,경상남도 거제시 고현동(고현앞 인근),4831010900,34.892676426363636,128.62924747121215,15,21,0,11,10,0
2018,48,경상남도 양산시 물금읍(범어리1813 인근),4833025300,35.32016666454545,129.00711083121212,15,27,0,6,19,2
2018,48,경상남도 양산시 물금읍(양산부산대학교병원앞 인근),4833025300,35.330353559090916,129.00640725121212,14,20,0,4,12,4
2018,48,경상남도 양산시 주남동(소주공단입구사거리 인근),4833011600,35.415687553939385,129.1686852518182,13,20,1,7,12,0
2018,48,경상남도 의령군 의령읍(남산 인근),4872025000,35.316802768484855,128.26133868787883,4,4,0,0,4,0
2018,48,경상남도 의령군 의령읍(남천삼거리 인근),4872025000,35.31401795787878,128.25426881363637,3,3,0,0,3,0
2018,48,경상남도 의령군 의령읍(백야삼거리 인근),4872025000,35.31759123969696,128.2818200012121,3,12,0,1,10,1
2018,48,경상남도 함안군 가야읍(성주교2 인근),4873025000,35.28091261333333,128.4031460636364,7,9,0,5,4,0
2018,48,경상남도 함안군 군북면(군북 인근),4873032000,35.26202077272728,128.3458612512121,6,11,0,2,9,0
2018,48,경상남도 함안군 가야읍(가야사거리 인근),4873025000,35.2773132078788,128.40465012727273,5,7,0,3,4,0
2018,48,경상남도 창녕군 남지읍(윤치과의원 인근),4874025300,35.389597457878786,128.48188768787878,13,16,0,5,11,0
2018,48,경상남도 창녕군 영산면(영산교회 인근),4874038000,35.45705077121212,128.52657315727276,8,9,0,6,3,0
2018,48,경상남도 창녕군 창녕읍(교보생명 인근),4874025000,35.54279536666667,128.4923471890909,8,11,0,4,7,0
2018,48,경상남도 고성군 고성읍(주연테크 인근),4882025000,34.974516739090916,128.32192850181815,11,13,0,6,7,0
2018,48,경상남도 고성군 고성읍(파머스마트 인근),4882025000,34.978073303333325,128.32638197121213,11,13,0,8,5,0
2018,48,경상남도 고성군 고성읍(강병원 인근),4882025000,34.9740133630303,128.3250724378788,5,5,0,1,4,0
2018,48,경상남도 남해군 남해읍(남해읍사무소 인근),4884025000,34.838146426666675,127.89411762727272,9,10,0,6,3,1
2018,48,경상남도 남해군 남해읍(주원프라자앞 인근),4884025000,34.842061552121216,127.89393159545453,6,6,0,6,0,0
2018,48,경상남도 남해군 남해읍(남변사거리 인근),4884025000,34.833481085151504,127.89936737666663,4,8,0,5,2,1
2018,48,경상남도 하동군 하동읍(경남하동경찰서 인근),4885025000,35.06772123909092,127.74932747121211,5,7,0,4,3,0
2018,48,경상남도 하동군 진교면(섬마을해물칼국수 인근),4885037000,35.026356832727274,127.90392531363636,4,4,0,1,3,0
2018,48,경상남도 하동군 금남면(계천사거리 인근),4885036000,34.99620558393939,127.81144231363633,3,10,0,3,6,1
2018,48,경상남도 산청군 신안면(원지삼거리 인근),4886038000,35.303435646060606,127.97245137727273,4,6,0,5,1,0
2018,48,경상남도 산청군 산청읍(산청법원 인근),4886025000,35.41671730242423,127.87737347121214,4,4,0,1,3,0
2018,48,경상남도 산청군 단성면(대방마을 인근),4886037000,35.30152552030304,127.96271481303029,3,5,1,1,1,2
2018,48,경상남도 함양군 함양읍(읍내지구대 인근),4887025000,35.52094261515152,127.72994993848484,9,10,0,3,7,0
2018,48,경상남도 함양군 함양읍(주차장사거리 인근),4887025000,35.52155961454545,127.7335836124242,8,16,0,4,9,3
2018,48,경상남도 함양군 함양읍(함양2교 인근),4887025000,35.51537802575757,127.72978626727273,5,6,0,2,4,0
2018,48,경상남도 거창군 거창읍(중앙교사거리 인근),4888025000,35.68501091727272,127.91706488787878,13,16,0,7,7,2
2018,48,경상남도 거창군 거창읍(창동교북측 인근),4888025000,35.687706917878785,127.92077088727271,8,16,0,8,8,0
2018,48,경상남도 거창군 거창읍(법원사거리 인근),4888025000,35.689271918484856,127.9092188878788,7,9,0,5,4,0
2018,48,경상남도 합천군 합천읍(충효로 인근),4889025000,35.56710655272726,128.1611663136364,8,9,1,5,3,0
2018,48,경상남도 합천군 합천읍(합천시외터미널앞 인근),4889025000,35.5682078339394,128.16332565787883,5,5,0,2,2,1
2018,48,경상남도 합천군 삼가면(어린이보호 인근),4889043000,35.41434177696971,128.12231171242422,4,4,0,3,1,0
2018,50,제주특별자치도 제주시 연동(신광사거리 인근),5011013700,33.493792581818184,126.49223021909094,28,47,0,6,38,3
2018,50,제주특별자치도 제주시 연동(신제주로타리서측 인근),5011013700,33.48976205333334,126.49591443848485,28,43,0,5,29,9
2018,50,제주특별자치도 제주시 노형동(노형오거리 인근),5011012200,33.48600014454546,126.47959103121215,27,36,0,5,26,5
2018,50,제주특별자치도 서귀포시 서홍동(한남투자 인근),5013010600,33.252711733333335,126.56116478606057,24,47,0,11,27,9
2018,50,제주특별자치도 서귀포시 서귀동(김약국 인근),5013010100,33.24760700606061,126.56198398030301,23,25,0,8,12,5
2018,50,제주특별자치도 서귀포시 서귀동(뉴본아파트 인근),5013010100,33.24738788666667,126.56868248909092,14,17,0,2,10,5
2019,11,서울특별시 종로구 숭인동(동묘앞역 인근),1111017500,37.57302277333333,127.01567515909095,46,58,0,16,32,10
2019,11,서울특별시 종로구 창신동(동대문로터리흥인지문 인근),1111016400,37.57066317636364,127.00942817848485,39,53,0,9,35,9
2019,11,서울특별시 종로구 종로1가(세종로사거리일반국도6 인근),1111011700,37.57022317121211,126.97624141242423,37,59,0,14,41,4
2019,11,서울특별시 중구 봉래동2가(통일로한강대로진입 인근),1114012000,37.556130165757565,126.97267911909087,52,68,1,16,43,8
2019,11,서울특별시 중구 광희동1가(중앙우체국 인근),1114012100,37.5611579160606,126.98164219121213,51,68,0,13,50,5
2019,11,서울특별시 중구 정동(서울프라자호텔 인근),1114011400,37.564468759696965,126.97812050121215,40,52,0,11,37,4
2019,11,서울특별시 용산구 이태원동(이태원역 인근),1117013000,37.53449877727272,126.99396613363636,57,68,0,16,47,5
2019,11,서울특별시 용산구 이촌동(용산대우드림월드3차한 인근),1117012900,37.523202728181815,126.96223892909094,39,50,0,16,32,2
2019,11,서울특별시 용산구 한남동(한남2고가차도한남로 인근),1117013100,37.53429409,127.00695394606059,37,47,0,7,36,4
2019,11,서울특별시 성동구 성수동2가(응봉로뚝섬길사거리뚝 인근),1120010700,37.54423821333334,127.03520072363641,35,65,0,13,50,2
2019,11,서울특별시 성동구 송정동(장안둑길삼거리 인근),1120011400,37.55148474545456,127.04465517363637,33,54,1,10,34,9
2019,11,서울특별시 성동구 행당동(왕십리역 인근),1120010700,37.561196984848486,127.03546173727274,29,40,0,6,33,1
2019,11,서울특별시 광진구 화양동(건대입구역 인근),1121510500,37.539920522121214,127.07067331242419,44,56,0,6,46,4
2019,11,서울특별시 광진구 군자동(능동시장입구 인근),1121510100,37.556485742727276,127.07915261363638,37,60,0,11,47,2
2019,11,서울특별시 광진구 군자동(성수사거리 인근),1121510500,37.54218498515151,127.06403788666668,25,37,1,4,31,1
2019,11,서울특별시 동대문구 용두동(성심의원고산자로진출 인근),1123010200,37.57360728909091,127.03818510090908,37,48,0,10,32,6
2019,11,서울특별시 동대문구 제기동(경동시장 인근),1123010200,37.57817774272727,127.03836835121213,36,42,1,5,32,4
2019,11,서울특별시 동대문구 청량리동(청량리역홍릉길진입1 인근),1123010700,37.58084535848486,127.04511619727272,35,47,0,12,34,1
2019,11,서울특별시 중랑구 망우동(한일써너스빌리젠시2 인근),1126010500,37.597810838787886,127.09393092121213,40,47,2,11,31,3
2019,11,서울특별시 중랑구 신내동(망우사거리 인근),1126010500,37.599881329090906,127.10048636909089,37,50,0,4,35,11
2019,11,서울특별시 중랑구 면목동(사가정역 인근),1126010100,37.58070104969698,127.08851997121212,34,39,1,3,31,4
2019,11,서울특별시 성북구 하월곡동(종암사거리종암로진입 인근),1129013500,37.60264028939393,127.03247943242425,68,90,0,18,67,5
2019,11,서울특별시 성북구 하월곡동(길음역로터리 인근),1129013600,37.60428005515151,127.02520263363635,59,79,0,10,62,7
2019,11,서울특별시 성북구 동선동4가(실과바늘 인근),1129010300,37.593357813939406,127.01639951363637,36,53,0,11,38,4
2019,11,서울특별시 강북구 수유동(수유역 인근),1130510300,37.6379826490909,127.02565258848485,78,96,0,14,76,6
2019,11,서울특별시 강북구 수유동(주하이마트 인근),1130510100,37.63528463272727,127.02327492848488,56,81,0,12,65,4
2019,11,서울특별시 강북구 미아동(미아4동지구대 인근),1130510100,37.616452966969696,127.02991358787878,46,72,0,10,58,4
2019,11,서울특별시 도봉구 창동(창동하이마트 인근),1132010700,37.65271417787878,127.05246903666668,30,39,0,4,33,2
2019,11,서울특별시 도봉구 창동(도봉보건소 인근),1132010700,37.6567118330303,127.03955648909088,27,42,0,12,24,6
2019,11,서울특별시 도봉구 창동(창동시장입구 인근),1132010700,37.646524512121196,127.03349928363637,27,36,0,5,23,8
2019,11,서울특별시 노원구 상계동(노원역일반국도3호선 인근),1135010500,37.65477790848485,127.06045367303032,55,76,1,11,56,8
2019,11,서울특별시 노원구 공릉동(서울동아의원 인근),1135010300,37.61926342090908,127.07832388363636,42,69,1,11,54,3
2019,11,서울특별시 노원구 상계동(상계초교입구 인근),1135010500,37.65710160121213,127.06663785787879,36,50,0,9,39,2
2019,11,서울특별시 은평구 대조동(갈현동먹자골목 인근),1138010400,37.618416077272734,126.92010230363634,51,61,1,14,36,10
2019,11,서울특별시 은평구 역촌동(구산역 인근),1138010800,37.61126059787879,126.91730027848489,29,35,0,3,28,4
2019,11,서울특별시 은평구 신사동(신사오거리 인근),1138010800,37.59909223787879,126.9157215812121,25,36,1,6,29,0
2019,11,서울특별시 서대문구 홍은동(홍은사거리홍은중앙길 인근),1141011100,37.591692413939384,126.94226643606059,48,68,1,12,50,5
2019,11,서울특별시 서대문구 현저동(독립문일반국도48호선 인근),1141010800,37.57171605363635,126.95964333363636,31,61,0,9,45,7
2019,11,서울특별시 서대문구 미근동(서대문아트홀일반국도6 인근),1141010100,37.565280207878786,126.96634453606059,28,44,0,7,29,8
2019,11,서울특별시 마포구 대흥동(서강로마포로진출로 인근),1144010200,37.5443193930303,126.95030090545454,43,58,0,9,40,9
2019,11,서울특별시 마포구 동교동(홍대입구역 인근),1144012000,37.55521480272728,126.92159507606061,38,55,0,10,35,10
2019,11,서울특별시 마포구 합정동(합정역 인근),1144012200,37.54922931454546,126.91345680242425,38,80,0,5,64,11
2019,11,서울특별시 양천구 신월동(서광빌딩 인근),1147010300,37.536026429696975,126.82921029787879,41,59,0,16,39,4
2019,11,서울특별시 양천구 목동(청소년수련관앞 인근),1147010200,37.53034659393939,126.87488071363634,41,66,0,4,55,7
2019,11,서울특별시 양천구 목동(목동역 인근),1147010200,37.52617248151514,126.8643765778788,35,52,1,3,44,4
2019,11,서울특별시 강서구 가양동(화곡사거리 인근),1150010300,37.530612767878786,126.84746375909091,47,58,1,9,47,1
2019,11,서울특별시 강서구 가양동(화곡로공항대로진출1 인근),1150010300,37.554821151818196,126.85184956606058,37,54,0,11,40,3
2019,11,서울특별시 강서구 화곡동(화곡역 인근),1150010300,37.54166866787879,126.8404881778788,34,43,1,4,36,2
2019,11,서울특별시 금천구 가산동(모텔케슬 인근),1153010300,37.47863377393939,126.88898529787876,49,79,0,18,54,7
2019,11,서울특별시 구로구 구로동(남부순환로108272 인근),1153010200,37.48667595909091,126.8779824078788,28,44,1,8,34,1
2019,11,서울특별시 구로구 오류동(시티월드앞 인근),1153010800,37.49441124727273,126.84014111848487,28,49,0,12,33,4
2019,11,서울특별시 금천구 시흥동(시흥사거리 인근),1154510300,37.45476667636363,126.90057509242419,42,59,0,10,42,7
2019,11,서울특별시 금천구 독산동(독산사거리 인근),1154510200,37.47144175818182,126.89823265606063,25,36,2,7,25,2
2019,11,서울특별시 금천구 독산동(혜전빌딩 인근),1154510200,37.4769921769697,126.89878802242424,21,29,0,6,20,3
2019,11,서울특별시 영등포구 영등포동7가(영등포로터리버드나룻 인근),1156010200,37.51913766454545,126.9125515424242,67,100,0,12,82,6
2019,11,서울특별시 영등포구 양평동4가(양평동사거리 인근),1156012800,37.53595668575758,126.89784331606059,54,92,0,13,69,10
2019,11,서울특별시 영등포구 영등포동4가(영등포역 인근),1156010100,37.51641380515151,126.90668487363638,41,60,1,12,42,5
2019,11,서울특별시 동작구 상도1동(노다지사철탕 인근),1159010300,37.50344797181818,126.94819769666664,46,69,0,11,45,13
2019,11,서울특별시 동작구 신대방동(국민은행 인근),1159010900,37.4989875760606,126.92821538909092,43,61,0,8,44,9
2019,11,서울특별시 동작구 동작동(한강대교남단 인근),1159010400,37.513974927878785,126.95633888242423,37,58,0,6,42,10
2019,11,서울특별시 관악구 신림동(신림역 인근),1162010200,37.484269325151516,126.92975011909091,57,75,0,12,50,13
2019,11,서울특별시 관악구 봉천동(서울대입구역 인근),1162010100,37.48126630636363,126.9527762518182,49,65,0,11,52,2
2019,11,서울특별시 관악구 봉천동(봉천본동농협앞 인근),1162010100,37.48194417636364,126.94635393787878,40,47,0,11,34,2
2019,11,서울특별시 서초구 염곡동(염곡사거리 인근),1165011000,37.46570191848485,127.04301759242422,62,86,0,4,75,7
2019,11,서울특별시 서초구 염곡동(트럭터미널장군촌 인근),1165010200,37.46067682848485,127.0360268878788,56,88,0,8,74,6
2019,11,서울특별시 서초구 반포동(강남성모병원 인근),1165010700,37.502143855757566,127.00348582606057,40,62,0,4,52,6
2019,11,서울특별시 강남구 수서동(수서역 인근),1168011500,37.48736194454545,127.10172983848486,57,81,0,16,53,12
2019,11,서울특별시 강남구 논현동(CHA여성의학연구소 인근),1168010800,37.507329303333336,127.03393031727275,52,66,0,9,55,2
2019,11,서울특별시 강남구 논현동(봉암빌딩 인근),1168010100,37.508304511212124,127.03726589848485,48,81,1,15,64,1
2019,11,서울특별시 송파구 신천동(잠실역 인근),1171010200,37.51328305575758,127.10023002727273,50,72,0,14,52,6
2019,11,서울특별시 송파구 신천동(트리지움상가 인근),1171010100,37.51076782212121,127.08588691121211,48,61,0,9,45,7
2019,11,서울특별시 송파구 문정동(제일오피스텔 인근),1171010700,37.493294021515155,127.11814113909094,47,58,1,14,36,7
2019,11,서울특별시 강동구 천호동(천호대로올림픽로진출 인근),1174010800,37.53853186121212,127.12403741848486,46,70,0,13,52,5
2019,11,서울특별시 강동구 성내동(길동사거리 인근),1174010800,37.53395525848485,127.13861581242429,37,53,0,15,35,3
2019,11,서울특별시 강동구 천호동(강동성심병원 인근),1174010500,37.53527612272727,127.13433145606062,37,52,0,11,33,8
2019,26,부산광역시 중구 남포동6가(남포사거리 인근),2611014000,35.09774708424243,129.02825543848482,30,38,0,7,30,1
2019,26,부산광역시 중구 부평동4가(보수사거리 인근),2611012400,35.103111926666664,129.02535272121213,19,24,0,5,17,2
2019,26,부산광역시 중구 남포동6가(옛시청사거리 인근),2611010900,35.09860055212121,129.0358380660606,15,20,0,5,14,1
2019,26,부산광역시 서구 충무동1가(충무교차로 인근),2614011800,35.09645377030302,129.02446943848489,28,38,0,15,18,5
2019,26,부산광역시 서구 서대신동2가(동대신교차로 인근),2614010200,35.110059737878785,129.01795656363635,22,35,0,11,19,5
2019,26,부산광역시 서구 동대신동2가(대영로106 인근),2614010200,35.1117456139394,129.02267803121208,19,26,0,4,18,4
2019,26,부산광역시 동구 수정동(중앙대로252 인근),2617010100,35.11928745666666,129.04200034666664,33,52,0,12,37,3
2019,26,부산광역시 동구 범일동(범일로89 인근),2617010400,35.13795511393939,129.05940043848483,31,48,0,12,33,3
2019,26,부산광역시 동구 범일동(범일전화국앞 인근),2617010400,35.13710367666667,129.06357353242424,24,33,0,9,22,2
2019,26,부산광역시 영도구 봉래동1가(대교동 인근),2620010100,35.09264708333333,129.03837328303027,23,28,1,4,22,1
2019,26,부산광역시 영도구 봉래동4가(봉래교차로 인근),2620011700,35.092996334545454,129.04487331363637,19,31,0,7,22,2
2019,26,부산광역시 영도구 청학동(태종로3191 인근),2620012000,35.09671555212121,129.06089675242424,10,12,0,3,9,0
2019,26,부산광역시 부산진구 부전동(중앙대로717 인근),2623010300,35.154491801212124,129.05919618787874,55,67,0,18,45,4
2019,26,부산광역시 부산진구 부전동(가야대로777 인근),2623010300,35.15773811515152,129.05781600242426,52,71,1,17,51,2
2019,26,부산광역시 부산진구 범전동(광무교북측 인근),2623010400,35.1506978339394,129.0592205330303,52,84,0,20,60,4
2019,26,부산광역시 동래구 사직동(충렬교 인근),2626010700,35.204074614545455,129.07886300121214,49,63,0,15,46,2
2019,26,부산광역시 동래구 명륜동(동래교차로 인근),2626010700,35.20170045606061,129.08394550121213,35,58,0,13,37,8
2019,26,부산광역시 동래구 낙민동(안락교차로 인근),2626010200,35.198337928484854,129.09678347242425,33,51,0,11,37,3
2019,26,부산광역시 남구 문현동(문현교차로 인근),2629010900,35.136893018484855,129.0680820324243,47,70,0,15,50,5
2019,26,부산광역시 남구 대연동(대연사거리 인근),2629010600,35.135124487878784,129.0919293460606,31,34,0,15,18,1
2019,26,부산광역시 남구 대연동(수영로324 인근),2629010600,35.13799111393939,129.10138272121213,26,31,0,5,17,9
2019,26,부산광역시 북구 덕천동(만덕대로39 인근),2632010400,35.21140698848486,129.01072943909088,32,45,0,12,29,4
2019,26,부산광역시 북구 구포동(덕천교차로 인근),2632010400,35.21014126969696,129.00539803303033,30,40,0,4,33,3
2019,26,부산광역시 북구 덕천동(만덕교차로 인근),2632010300,35.21298314666667,129.03658562666666,28,41,0,9,31,1
2019,26,부산광역시 해운대구 중동(좌동순환로458 인근),2635010600,35.16192770727273,129.1713595330303,22,25,0,8,15,2
2019,26,부산광역시 해운대구 좌동(장산역사거리 인근),2635010700,35.16948289424243,129.17581628242425,21,28,0,10,15,3
2019,26,부산광역시 해운대구 우동(올림픽교차로 인근),2635010500,35.168930926969686,129.13896950121216,19,24,0,4,17,3
2019,26,부산광역시 사하구 하단동(하단교차로 인근),2638010300,35.106146271818176,128.9684689078788,51,74,1,20,51,2
2019,26,부산광역시 사하구 당리동(괴정로116 인근),2638010200,35.10150861545455,128.97647756363637,30,35,1,8,22,4
2019,26,부산광역시 사하구 괴정동(괴정교차로 인근),2638010100,35.10013552030303,128.9932400030303,27,35,0,10,21,4
2019,26,부산광역시 금정구 서동(서동로176번길142 인근),2641011000,35.213929177878796,129.10531787666667,24,29,1,7,18,3
2019,26,부산광역시 금정구 부곡동(중앙대로1629번길26 인근),2641010800,35.23020636575757,129.0896378766667,22,34,0,9,23,2
2019,26,부산광역시 금정구 부곡동(장전교서측 인근),2641010800,35.23992386454544,129.08791747121214,20,27,0,7,15,5
2019,26,부산광역시 강서구 송정동(녹산산단165로14번길32 인근),2644010900,35.08895902121212,128.83949537727275,15,19,0,3,16,0
2019,26,부산광역시 강서구 강동동(평강로332 인근),2644010200,35.21446217727272,128.94811275121214,12,17,0,8,9,0
2019,26,부산광역시 강서구 명지동(명지동1610 인근),2644010400,35.110997396666676,128.93249581606062,12,15,0,6,9,0
2019,26,부산광역시 연제구 연산동(연산교차로 인근),2647010200,35.18605883333332,129.08166468909093,79,115,0,28,79,8
2019,26,부산광역시 연제구 연산동(중앙대로1167 인근),2647010100,35.19161383515152,129.08024909363633,26,32,0,8,23,1
2019,26,부산광역시 연제구 거제동(법원남로9번길28 인근),2647010100,35.18958567787878,129.07403140787878,25,35,1,10,23,1
2019,26,부산광역시 수영구 광안동(수영교차로 인근),2650010400,35.16736427090908,129.11523412787878,47,56,0,16,33,7
2019,26,부산광역시 수영구 광안동(광안사거리 인근),2650010400,35.16196098848484,129.11407818848483,26,33,0,5,25,3
2019,26,부산광역시 수영구 남천동(장대골교차로 인근),2650010400,35.15727102121212,129.11309503242427,25,35,0,15,18,2
2019,26,부산광역시 사상구 감전동(서부터미널 인근),2653010400,35.16208217545455,128.98473934606062,39,56,0,11,40,5
2019,26,부산광역시 사상구 모라동(신모라사거리 인근),2653010200,35.18623874030302,128.99100643848485,29,43,1,8,30,4
2019,26,부산광역시 사상구 괘법동(사상로252 인근),2653010400,35.167108020303026,128.9823119072727,25,53,0,8,36,9
2019,26,부산광역시 기장군 기장읍(읍내로1111 인근),2671025000,35.24513083393939,129.21678468909093,13,23,2,6,14,1
2019,26,부산광역시 기장군 기장읍(청강사거리 인근),2671025000,35.235991835151516,129.21784743848488,12,19,0,5,14,0
2019,26,부산광역시 기장군 기장읍(차성남로75 인근),2671025000,35.24112839666666,129.21660500181815,11,14,0,6,8,0
2019,27,대구광역시 중구 남산동(동아진열장 인근),2711011200,35.86569912090909,128.59216720848485,36,63,1,10,36,16
2019,27,대구광역시 중구 대봉동(봉산육거리 인근),2711010800,35.863895989090906,128.59949984484845,33,54,0,8,41,5
2019,27,대구광역시 중구 남산동(계산오거리 인근),2711013900,35.86643999030303,128.58763584606058,28,61,0,10,44,7
2019,27,대구광역시 동구 신천동(동대구역네거리 인근),2714010200,35.87661598969696,128.6261338460606,42,60,0,12,42,6
2019,27,대구광역시 동구 효목동(큰고개오거리 인근),2714010300,35.885616988484855,128.6330198460606,41,68,0,5,57,6
2019,27,대구광역시 동구 신암동(공고네거리 인근),2714010100,35.88115599060607,128.6141348460606,29,42,0,5,35,2
2019,27,대구광역시 서구 비산동(북비산네거리 인근),2717010200,35.87963999121212,128.57138684606062,38,50,0,12,35,3
2019,27,대구광역시 서구 내당동(두류네거리 인근),2717010100,35.85790199060605,128.55749184424243,37,69,1,7,58,3
2019,27,대구광역시 서구 평리동(신평리네거리 인근),2717010300,35.87045298969697,128.55497384363636,35,53,0,11,37,5
2019,27,대구광역시 남구 대명동(계명네거리 인근),2720010300,35.85632299060606,128.5829078460606,35,46,0,10,35,1
2019,27,대구광역시 남구 대명동(앞산네거리 인근),2720010300,35.84019398969697,128.57995784606058,35,58,0,8,46,4
2019,27,대구광역시 남구 봉덕동(중앙대로22길277 인근),2720010200,35.84151498909091,128.6063108460606,29,51,0,7,42,2
2019,27,대구광역시 북구 대현동(경대교서편 인근),2723010600,35.88632798909091,128.6008288460606,46,88,0,13,66,9
2019,27,대구광역시 북구 검단동(복현오거리 인근),2723011200,35.897642989090905,128.6149948460606,41,61,0,9,48,4
2019,27,대구광역시 북구 동천동(학정로415 인근),2723012300,35.94154798909091,128.56339784666665,31,40,1,7,24,8
2019,27,대구광역시 수성구 지산동(황금네거리 인근),2726010700,35.83981799030303,128.6239148460606,55,99,0,18,72,9
2019,27,대구광역시 수성구 범어동(달구벌대로2393 인근),2726010100,35.85928799,128.6240128460606,39,62,0,4,56,2
2019,27,대구광역시 수성구 범어동(수성구청역 인근),2726010100,35.85884198969697,128.6358038460606,38,52,0,7,43,2
2019,27,대구광역시 달서구 감삼동(죽전네거리 인근),2729011200,35.85018499030303,128.53727784666668,72,133,0,21,100,12
2019,27,대구광역시 달서구 감삼동(용산네거리 인근),2729011300,35.849468988484844,128.53075084363635,62,94,0,19,59,16
2019,27,대구광역시 달서구 본동(본리네거리 인근),2729012400,35.83750298787879,128.53691884484846,47,81,0,14,60,7
2019,27,대구광역시 달성군 다사읍(다사읍죽곡리2422 인근),2771025600,35.857365383939396,128.46561348242426,27,46,0,13,31,2
2019,27,대구광역시 달성군 다사읍(다사읍죽곡리293 인근),2771025600,35.8597132330303,128.4631101912121,15,21,0,4,14,3
2019,27,대구광역시 달성군 다사읍(화진금봉아파트 인근),2771025600,35.87371498909092,128.49741284727276,15,18,0,4,10,4
2019,28,인천광역시 중구 신흥동3가(서해사거리 인근),2811011800,37.4495452730303,126.62461154909094,17,24,0,10,14,0
2019,28,인천광역시 중구 신흥동3가(인천항사거리 인근),2811011800,37.45820317818181,126.63028175121212,16,30,0,8,22,0
2019,28,인천광역시 중구 운서동(신도시남로141번길2 인근),2811014700,37.49392308454544,126.49049740848483,12,15,0,2,13,0
2019,28,인천광역시 동구 송림동(산업용품센터사거리 인근),2814010700,37.48269780515152,126.65892981242426,13,20,0,1,18,1
2019,28,인천광역시 동구 화평동(화도진로52 인근),2814010300,37.47673599303031,126.6332906878788,9,9,0,3,5,1
2019,28,인천광역시 동구 금곡동(배다리삼거리 인근),2814010600,37.473286553939396,126.63697537727269,6,6,0,2,4,0
2019,28,인천광역시 미추홀구 주안동(시민회관사거리 인근),2817710500,37.45847667848486,126.68014112727275,33,49,0,4,43,2
2019,28,인천광역시 미추홀구 주안동(경원대로848 인근),2817710500,37.45782455484848,126.69016118909093,26,33,1,9,17,6
2019,28,인천광역시 미추홀구 숭의동(숭의로터리 인근),2817710100,37.46218745969697,126.64287715727272,26,34,0,8,25,1
2019,28,인천광역시 연수구 동춘동(선학역사거리 인근),2818510200,37.423215647575766,126.6981862184848,18,29,1,5,21,2
2019,28,인천광역시 연수구 선학동(선학로100 인근),2818510200,37.42592777272728,126.69890290909089,13,17,0,5,11,1
2019,28,인천광역시 연수구 연수동(연화사거리 인근),2818510300,37.41374605454546,126.68475268787877,13,20,0,4,15,1
2019,28,인천광역시 남동구 구월동(길병원사거리 인근),2820010100,37.44975836696969,126.70767771969696,32,57,1,11,43,2
2019,28,인천광역시 남동구 만수동(민수주공사거리 인근),2820010300,37.454881208484856,126.73336540727274,32,49,0,12,36,1
2019,28,인천광역시 남동구 간석동(간석오거리 인근),2820010200,37.467045553939386,126.7080564378788,31,39,1,6,31,1
2019,28,인천광역시 부평구 청천동(부평역사거리 인근),2823710100,37.491341179696974,126.72317459363636,34,50,0,6,43,1
2019,28,인천광역시 부평구 부평동(시장로터리 인근),2823710100,37.49432949242425,126.72661303242427,26,40,0,7,31,2
2019,28,인천광역시 부평구 갈산동(부평구청사거리 인근),2823710600,37.50738093030303,126.72068000121213,23,30,0,6,24,0
2019,28,인천광역시 계양구 작전동(작전역사거리 인근),2824510300,37.530677929090906,126.72254878181816,20,25,0,3,21,1
2019,28,인천광역시 계양구 계산동(계산사거리 인근),2824510200,37.54324208515152,126.7285481878788,19,22,0,4,17,1
2019,28,인천광역시 계양구 작전동(부평IC북측입구 인근),2824510300,37.52460849151515,126.72219287606059,19,28,0,3,25,0
2019,28,인천광역시 서구 신현동(루원교차로 인근),2826010800,37.524713636363636,126.67639001606062,25,46,0,5,40,1
2019,28,인천광역시 서구 석남동(석남1고가교입구 인근),2826011000,37.5063341469697,126.67236650121214,23,34,0,6,26,2
2019,28,인천광역시 서구 검암동(검암사거리 인근),2826010300,37.56572030454545,126.6775474390909,20,32,0,9,21,2
2019,28,인천광역시 강화군 강화읍(강화군청앞 인근),2871025000,37.746806866969685,126.4853178466667,10,11,0,6,5,0
2019,28,인천광역시 강화군 강화읍(알미골삼거리 인근),2871025000,37.742764429090904,126.49229443787877,5,8,0,2,6,0
2019,28,인천광역시 강화군 강화읍(수협사거리 인근),2871025000,37.745013025151515,126.48796399909092,5,5,0,0,5,0
2019,29,광주광역시 동구 학동(조선대입구 인근),2911011800,35.1441148339394,126.92580584606058,25,39,0,7,30,2
2019,29,광주광역시 동구 산수동(산수오거리 인근),2911011000,35.15479392727272,126.93194090727273,21,33,0,7,26,0
2019,29,광주광역시 동구 지산동(지산사거리 인근),2911011100,35.1508848960606,126.93039362666671,16,20,0,5,15,0
2019,29,광주광역시 서구 치평동(상무대로868번길2 인근),2914011800,35.150213177878804,126.85713490727275,53,82,0,5,74,3
2019,29,광주광역시 서구 광천동(광천4거리 인근),2914011500,35.161331959696966,126.88347006303027,50,106,0,2,100,4
2019,29,광주광역시 서구 치평동(유덕교차로 인근),2914011600,35.1624069269697,126.85588956242425,45,67,0,3,62,2
2019,29,광주광역시 남구 주월동(백운교차로 인근),2915510500,35.13336686393939,126.90136156363637,48,64,0,7,54,3
2019,29,광주광역시 남구 방림동(효덕지하차도교차로 인근),2915510800,35.11168192666667,126.89603912727274,27,47,0,3,42,2
2019,29,광주광역시 남구 진월동(서문대로659 인근),2915510800,35.11803520848485,126.89874828242424,26,44,0,3,40,1
2019,29,광주광역시 북구 운암동(동운고가 인근),2917010900,35.173023489090916,126.8847241878788,37,82,0,0,78,4
2019,29,광주광역시 북구 용전동(우치로76 인근),2917010700,35.17430808212122,126.91275409606064,32,45,0,6,36,3
2019,29,광주광역시 북구 매곡동(서하로176 인근),2917011300,35.18727083393939,126.89960393727274,26,41,0,7,31,3
2019,29,광주광역시 광산구 수완동(수완지화차도 인근),2920011400,35.19074347909091,126.8238588478788,33,53,0,7,44,2
2019,29,광주광역시 광산구 장덕동(수완지구대앞 인근),2920011400,35.1906715690909,126.8288189460606,33,51,0,5,46,0
2019,29,광주광역시 광산구 도산동(송정로51 인근),2920010200,35.13727236454545,126.79231343909093,31,50,0,2,44,4
2019,30,대전광역시 동구 용전동(동서대로1725 인근),3011011400,36.3507111139394,127.44142628303028,50,87,0,19,66,2
2019,30,대전광역시 동구 중동(대전역네거리 인근),3011012000,36.33118689848485,127.43267218848486,38,57,0,7,46,4
2019,30,대전광역시 동구 홍도동(용전네거리 인근),3011011700,36.347514645454545,127.43211403121214,35,52,0,5,44,3
2019,30,대전광역시 중구 대흥동(은행사거리 인근),3014010500,36.32649658454545,127.42715006363638,35,45,0,3,42,0
2019,30,대전광역시 중구 오류동(동서로네거리 인근),3014011300,36.32861102212121,127.40504828242425,30,52,0,18,33,1
2019,30,대전광역시 중구 태평동(태평오거리 인근),3014011400,36.32583536515151,127.39485215727271,28,33,1,6,25,1
2019,30,대전광역시 서구 둔산동(대덕대로179 인근),3017011200,36.34928124151516,127.37708762606059,89,142,0,10,127,5
2019,30,대전광역시 서구 갈마동(갈마네거리 인근),3017011100,36.35308630333333,127.36891328363635,67,114,1,11,97,5
2019,30,대전광역시 서구 월평동(한밭대로713 인근),3017011300,36.35870752,127.37939131363636,40,70,1,13,56,0
2019,30,대전광역시 유성구 봉명동(계룡로87번길3 인근),3020011100,36.35407895909091,127.34050543848483,52,70,1,5,59,5
2019,30,대전광역시 유성구 장대동(구암교 인근),3020011200,36.35753789545454,127.33177846909095,43,70,0,6,64,0
2019,30,대전광역시 유성구 구암동(유성삼거리 인근),3020011100,36.35508911515152,127.33672343848488,41,63,2,10,46,5
2019,30,대전광역시 대덕구 오정동(한남로123 인근),3023010100,36.348329240909095,127.41596759363634,26,37,1,9,26,1
2019,30,대전광역시 대덕구 오정동(대전천북로350 인근),3023010100,36.35617552242424,127.40533399909087,21,26,0,5,20,1
2019,30,대전광역시 대덕구 중리동(중리충은지점네거리 인근),3023010900,36.3614664609091,127.43161456363633,17,30,0,4,26,0
2019,31,울산광역시 중구 반구동(병영사거리 인근),3111011500,35.56853902121213,129.34351134363635,25,39,0,8,29,2
2019,31,울산광역시 중구 복산동(구역전길37 인근),3111010300,35.55868539606061,129.32782103242425,20,27,0,4,21,2
2019,31,울산광역시 중구 태화동(강북로1 인근),3111011100,35.55337714575758,129.30890240787875,18,22,0,4,16,2
2019,31,울산광역시 남구 무거동(신부로터리 인근),3114010100,35.550077177272726,129.26378412727274,41,66,0,14,45,7
2019,31,울산광역시 남구 달동(공업탑로터리 인근),3114010400,35.53217586454545,129.30756578242423,35,47,0,10,34,3
2019,31,울산광역시 남구 신정동(봉월로178 인근),3114010400,35.54875327030303,129.3080627518182,28,42,0,3,34,5
2019,31,울산광역시 동구 일산동(방어진순환도로631 인근),3117010300,35.498114676666674,129.42801050242426,29,45,0,12,32,1
2019,31,울산광역시 동구 서부동(미포1길2 인근),3117010700,35.53904652303031,129.4279639712121,20,36,0,10,26,0
2019,31,울산광역시 동구 전하동(진성14길90 인근),3117010400,35.50913586515151,129.42585062787882,20,20,0,8,11,1
2019,31,울산광역시 북구 호계동(동대로14 인근),3120010200,35.626645364848486,129.35379800181815,15,23,0,6,15,2
2019,31,울산광역시 북구 진장동(명촌23길7 인근),3120012000,35.556964707575744,129.35946525121213,14,21,0,7,14,0
2019,31,울산광역시 북구 진장동(차량등록사업소앞 인근),3120012100,35.57056417545454,129.35677796242425,13,28,1,5,21,1
2019,31,울산광역시 울주군 온산읍(덕신로263 인근),3171025000,35.43377970727273,129.31063431606063,13,19,0,5,14,0
2019,31,울산광역시 울주군 언양읍(남천로10 인근),3171025300,35.562645490909084,129.12578900242423,9,12,0,4,6,2
2019,31,울산광역시 울주군 온산읍(덕망로77 인근),3171025000,35.43949474030305,129.30601000121214,9,11,0,0,5,6
2019,36,세종특별자치시 세종특별자치시 연서면(노드089 인근),3611011000,36.49866964181818,127.25682643363639,11,12,0,7,3,2
2019,36,세종특별자치시 세종특별자치시 조치원읍(조치원로10 인근),3611025000,36.60127242787879,127.29809450121215,11,12,0,6,6,0
2019,36,세종특별자치시 세종특별자치시 나성동(나성동36186 인근),3611010700,36.492395785151515,127.25638644242427,11,16,0,4,12,0
2019,41,경기도 수원시 팔달구 매산로2가(수원역동측단일로 인근),4111513400,37.26686688333333,127.00188050909092,83,117,2,10,91,14
2019,41,경기도 수원시 팔달구 인계동(나혜석거리 인근),4111514100,37.26437506848484,127.03280750787877,74,83,0,9,66,8
2019,41,경기도 수원시 팔달구 인계동(인계사거리 인근),4111514100,37.268361553939386,127.02723443909086,34,50,0,9,40,1
2019,41,경기도 성남시 중원구 금광동(모란삼거리 인근),4113310100,37.43284233636364,127.12902478121214,84,127,0,18,99,10
2019,41,경기도 성남시 중원구 하대원동(모란시장사거리 인근),4113310100,37.429996617878786,127.12940656363635,60,89,0,19,67,3
2019,41,경기도 성남시 수정구 단대동(중앙시장사거리 인근),4113110300,37.44091799272728,127.13183562727276,42,51,0,11,29,11
2019,41,경기도 의정부시 의정부동(신흥로239번길9 인근),4115010100,37.737593317575765,127.04284166363637,41,55,0,11,38,6
2019,41,경기도 의정부시 의정부동(역전교차로 인근),4115010100,37.73856667848485,127.04780140787881,39,65,0,14,46,5
2019,41,경기도 의정부시 금오동(호국로1366 인근),4115010900,37.74569799545454,127.05514883303033,34,51,0,9,36,6
2019,41,경기도 안양시 동안구 호계동(인덕원사거리 인근),4117310200,37.40217358575759,126.97666568848484,33,52,0,4,46,2
2019,41,경기도 안양시 동안구 호계동(시민대로161 인근),4117310400,37.38999377484849,126.94931203363637,30,39,0,7,31,1
2019,41,경기도 안양시 동안구 호계동(호계사거리 인근),4117310400,37.370294428484854,126.95794681303026,28,43,2,7,33,1
2019,41,경기도 부천시 상동(상동지하차도 인근),4119010900,37.5057876490909,126.75222484363636,53,80,1,8,66,5
2019,41,경기도 부천시 상동(삼성화재 인근),4119010800,37.50067889727273,126.77599096909096,52,78,0,9,66,3
2019,41,경기도 부천시 심곡동(부천북부역사거리 인근),4119010200,37.485873117272725,126.7830276878788,47,63,0,16,42,5
2019,41,경기도 광명시 광명동(광명사거리 인근),4121010100,37.479379523333336,126.8544272190909,44,56,0,8,28,20
2019,41,경기도 광명시 철산동(철산역앞삼거리 인근),4121010200,37.47553230333334,126.86612581363633,30,33,0,3,21,9
2019,41,경기도 광명시 하안동(하안사거리 인근),4121010300,37.46255805454545,126.87978381242426,25,28,0,8,16,4
2019,41,경기도 평택시 서정동(송탄출장소사거리 인근),4122010100,37.06661645787879,127.06401643848486,38,52,0,11,36,5
2019,41,경기도 평택시 소사동(중앙로338 인근),4122011700,36.99117811666667,127.12128865727273,31,57,0,10,38,9
2019,41,경기도 평택시 신대동(통복로37번길3 인근),4122011400,36.995615303333324,127.08312234606062,31,59,0,9,43,7
2019,41,경기도 동두천시 지행동(동두천시법원앞 인근),4125010200,37.892537997878776,127.05722183242426,20,26,0,4,19,3
2019,41,경기도 동두천시 생연동(동두천세무서앞 인근),4125010300,37.90041470727272,127.0541060330303,16,22,0,5,16,1
2019,41,경기도 동두천시 생연동(평화로2371 인근),4125010300,37.899491802727276,127.05766734363635,8,9,0,5,4,0
2019,41,경기도 안산시 상록구 성포동(터미널사거리 인근),4127110800,37.31618871030303,126.84512653242423,48,86,0,10,72,4
2019,41,경기도 안산시 단원구 고잔동(중앙역사거리 인근),4127310100,37.31660642727274,126.83682021909091,44,72,0,11,57,4
2019,41,경기도 안산시 단원구 선부동(선부광장1로62 인근),4127310900,37.33644686636364,126.81164574909089,36,45,0,11,32,2
2019,41,경기도 고양시 일산동구 마두동(뉴코아백화점사거리 인근),4128510500,37.65500936696969,126.77604749909091,45,73,0,14,53,6
2019,41,경기도 고양시 일산동구 백석동(백석역사거리 인근),4128510600,37.64306014818181,126.78804878363638,43,58,0,12,40,6
2019,41,경기도 고양시 일산동구 장항동(무궁화로40 인근),4128510400,37.663365147272714,126.7690332209091,42,60,0,9,47,4
2019,41,경기도 과천시 주암동(민마루고개 인근),4129010600,37.45991361666667,127.03283462666671,20,35,0,5,27,3
2019,41,경기도 과천시 중앙동(선안삼거리 인근),4129010500,37.45237533454546,127.00173706363636,14,17,0,3,13,1
2019,41,경기도 과천시 별양동(소방서삼거리 인근),4129010700,37.42781314727273,126.9913541884848,10,11,0,1,7,3
2019,41,경기도 구리시 수택동(돌다리사거리 인근),4131010500,37.60100089666666,127.14119265727271,30,45,0,6,34,5
2019,41,경기도 구리시 토평동(구리TG 인근),4131010700,37.58939011636364,127.15650506363636,23,40,0,2,27,11
2019,41,경기도 구리시 수택동(수택동사거리 인근),4131010500,37.597878217575754,127.14348189787879,21,29,0,4,25,0
2019,41,경기도 남양주시 삼패동(삼패삼거리 인근),4136010600,37.59324999242423,127.19842250787877,26,64,0,5,55,4
2019,41,경기도 남양주시 화도읍(마석입구삼거리 인근),4136025600,37.652301525151515,127.2996399378788,21,32,0,5,25,2
2019,41,경기도 남양주시 진접읍(장현사거리 인근),4136025300,37.714411899090905,127.1825407512121,21,29,0,5,24,0
2019,41,경기도 오산시 원동(원동일사거리 인근),4137010300,37.14273889727272,127.07349722121214,27,35,1,4,29,1
2019,41,경기도 오산시 금암동(운동장사거리 인근),4137010100,37.1558151469697,127.0728598136364,27,34,0,5,29,0
2019,41,경기도 오산시 갈곶동(롯데마트사거리 인근),4137010300,37.14881977272728,127.07361625121212,27,38,0,4,29,5
2019,41,경기도 시흥시 신천동(신천사거리 인근),4139010200,37.43982220969698,126.7869056878788,27,42,1,9,30,2
2019,41,경기도 시흥시 정왕동(정왕역앞 인근),4139013200,37.351456209090905,126.74073137606061,23,35,0,8,25,2
2019,41,경기도 시흥시 정왕동(정왕대로78 인근),4139013200,37.353496771818186,126.72560609424245,22,40,0,8,25,7
2019,41,경기도 군포시 금정동(산본역동부사거리 인근),4141010500,37.35862320848484,126.93480881242422,22,30,1,5,20,4
2019,41,경기도 군포시 금정동(금정역삼거리 인근),4141010400,37.37235745848485,126.9428812190909,20,22,0,6,10,6
2019,41,경기도 군포시 산본동(군포로505 인근),4141010100,37.35147520909091,126.94476603181818,17,25,0,5,17,3
2019,41,경기도 의왕시 오전동(보건소사거리 인근),4143010100,37.349523459696975,126.97320562666667,23,30,0,9,20,1
2019,41,경기도 의왕시 오전동(오전동사거리 인근),4143010500,37.35250099575757,126.97138583242422,16,20,0,2,17,1
2019,41,경기도 의왕시 오전동(고촌사거리 인근),4143010100,37.34500592909092,126.97570453242426,15,24,1,6,17,0
2019,41,경기도 하남시 풍산동(황산사거리 인근),4145011000,37.5504279739394,127.18668882848485,31,38,0,11,26,1
2019,41,경기도 하남시 덕풍동(신장사거리 인근),4145010600,37.53798298787879,127.20455079242424,25,34,0,12,16,6
2019,41,경기도 하남시 망월동(상망포교동측 인근),4145010900,37.566684528484856,127.18430262121213,23,43,0,14,22,7
2019,41,경기도 용인시 기흥구 보정동(신갈오거리 인근),4146310100,37.27166939969697,127.10569203242426,35,48,0,5,37,6
2019,41,경기도 용인시 기흥구 영덕동(수원신갈TG사거리 인근),4146310100,37.269849611515156,127.09998316121211,29,46,0,7,38,1
2019,41,경기도 용인시 기흥구 보라동(사은로1 인근),4146310500,37.25365176060607,127.10526991303027,29,45,0,4,36,5
2019,41,경기도 파주시 금촌동(바이더웨이앞 인근),4148010100,37.75775203575757,126.77223102909088,23,33,0,6,22,5
2019,41,경기도 파주시 금촌동(금촌한의원 인근),4148010100,37.76444206424242,126.77439083787883,19,25,0,5,20,0
2019,41,경기도 파주시 목동동(홈플러스 인근),4148011700,37.72896556969696,126.73795289303028,18,23,0,4,18,1
2019,41,경기도 이천시 중리동(터미널사거리 인근),4150010300,37.278230709999995,127.44683247090909,24,31,0,8,18,5
2019,41,경기도 이천시 부발읍(아미타운삼거리 인근),4150025300,37.25282127393941,127.48905425181819,13,22,0,4,17,1
2019,41,경기도 이천시 부발읍(경충대로2050번길9 인근),4150025300,37.24813373333335,127.49146996787881,12,15,0,2,12,1
2019,41,경기도 안성시 도기동(안성맞춤대로998 인근),4155012200,37.00256589787879,127.26796681363636,19,35,0,7,26,2
2019,41,경기도 안성시 공도읍(우림교차로 인근),4155025000,36.99388865606062,127.13788628787877,15,36,1,2,28,5
2019,41,경기도 안성시 대덕면(내리사거리 인근),4155035000,37.0103976790909,127.21956878242429,12,36,2,2,15,17
2019,41,경기도 김포시 고촌읍(신곡사거리 인근),4157025300,37.59974755393939,126.77173468787879,38,64,0,9,51,4
2019,41,경기도 김포시 구래동(김포한강9로75번길1 인근),4157010900,37.64426403272728,126.62571914848485,24,46,0,7,37,2
2019,41,경기도 김포시 사우동(돌문로32 인근),4157010600,37.6192732539394,126.72002648242426,23,33,0,6,25,2
2019,41,경기도 화성시 진안동(남광해물탕앞교차로 인근),4159011600,37.21303399484849,127.0381008324242,30,44,2,7,30,5
2019,41,경기도 화성시 병점동(병점사거리 인근),4159011700,37.20789730393938,127.0351024378788,24,26,0,6,18,2
2019,41,경기도 화성시 영천동(동탄지식산업센터 인근),4159013100,37.20930876454546,127.09881945363632,21,25,0,0,23,2
2019,41,경기도 광주시 역동(경안동공영주차장 인근),4161010100,37.40994984515151,127.25927773727273,43,81,0,12,50,19
2019,41,경기도 광주시 송정동(경안천로5 인근),4161010300,37.41416569878787,127.26106985121213,28,46,0,5,40,1
2019,41,경기도 광주시 오포읍(그랜드빌리지앞 인근),4161025000,37.36039045030303,127.15038749242426,24,33,0,5,27,1
2019,41,경기도 양주시 덕계동(무명교 인근),4163011600,37.82219841151515,127.04913565242424,20,25,0,1,21,3
2019,41,경기도 양주시 덕계동(평화로1445 인근),4163011600,37.819636429999996,127.04693325909088,19,22,0,2,19,1
2019,41,경기도 양주시 고읍동(고읍교차로 인근),4163010900,37.802216120606055,127.07562820727273,18,25,0,0,21,4
2019,41,경기도 포천시 군내면(한내교북 인근),4165010100,37.897773242121204,127.20486918848485,17,25,0,6,18,1
2019,41,경기도 포천시 소흘읍(송우삼거리 인근),4165025000,37.82359558575757,127.1413636890909,12,14,0,3,9,2
2019,41,경기도 포천시 소흘읍(소흘읍송우리1191 인근),4165025000,37.82678439575757,127.1483574360606,12,16,0,1,12,3
2019,41,경기도 여주시 홍문동(터미널사거리1 인근),4167010200,37.28893602454546,127.6352253136364,12,21,0,5,16,0
2019,41,경기도 여주시 하동(도장교사거리 인근),4167010300,37.29382458454546,127.6293976878788,12,23,0,3,20,0
2019,41,경기도 여주시 천송동(강변북로5 인근),4167012000,37.30047389454546,127.64967624909089,8,14,0,3,11,0
2019,41,경기도 연천군 전곡읍(영근사거리 인근),4180025300,38.02309045848486,127.06736942121212,7,16,0,4,12,0
2019,41,경기도 연천군 전곡읍(전곡교 인근),4180025300,38.02844394909092,127.06561419848488,5,6,0,3,3,0
2019,41,경기도 연천군 청산면(초성교 인근),4180032000,37.98516079909091,127.07043651363634,4,9,0,5,4,0
2019,41,경기도 가평군 가평읍(가화로94 인근),4182025000,37.82822458545455,127.51449209606061,11,18,0,6,12,0
2019,41,경기도 가평군 가평읍(가평오거리 인근),4182025000,37.821537804545464,127.51396318787876,11,21,0,3,18,0
2019,41,경기도 가평군 청평면(청평중앙로71 인근),4182032500,37.73981019000001,127.42115774909088,9,12,0,1,10,1
2019,41,경기도 양평군 양서면(양수교동쪽 인근),4183033000,37.544068243939385,127.3201349072727,13,16,0,4,10,2
2019,41,경기도 양평군 옥천면(옥천면옥천리87511 인근),4183034000,37.50931785454545,127.45032562909088,12,22,0,4,18,0
2019,41,경기도 양평군 강상면(양근천교차로 인근),4183025000,37.49574167848485,127.48447178363635,11,13,0,4,8,1
2019,42,강원도 춘천시 죽림동(중앙파출소앞교차로 인근),4211010500,37.87798426454547,127.72477779666664,21,37,0,5,31,1
2019,42,강원도 춘천시 효자동(남부사거리 인근),4211011200,37.871133272424245,127.72530393787882,17,25,1,3,21,0
2019,42,강원도 춘천시 우두동(영서로2767 인근),4211011800,37.90020408606061,127.72860403242422,17,26,0,3,18,5
2019,42,강원도 원주시 무실동(1225교차로 인근),4213011000,37.34712241636363,127.93257793363638,53,68,0,11,54,3
2019,42,강원도 원주시 단계동(서원대로184 인근),4213011000,37.34400317848484,127.93194637727277,37,63,0,8,50,5
2019,42,강원도 원주시 인동(중앙로281 인근),4213010200,37.34644374181819,127.95393099909087,35,44,0,6,31,7
2019,42,강원도 강릉시 옥천동(옥천오거리 인근),4215010900,37.756427646969684,128.89886459363638,13,16,0,4,12,0
2019,42,강원도 강릉시 노암동(삼익타워앞교차로 인근),4215012100,37.74090911242424,128.89149342363638,12,25,0,7,18,0
2019,42,강원도 강릉시 교동(터미널오거리 인근),4215011000,37.75473967909091,128.88185109666665,10,13,1,4,8,0
2019,42,강원도 동해시 평릉동(항골2길1 인근),4217010100,37.52543099272728,129.10437393909092,13,15,0,2,13,0
2019,42,강원도 동해시 효가동(효가사거리 인근),4217010600,37.492513179393946,129.1106557836364,10,18,0,2,16,0
2019,42,강원도 동해시 부곡동(부곡파출소앞사거리 인근),4217011000,37.538741669696975,129.1019578590909,9,11,0,4,7,0
2019,42,강원도 태백시 화전동(화전사거리 인근),4219010900,37.18087011666667,128.97847206363633,8,12,0,2,10,0
2019,42,강원도 태백시 황지동(황지교사거리 인근),4219010100,37.174064896363646,128.99373756606062,8,10,0,1,9,0
2019,42,강원도 태백시 황지동(황지로6 인근),4219010100,37.159332115757586,128.9899082512121,7,15,0,3,12,0
2019,42,강원도 속초시 교동(노학동사무소앞사거리 인근),4221010600,38.19735553636364,128.57618880121214,16,25,0,7,18,0
2019,42,강원도 속초시 조양동(청초교남측 인근),4221010600,38.19267489606061,128.5785161272727,12,15,1,5,9,0
2019,42,강원도 속초시 조양동(동해대로4147 인근),4221010800,38.189735646969694,128.58088196909088,9,12,1,2,7,2
2019,42,강원도 삼척시 정상동(직행버스터미널입구 인근),4223012000,37.43943789787878,129.1685912212121,22,24,0,10,14,0
2019,42,강원도 삼척시 남양동(오십천로411 인근),4223010400,37.44103633545455,129.16372581363635,13,16,0,1,15,0
2019,42,강원도 삼척시 우지동(우지사거리 인근),4223010900,37.461501336060614,129.15605203363637,11,19,0,1,18,0
2019,42,강원도 홍천군 홍천읍(갈마곡1교 인근),4272025000,37.69055769787878,127.89907198606063,7,8,0,2,6,0
2019,42,강원도 홍천군 화촌면(성산삼거리 인근),4272031000,37.77074480515152,127.96727437727273,5,5,0,1,4,0
2019,42,강원도 홍천군 화촌면(성산교차로 인근),4272031000,37.76339386575758,127.95481570727277,5,7,0,0,7,0
2019,42,강원도 횡성군 횡성읍(횡성읍읍상리1982 인근),4273025000,37.4858633539394,127.98397627242426,6,14,0,1,11,2
2019,42,강원도 횡성군 횡성읍(횡성읍읍상리38522 인근),4273025000,37.49101182454546,127.98785069909093,5,6,0,2,4,0
2019,42,강원도 횡성군 횡성읍(전천교남측 인근),4273025000,37.481965959393946,127.98147415666669,4,4,0,2,2,0
2019,42,강원도 영월군 영월읍(군청사거리 인근),4275025000,37.1809025860606,128.46255390727276,5,7,0,2,1,4
2019,42,강원도 영월군 영월읍(덕포사거리 인근),4275025000,37.18037845969697,128.47723118787877,4,9,0,0,2,7
2019,42,강원도 영월군 영월읍(연하1교동측 인근),4275025000,37.1882928669697,128.55182617606062,3,6,0,0,6,0
2019,42,강원도 평창군 평창읍(백오로96 인근),4276025000,37.36768961727273,128.39552406606063,5,8,0,1,5,2
2019,42,강원도 평창군 진부면(진부중앙로50 인근),4276036000,37.63600564787878,128.5575687212121,4,4,0,2,2,0
2019,42,강원도 평창군 방림면(방림교차로 인근),4276032000,37.43622185848484,128.42091490606063,4,9,0,1,8,0
2019,42,강원도 정선군 사북읍(사북중앙로1 인근),4277025600,37.226297615757574,128.81493375030303,7,11,0,1,10,0
2019,42,강원도 정선군 사북읍(사북읍사북리4372 인근),4277025600,37.22674020969696,128.79822147121212,3,4,1,2,1,0
2019,42,강원도 철원군 갈말읍(호국로5259 인근),4278025600,38.184902181212124,127.33313940727271,4,7,0,4,3,0
2019,42,강원도 철원군 갈말읍(군탄사거리 인근),4278025600,38.15807437878788,127.31019153121214,3,6,0,2,4,0
2019,42,강원도 철원군 동송읍(비산호3거리 인근),4278025900,38.258537554545455,127.28244593787878,3,8,0,1,7,0
2019,42,강원도 화천군 간동면(유천교 인근),4279031000,38.05578159727273,127.80699967848484,4,12,0,3,9,0
2019,42,강원도 화천군 사내면(사내로24 인근),4279034000,38.070251774848494,127.52237915727272,4,6,0,2,4,0
2019,42,강원도 화천군 화천읍(화천대교북측 인근),4279025000,38.10234095515152,127.70856279363635,3,3,0,1,2,0
2019,42,강원도 양구군 양구읍(중심로7 인근),4280025000,38.09122252454545,127.99665397121214,5,6,1,3,2,0
2019,42,강원도 양구군 양구읍(양구시외버스터미널앞 인근),4280025000,38.1074763590909,127.98937740363635,4,9,0,2,7,0
2019,42,강원도 양구군 양구읍(양구읍상리601 인근),4280025000,38.09638100393939,127.98915536363634,3,10,0,3,7,0
2019,42,강원도 인제군 북면(원동교차로 인근),4281032000,38.121353749696965,128.20892117909094,7,13,0,6,7,0
2019,42,강원도 인제군 남면(부평교차로 인근),4281031000,37.991800107575756,128.10620612181816,3,9,0,7,2,0
2019,42,강원도 인제군 북면(용대관광지교차로 인근),4281032000,38.186684877272725,128.30791397363637,3,5,0,3,2,0
2019,42,강원도 고성군 토성면(천진교남측 인근),4282033000,38.260877006666675,128.55582743606058,9,17,0,5,12,0
2019,42,강원도 고성군 토성면(봉포삼거리 인근),4282033000,38.24806550454546,128.56740863363635,6,8,0,0,8,0
2019,42,강원도 고성군 토성면(광포길3 인근),4282033000,38.2438165560606,128.56934943848486,5,7,0,1,6,0
2019,42,강원도 양양군 강현면(설악해수욕장주차장입구 인근),4283035000,38.129631222424244,128.62199769242423,5,11,0,1,10,0
2019,42,강원도 양양군 손양면(송현사거리 인근),4283032000,38.07293419242423,128.63456517242426,4,5,0,1,4,0
2019,42,강원도 양양군 강현면(강현농협앞 인근),4283035000,38.154236223333335,128.6080042160606,4,6,0,0,5,1
2019,43,충청북도 청주시 서원구 사창동(사창사거리 인근),4311210200,36.63490721181819,127.46020521545456,56,88,0,14,72,2
2019,43,충청북도 청주시 청원구 율량동(공항로74 인근),4311410200,36.66411269727274,127.48696183848487,36,53,1,9,43,0
2019,43,충청북도 청주시 상당구 석교동(청남로2187 인근),4311111100,36.627039053636366,127.49045425121213,30,43,0,8,35,0
2019,43,충청북도 충주시 교현동(예성로186 인근),4313010100,36.9730362739394,127.93443146909091,27,44,0,4,39,1
2019,43,충청북도 충주시 문화동(충인2길10 인근),4313012400,36.973693366969705,127.9302641272727,23,30,0,13,16,1
2019,43,충청북도 충주시 연수동(법원사거리 인근),4313010500,36.982343116969695,127.92831765848487,23,37,0,9,27,1
2019,43,충청북도 제천시 화산동(의림대로85 인근),4315010800,37.1354263339394,128.20921575242423,19,29,0,3,25,1
2019,43,충청북도 제천시 영천동(내토로438 인근),4315010900,37.130012084545456,128.20637721909088,15,20,0,3,14,3
2019,43,충청북도 제천시 화산동(천일알뉴미늄 인근),4315010900,37.12830749939394,128.21124225363639,10,15,0,2,12,1
2019,43,충청북도 보은군 보은읍(터미널삼거리 인근),4372025000,36.48308445909092,127.72263453242422,4,4,0,1,2,1
2019,43,충청북도 보은군 보은읍(이평교사거리 인근),4372025000,36.48948077333333,127.72195487606061,3,5,1,2,2,0
2019,43,충청북도 보은군 보은읍(장속사거리 인근),4372025000,36.48547980454545,127.7116830936364,3,3,0,1,2,0
2019,43,충청북도 옥천군 옥천읍(옥천소교북측 인근),4373025000,36.30083027090909,127.56489034242423,10,12,0,4,8,0
2019,43,충청북도 옥천군 옥천읍(롯데리아옥천점 인근),4373025000,36.30120289939393,127.56899760787881,10,10,0,3,7,0
2019,43,충청북도 옥천군 옥천읍(과선교사거리 인근),4373025000,36.29246227575758,127.5683768560606,8,17,0,6,11,0
2019,43,충청북도 영동군 영동읍(부용사거리 인근),4374025000,36.17370424030303,127.77393378242428,12,18,1,7,10,0
2019,43,충청북도 영동군 영동읍(중앙사거리 인근),4374025000,36.17536755272728,127.77780250121214,9,9,0,5,3,1
2019,43,충청북도 영동군 영동읍(영동교삼거리 인근),4374025000,36.17081867848484,127.77530662666666,5,7,0,4,3,0
2019,43,충청북도 증평군 증평읍(증평사거리 인근),4374525000,36.785226429090905,127.58271712727274,22,25,1,4,18,2
2019,43,충청북도 증평군 증평읍(초중사거리 인근),4374525000,36.78344789666666,127.57313459606063,8,13,0,1,10,2
2019,43,충청북도 증평군 증평읍(윗장뜰사거리 인근),4374525000,36.78817480272727,127.58686575121214,7,8,0,3,5,0
2019,43,충청북도 진천군 덕산면(덕금로792 인근),4375031000,36.91190692727273,127.50550625121213,13,14,0,4,10,0
2019,43,충청북도 진천군 광혜원면(만승교차로 인근),4375037000,36.98902073909092,127.44391831363637,9,10,2,2,5,1
2019,43,충청북도 진천군 진천읍(진천보건소앞 인근),4375025000,36.8609478139394,127.43864427909088,8,20,0,3,17,0
2019,43,충청북도 괴산군 괴산읍(읍내로6길2 인근),4376025000,36.80830339727273,127.7941223130303,10,14,0,4,10,0
2019,43,충청북도 괴산군 괴산읍(대사삼거리 인근),4376025000,36.797590208484856,127.78361831363635,4,8,0,2,6,0
2019,43,충청북도 괴산군 소수면(아성삼거리 인근),4376040000,36.83585233575758,127.7609934378788,3,6,1,2,3,0
2019,43,충청북도 음성군 대소면(산내로311 인근),4377034000,36.9700398660606,127.48264925121211,15,27,0,5,22,0
2019,43,충청북도 음성군 대소면(오산교서측 인근),4377034000,36.967156617272735,127.48714428242425,15,23,0,2,21,0
2019,43,충청북도 음성군 금왕읍(응천동길52 인근),4377025300,36.99352323969697,127.5952994378788,14,16,0,6,10,0
2019,43,충청북도 단양군 단양읍(삼봉로285 인근),4380025000,36.982235710606055,128.36907578242426,9,13,0,4,7,2
2019,43,충청북도 단양군 매포읍(평동1길8018 인근),4380025300,37.02623955454545,128.30972437666668,4,9,2,5,2,0
2019,43,충청북도 단양군 매포읍(단양로1923 인근),4380025300,37.033572086666666,128.30313156363636,4,6,0,0,4,2
2019,44,충청남도 천안시 서북구 두정동(원두정2길원두정8길 인근),4413310400,36.832506683333335,127.13569164787879,40,46,0,4,38,4
2019,44,충청남도 천안시 서북구 성정동(성정공원1길97 인근),4413310200,36.826590216969706,127.13834796242428,39,57,0,4,51,2
2019,44,충청남도 천안시 서북구 백석동(운동장사거리 인근),4413310300,36.822751116666666,127.11195506303031,31,59,0,5,53,1
2019,44,충청남도 공주시 신관동(전막사거리 인근),4415012000,36.47043680272726,127.12754546909092,14,17,0,5,9,3
2019,44,충청남도 공주시 신관동(신관초교차로 인근),4415012000,36.47423737909091,127.13764054848484,14,19,0,1,18,0
2019,44,충청남도 공주시 산성동(중동사거리 인근),4415010500,36.456612114545464,127.12476984545455,11,16,0,4,10,2
2019,44,충청남도 보령시 동대동(동대사거리 인근),4418010400,36.348526806363644,126.60444705909087,12,19,0,8,11,0
2019,44,충청남도 보령시 명천동(주공사거리 인근),4418010400,36.34589517242424,126.60178172424243,11,12,1,2,8,1
2019,44,충청남도 보령시 웅천읍(독산로4 인근),4418025000,36.232931958787866,126.59866653303033,11,20,0,10,10,0
2019,44,충청남도 아산시 온천동(유원식당 인근),4420010100,36.78106049272727,127.00556636303028,20,24,0,10,12,2
2019,44,충청남도 아산시 모종동(신수도부동산 인근),4420011300,36.784113553939406,127.01612917909091,16,17,1,5,11,0
2019,44,충청남도 아산시 온천동(푸른정형외과 인근),4420010100,36.78188425757575,127.00022019303032,16,28,0,7,20,1
2019,44,충청남도 서산시 석림동(서산세무소 인근),4421010700,36.769899319090904,126.47229373606059,18,39,0,14,24,1
2019,44,충청남도 서산시 읍내동(서령종합상가앞교차로 인근),4421010100,36.77718406424242,126.45177314666665,17,18,0,4,13,1
2019,44,충청남도 서산시 석림동(현대카드앞교차로 인근),4421010200,36.77702130272728,126.46162726909091,16,19,0,8,10,1
2019,44,충청남도 논산시 취암동(논산오거리 인근),4423010500,36.20256391515153,127.08672188909094,14,20,0,9,11,0
2019,44,충청남도 논산시 내동(백제병원후문삼거리 인근),4423010900,36.19156573969698,127.09452431363634,11,14,1,4,8,1
2019,44,충청남도 논산시 대교동(대교사거리 인근),4423010300,36.2091185339394,127.08126805363636,8,16,1,7,8,0
2019,44,충청남도 계룡시 엄사면(삼진삼거리 인근),4425031500,36.28166327454545,127.24029146242424,3,6,0,2,4,0
2019,44,충청남도 계룡시 엄사면(양정삼거리 인근),4425031500,36.28237853848485,127.24446965606057,3,5,0,2,3,0
2019,44,충청남도 당진시 우두리(당진중앙도서관앞 인근),4427010100,36.900371805151515,126.6326398760606,16,20,1,5,13,1
2019,44,충청남도 당진시 채운동(당진2교교차로 인근),4427010200,36.891327769696964,126.62594559787883,12,14,0,6,8,0
2019,44,충청남도 당진시 시곡리(당진산업단지사거리 인근),4427010500,36.902312054545455,126.68431481242425,11,16,0,3,13,0
2019,44,충청남도 금산군 금산읍(금산로1466 인근),4471025000,36.10466583515151,127.48900337727275,6,6,0,2,4,0
2019,44,충청남도 금산군 금산읍(금산읍상리4916 인근),4471025000,36.10966468000001,127.49107104909093,5,5,0,2,3,0
2019,44,충청남도 금산군 금성면(양전삼거리 인근),4471031000,36.1144317890909,127.4936044209091,5,6,0,1,5,0
2019,44,충청남도 부여군 부여읍(대향로로터리 인근),4476025000,36.28400780333334,126.92919915787881,4,6,0,4,2,0
2019,44,충청남도 부여군 부여읍(국립부여박물관 인근),4476025000,36.276168225757566,126.91585122666663,4,4,0,3,1,0
2019,44,충청남도 부여군 은산면(온산사거리 인근),4476032000,36.308746054545445,126.85312174909092,4,4,0,2,2,0
2019,44,충청남도 서천군 장항읍(장산로442 인근),4477025000,36.0072176769697,126.70787865787878,8,15,0,4,10,1
2019,44,충청남도 서천군 마서면(마서면도삼리2381 인근),4477031000,36.02025358454546,126.73848996969696,8,15,0,4,10,1
2019,44,충청남도 서천군 장항읍(옥남사거리 인근),4477025000,36.033181056969696,126.6723989512121,5,16,0,6,7,3
2019,44,충청남도 청양군 정산면(효자길915 인근),4479033000,36.411153740909086,126.95123156242423,4,5,0,1,4,0
2019,44,충청남도 청양군 청양읍(벽천교차로 인근),4479025000,36.4427756460606,126.79745507848486,3,3,0,2,1,0
2019,44,충청남도 청양군 청양읍(학당사거리 인근),4479025000,36.46105888333332,126.79761211363635,3,4,0,1,3,0
2019,44,충청남도 홍성군 홍성읍(홍성읍대교리3923 인근),4480025000,36.601297537878786,126.67115192606062,9,12,0,4,8,0
2019,44,충청남도 홍성군 홍성읍(오관사거리 인근),4480025000,36.5996925069697,126.66570100787882,9,9,0,3,5,1
2019,44,충청남도 홍성군 홍성읍(덕산통사거리 인근),4480025000,36.60484910787878,126.66232250787878,8,12,0,3,9,0
2019,44,충청남도 예산군 오가면(오가사거리 인근),4481040000,36.68489939666665,126.80735415727274,7,13,1,2,10,0
2019,44,충청남도 예산군 덕산면(예덕로181 인근),4481036000,36.70563605212121,126.66992968909088,6,12,1,0,10,1
2019,44,충청남도 예산군 예산읍(간양교차로 인근),4481025000,36.7389684090909,126.85869689424247,6,14,0,3,11,0
2019,44,충청남도 태안군 태안읍(중앙로91 인근),4482525000,36.75315914848485,126.2987652512121,9,9,1,2,5,1
2019,44,충청남도 태안군 태안읍(성심사거리 인근),4482525000,36.75139991272728,126.3022748918182,8,11,0,7,3,1
2019,44,충청남도 태안군 남면(연육교삼거리 인근),4482532000,36.59741695727272,126.32454818787876,7,31,1,10,18,2
2019,45,전라북도 전주시 완산구 중화산동2가(서원로274 인근),4511112800,35.81192873787879,127.12463918848486,21,36,1,10,25,0
2019,45,전라북도 전주시 덕진구 덕진동1가(떡전1길4 인근),4511310500,35.83608502212122,127.12448675121215,19,35,0,7,28,0
2019,45,전라북도 전주시 완산구 중화산동2가(백제대로274 인근),4511112800,35.81775320909092,127.12301606242424,19,30,0,4,25,1
2019,45,전라북도 군산시 나운동(대학로339 인근),4513014400,35.96368536575757,126.69368831363637,20,26,0,6,20,0
2019,45,전라북도 군산시 수송동(롯데마트사거리1 인근),4513014100,35.96399298787879,126.71568371606058,19,37,1,2,33,1
2019,45,전라북도 군산시 수송동(수송택지E 인근),4513014100,35.96695841242425,126.71570059727274,16,22,2,3,16,1
2019,45,전라북도 익산시 부송동(전자랜드21 인근),4514012200,35.9593349251515,126.98161135606058,30,44,1,11,32,0
2019,45,전라북도 익산시 영등동(영등주차빌딩 인근),4514012200,35.95923821121212,126.97733823909091,29,38,1,4,33,0
2019,45,전라북도 익산시 남중동(익산지하차도 인근),4514010300,35.93994572787879,126.94721653666669,22,29,0,7,22,0
2019,45,전라북도 정읍시 시기동(정동교북측 인근),4518010300,35.55722627393939,126.8657240972727,10,14,0,5,8,1
2019,45,전라북도 정읍시 상동(GS25정읍중앙점 인근),4518010300,35.559825503939386,126.86750686787877,10,21,0,4,17,0
2019,45,전라북도 정읍시 농소동(수성사거리 인근),4518010600,35.58345570969698,126.85220543666662,9,16,0,7,9,0
2019,45,전라북도 남원시 왕정동(시장사거리 인근),4519010600,35.406499939090914,127.37638867363636,7,10,0,3,7,0
2019,45,전라북도 남원시 향교동(향교오거리 인근),4519011100,35.41524032545454,127.38627686606058,7,13,0,1,12,0
2019,45,전라북도 남원시 노암동(시립국악연수원 인근),4519012100,35.399311577878784,127.37928852969696,4,5,0,1,4,0
2019,45,전라북도 김제시 요촌동(터미널사거리 인근),4521010100,35.80252633393939,126.89250131242423,14,20,0,3,17,0
2019,45,전라북도 김제시 서암동(시청사거리 인근),4521010100,35.80540452121212,126.88334831242423,8,11,1,5,5,0
2019,45,전라북도 김제시 검산동(동서로260 인근),4521010400,35.80409683454547,126.89571643848484,8,8,0,1,7,0
2019,45,전라북도 완주군 삼례읍(동학로42 인근),4571025000,35.91158511515151,127.07429262666665,8,14,0,5,9,0
2019,45,전라북도 완주군 삼례읍(삼봉로330 인근),4571025000,35.92105833333333,127.10483872121213,4,4,1,1,2,0
2019,45,전라북도 완주군 삼례읍(우석대사거리 인근),4571025000,35.91531661454547,127.06749375121214,4,7,0,0,6,1
2019,45,전라북도 진안군 진안읍(진안읍군상리4324 인근),4572025000,35.791427231818176,127.4271634560606,6,9,0,3,6,0
2019,45,전라북도 진안군 진안읍(진안로터리 인근),4572025000,35.78625689727272,127.42243448242425,4,8,0,2,5,1
2019,45,전라북도 무주군 무주읍(무주읍가옥리3332 인근),4573025000,35.9743172090909,127.65205203181816,3,27,0,3,22,2
2019,45,전라북도 장수군 장수읍(장수공용버스터미널 인근),4574025000,35.64768405333334,127.51854678242422,3,5,0,0,5,0
2019,45,전라북도 임실군 임실읍(두곡삼거리 인근),4575025000,35.631724989090905,127.29054209606059,6,9,0,1,7,1
2019,45,전라북도 임실군 관촌면(관촌삼거리 인근),4575038000,35.67830852212121,127.26738434545454,3,7,0,1,6,0
2019,45,전라북도 순창군 순창읍(터미널사거리 인근),4577025000,35.376613873333326,127.14079245363637,4,5,0,0,5,0
2019,45,전라북도 순창군 순창읍(순창로101 인근),4577025000,35.36461136484848,127.14238378121213,3,4,1,0,3,0
2019,45,전라북도 순창군 순창읍(경천교북측 인근),4577025000,35.37114224242424,127.14173684787878,3,3,0,1,1,1
2019,45,전라북도 고창군 고수면(남고창IC교차로 인근),4579031000,35.40420425242424,126.6752582918182,4,8,0,0,8,0
2019,45,전라북도 고창군 고창읍(읍내사거리 인근),4579025000,35.43333802969698,126.69238146181819,3,5,0,3,2,0
2019,45,전라북도 고창군 흥덕면(석교교차로 인근),4579040000,35.51394443393939,126.69025035121211,3,8,0,2,6,0
2019,45,전라북도 부안군 부안읍(터미널사거리 인근),4580025000,35.72642345515152,126.73729220909092,17,23,0,6,17,0
2019,45,전라북도 부안군 부안읍(석정삼거리 인근),4580025000,35.729612979696974,126.73725298727271,14,16,0,4,12,0
2019,45,전라북도 부안군 부안읍(아담사거리 인근),4580025000,35.726487532727276,126.73222431121212,11,17,0,7,10,0
2019,46,전라남도 목포시 옥암동(백년로양을로 인근),4611016400,34.80694550121213,126.42700822787879,34,71,0,14,57,0
2019,46,전라남도 목포시 석현동(공단삼거리 인근),4611016000,34.81584558363636,126.42013706363639,34,69,0,2,66,1
2019,46,전라남도 목포시 옥암동(양을로옥암금호길 인근),4611015800,34.80986003121212,126.42495231242424,34,55,0,0,55,0
2019,46,전라남도 여수시 학동(시청앞로터리 인근),4613012800,34.76141426969697,127.66295825121213,41,63,0,2,61,0
2019,46,전라남도 여수시 충무동(교동사거리 인근),4613010700,34.74027573969698,127.73145412727274,32,34,0,11,22,1
2019,46,전라남도 여수시 학동(쌍봉사거리 인근),4613012800,34.76645486515151,127.66278422121212,27,45,0,5,40,0
2019,46,전라남도 순천시 조례동(연향상가길41 인근),4615013300,34.95376114515151,127.52016672121215,36,46,0,4,40,2
2019,46,전라남도 순천시 풍덕동(순천역앞역전거리 인근),4615011100,34.945588301515144,127.50170381363635,22,38,1,8,29,0
2019,46,전라남도 순천시 조례동(태봉길1 인근),4615013300,34.95803598909091,127.52127765848485,22,37,0,0,35,2
2019,46,전라남도 나주시 대기동(부덕교차로 인근),4617012700,34.97531459272728,126.72863715121211,7,23,0,0,23,0
2019,46,전라남도 나주시 남평읍(산남로225 인근),4617025000,35.04642514818181,126.8376589690909,7,13,0,0,13,0
2019,46,전라남도 나주시 빛가람동(호수로사거리 인근),4617013400,35.01359780696969,126.79557711242421,7,13,0,0,12,1
2019,46,전라남도 광양시 광양읍(희양현로52 인근),4623025000,34.97475708454545,127.58852856363639,15,27,0,6,20,1
2019,46,전라남도 광양시 중동(컨테이너부두사거리 인근),4623010600,34.93942511272726,127.68917003242427,15,25,0,1,20,4
2019,46,전라남도 광양시 광양읍(광양역입구 인근),4623025000,34.96993433272728,127.58960100121212,14,24,0,5,17,2
2019,46,전라남도 담양군 담양읍(담양읍반룡리541 인근),4671025000,35.30049013727273,126.98057955848482,11,33,1,3,26,3
2019,46,전라남도 담양군 담양읍(담주4길2 인근),4671025000,35.319592355151514,126.9797239660606,8,8,0,1,7,0
2019,46,전라남도 담양군 담양읍(백동사거리 인근),4671025000,35.30942851303031,126.98122702787879,6,9,0,3,6,0
2019,46,전라남도 곡성군 옥과면(무창교차로 인근),4672037000,35.282666642121214,127.14566244787878,6,19,1,7,11,0
2019,46,전라남도 곡성군 곡성읍(장선교차로 인근),4672025000,35.300904145151506,127.29952746909089,5,9,0,2,6,1
2019,46,전라남도 곡성군 곡성읍(곡성로852 인근),4672025000,35.27968599121211,127.29709568848486,5,5,0,2,3,0
2019,46,전라남도 구례군 구례읍(구례읍봉남리2037 인근),4673025000,35.20762216272726,127.46455501121214,9,14,0,2,11,1
2019,46,전라남도 구례군 구례읍(구례읍구례로491 인근),4673025000,35.205534900909086,127.4680138160606,6,8,0,2,3,3
2019,46,전라남도 구례군 구례읍(구례읍봉동리1551 인근),4673025000,35.20995452303031,127.47318557727272,5,7,0,3,3,1
2019,46,전라남도 고흥군 도양읍(장미아파트사거리 인근),4677025300,34.52830623515151,127.1406087078788,10,13,0,7,4,2
2019,46,전라남도 고흥군 고흥읍(고흥읍등암리161311 인근),4677025000,34.60110825999999,127.27873920909094,8,12,0,3,9,0
2019,46,전라남도 고흥군 도양읍(비봉로159 인근),4677025300,34.52729333363635,127.1347900012121,8,8,0,3,5,0
2019,46,전라남도 보성군 벌교읍(역전삼거리 인근),4678025300,34.84262136454545,127.34500893848488,9,9,0,4,4,1
2019,46,전라남도 보성군 보성읍(용문길751 인근),4678025000,34.777477928484856,127.09033196848483,7,10,0,1,9,0
2019,46,전라남도 보성군 득량면(군두사거리 인근),4678038000,34.776004708484855,127.15627393909088,5,11,1,1,8,1
2019,46,전라남도 화순군 화순읍(교리삼거리 인근),4679025000,35.063323775151524,126.9794301278788,6,9,0,2,7,0
2019,46,전라남도 화순군 화순읍(화순읍앵남리28912 인근),4679025000,35.053728354545456,126.91085465606058,4,11,0,1,9,1
2019,46,전라남도 화순군 남면(남면벽송리7001 인근),4679041000,35.011377615757574,127.08282600242426,4,8,0,1,6,1
2019,46,전라남도 장흥군 장흥읍(장흥시외버스터미널 인근),4680025000,34.67645509272727,126.90963376606062,12,15,0,3,11,1
2019,46,전라남도 장흥군 장흥읍(건산7구삼거리 인근),4680025000,34.68337532818181,126.90320076363638,7,11,0,2,9,0
2019,46,전라남도 장흥군 장흥읍(장흥대교동편 인근),4680025000,34.67305334151515,126.90491753242424,6,14,0,7,7,0
2019,46,전라남도 강진군 군동면(군동면삼신리5172 인근),4681031000,34.62857628454546,126.79008092606061,9,30,0,6,21,3
2019,46,전라남도 강진군 강진읍(동성사거리 인근),4681025000,34.640246857272736,126.77744182242424,7,13,0,6,6,1
2019,46,전라남도 강진군 성전면(성전면송월리112914 인근),4681036000,34.701314519393954,126.70835287666667,7,13,0,2,11,0
2019,46,전라남도 해남군 해남읍(해남읍수성리592 인근),4682025000,34.571651515151515,126.60026060848483,11,13,0,4,7,2
2019,46,전라남도 해남군 해남읍(현대자동차해남지점 인근),4682025000,34.57095026181818,126.60717851727273,9,10,0,2,8,0
2019,46,전라남도 해남군 해남읍(평남교차로 인근),4682025000,34.565209288484844,126.60202899363638,8,11,0,2,9,0
2019,46,전라남도 영암군 삼호읍(매자사거리 인근),4683025300,34.73571238454545,126.5106927678788,10,14,0,1,13,0
2019,46,전라남도 영암군 삼호읍(대불주거로31 인근),4683025300,34.745411050606066,126.4669834990909,8,13,0,0,13,0
2019,46,전라남도 영암군 영암읍(영암읍낭주로128 인근),4683025000,34.799526089696975,126.70244559121211,7,11,1,3,7,0
2019,46,전라남도 무안군 삼향읍(삼향읍남악리2106 인근),4684025600,34.81286033393939,126.46022496121212,9,15,0,2,13,0
2019,46,전라남도 무안군 삼향읍(삼향읍남악리2270 인근),4684025600,34.80973940242424,126.45947589363635,7,7,0,0,7,0
2019,46,전라남도 무안군 삼향읍(후광대로진입 인근),4684025600,34.81440202272728,126.4564413760606,6,11,0,0,11,0
2019,46,전라남도 함평군 학교면(동함평IC입구 인근),4686033000,35.056579961212115,126.54286966666663,5,10,0,2,8,0
2019,46,전라남도 함평군 나산면(나산삼거리 인근),4686036000,35.11104567666666,126.60889993848485,4,10,0,1,7,2
2019,46,전라남도 함평군 엄다면(영산로3411 인근),4686034000,35.01918895848485,126.52787753121213,3,3,0,1,2,0
2019,46,전라남도 영광군 영광읍(영광종합터미널사거리 인근),4687025000,35.27605265575757,126.50105596363635,12,13,1,1,9,2
2019,46,전라남도 영광군 영광읍(영광읍백학리3773 인근),4687025000,35.27724792090909,126.50489895909088,9,9,0,3,6,0
2019,46,전라남도 영광군 영광읍(칠거사거리 인근),4687025000,35.27308564848485,126.50271326242425,6,8,0,2,6,0
2019,46,전라남도 장성군 장성읍(뱃나드리로247 인근),4688025000,35.29237020848484,126.78038853242425,8,13,0,0,11,2
2019,46,전라남도 장성군 남면(남면삼거리 인근),4688032000,35.24851536393939,126.8136043760606,7,9,0,0,8,1
2019,46,전라남도 장성군 황룡면(장산사거리 인근),4688036000,35.29425485393939,126.76353540242428,6,11,0,2,8,1
2019,46,전라남도 완도군 완도읍(장보고대로302 인근),4689025000,34.31489620787879,126.7577843760606,11,17,0,1,16,0
2019,46,전라남도 완도군 완도읍(개포로114번길48 인근),4689025000,34.318845020909095,126.7469320960606,10,17,0,4,13,0
2019,46,전라남도 완도군 완도읍(완도제1부두 인근),4689025000,34.315899249696976,126.7537558724242,6,7,0,4,2,1
2019,46,전라남도 진도군 진도읍(진도읍사무소 인근),4690025000,34.48121105848485,126.26272456363635,12,14,0,3,11,0
2019,46,전라남도 진도군 진도읍(남동교차로 인근),4690025000,34.47813539030303,126.26388208363636,4,6,0,2,4,0
2019,46,전라남도 신안군 압해읍(압해로887 인근),4691025300,34.865214395757576,126.31204778121214,6,7,0,2,5,0
2019,46,전라남도 신안군 압해읍(신장교차로 인근),4691025300,34.83764734636363,126.35371530787879,4,8,0,0,8,0
2019,46,전라남도 신안군 지도읍(지도사거리 인근),4691025000,35.05806121030302,126.20550928090908,3,5,0,3,2,0
2019,47,경상북도 포항시 북구 죽도동(오거리 인근),4711311600,36.03278545909091,129.36603300242425,37,56,1,9,45,1
2019,47,경상북도 포항시 남구 상도동(한전앞 인근),4711110100,36.01013145787879,129.34805906363636,23,34,0,3,26,5
2019,47,경상북도 포항시 남구 상도동(포항시외버스터미널동측교차로 인근),4711110100,36.01266942030304,129.3500528584849,23,28,0,9,17,2
2019,47,경상북도 경주시 황오동(화랑로120 인근),4713010400,35.8444999909091,129.2139408460606,29,34,0,16,18,0
2019,47,경상북도 경주시 성건동(금성로295 인근),4713010800,35.844689990303046,129.20705384606063,23,26,0,14,12,0
2019,47,경상북도 경주시 서악동(태종로682 인근),4713010700,35.83830998787878,129.20265684666668,20,28,0,2,25,1
2019,47,경상북도 김천시 남산동(자산로159 인근),4715010500,36.12449530363636,128.1179809072727,19,25,0,7,17,1
2019,47,경상북도 김천시 신음동(시청로66 인근),4715010800,36.13435389787878,128.11760453363638,16,22,0,7,15,0
2019,47,경상북도 김천시 남산동(성남교삼거리 인근),4715010600,36.12103649030303,128.11832525121213,15,18,0,7,11,0
2019,47,경상북도 안동시 옥동(옥동사거리 인근),4717013300,36.56336658393939,128.70273800121208,26,36,0,7,27,2
2019,47,경상북도 안동시 송현동(송현오거리 인근),4717013600,36.57199458575758,128.69747790666665,21,28,0,2,25,1
2019,47,경상북도 안동시 옥야동(경동로611 인근),4717011900,36.563357863939395,128.72452800121212,15,17,0,4,13,0
2019,47,경상북도 구미시 진평동(인동네거리 인근),4719012200,36.10591429515153,128.41970546727276,25,36,0,6,28,2
2019,47,경상북도 구미시 선기동(봉곡교남측 인근),4719010400,36.140643839090906,128.30970381606062,20,27,0,7,16,4
2019,47,경상북도 구미시 임수동(인동광장 인근),4719012100,36.110853991212124,128.41749284545455,19,26,0,2,22,2
2019,47,경상북도 영주시 하망동(구성오거리 인근),4721010100,36.82220137575757,128.6243558372727,17,23,0,6,16,1
2019,47,경상북도 영주시 가흥동(대동로149 인근),4721010500,36.814139710303024,128.61886037666665,15,23,0,8,14,1
2019,47,경상북도 영주시 휴천동(구성로2831 인근),4721010400,36.81866574151514,128.62778687727277,15,21,0,6,13,2
2019,47,경상북도 영천시 금호읍(금호로95 인근),4723025000,35.93123952212122,128.8722720960606,13,22,0,2,20,0
2019,47,경상북도 영천시 금호읍(교대사거리 인근),4723025000,35.934700834545446,128.87017506606063,11,17,1,5,11,0
2019,47,경상북도 영천시 과전동(중앙사거리 인근),4723010600,35.96690002242424,128.93129103242424,11,21,0,3,18,0
2019,47,경상북도 상주시 서문동(중앙사거리 인근),4725010700,36.41566699151516,128.15936593848483,17,21,0,3,18,0
2019,47,경상북도 상주시 낙양동(낙양사거리 인근),4725010800,36.415844425757584,128.1512098466667,10,10,0,4,6,0
2019,47,경상북도 상주시 낙양동(경상대로2928 인근),4725011000,36.408448397272714,128.1507801572727,8,11,0,3,8,0
2019,47,경상북도 문경시 모전동(모전교남측 인근),4728011000,36.58739716848485,128.19263247303033,12,16,0,4,12,0
2019,47,경상북도 문경시 산양면(산양면진정리6674 인근),4728032000,36.610884833939394,128.24174250121214,4,9,0,4,5,0
2019,47,경상북도 문경시 문경읍(주흘로363 인근),4728025000,36.7388584590909,128.1425199684849,4,8,0,1,7,0
2019,47,경상북도 경산시 조영동(대학로285 인근),4729011500,35.83655696030303,128.75343150242426,26,36,0,7,28,1
2019,47,경상북도 경산시 계양동(영대오거리 인근),4729011600,35.83412108454546,128.74755581363635,18,26,0,5,21,0
2019,47,경상북도 경산시 중방동(경산오거리 인근),4729011700,35.82386395848484,128.73739212363634,17,24,0,2,22,0
2019,47,경상북도 군위군 군위읍(서부사거리 인근),4772025000,36.241023084545446,128.56842662727271,3,3,0,1,2,0
2019,47,경상북도 의성군 의성읍(북원사거리 인근),4773025000,36.35639292636365,128.69414615848484,8,9,0,4,5,0
2019,47,경상북도 의성군 의성읍(교차로 인근),4773025000,36.3495786148485,128.6971936578788,6,8,1,2,5,0
2019,47,경상북도 의성군 봉양면(구미삼거리 인근),4773038000,36.30800642787878,128.6012141578788,3,4,0,2,2,0
2019,47,경상북도 청송군 안덕면(교차로 인근),4775035000,36.28517389575757,128.9549971890909,3,8,0,1,7,0
2019,47,경상북도 영양군 영양읍(중앙로102 인근),4776025000,36.662743617272724,129.1131803460606,7,7,0,1,5,1
2019,47,경상북도 영양군 영양읍(농협사거리 인근),4776025000,36.66578002151516,129.11435078363638,3,3,0,1,2,0
2019,47,경상북도 영덕군 강구면(영덕대게로19 인근),4777031000,36.360081429090904,129.37905940787874,14,24,0,4,19,1
2019,47,경상북도 영덕군 강구면(오포길4 인근),4777031000,36.35752424090909,129.38040587727272,11,19,1,4,14,0
2019,47,경상북도 영덕군 강구면(영덕대게로45 인근),4777031000,36.35973613666666,129.38394749909088,6,10,0,1,8,1
2019,47,경상북도 청도군 청도읍(청화로182 인근),4782025300,35.64233577151515,128.74466818787874,7,7,0,3,4,0
2019,47,경상북도 청도군 운문면(청려로4718 인근),4782035000,35.71582077090909,128.91453584666664,5,6,1,0,5,0
2019,47,경상북도 청도군 청도읍(청화로92 인근),4782025300,35.64744264575757,128.73774493848484,5,6,0,1,5,0
2019,47,경상북도 고령군 대가야읍(시장1길1 인근),4783025300,35.72521561606061,128.267436969697,7,13,0,2,11,0
2019,47,경상북도 고령군 대가야읍(고령광장 인근),4783025300,35.72935208454545,128.27141453242422,4,8,0,0,7,1
2019,47,경상북도 고령군 성산면(성산IC삼거리 인근),4783033000,35.75116252,128.3660719712121,3,4,0,0,4,0
2019,47,경상북도 성주군 성주읍(성주읍3길2 인근),4784025000,35.91819211454544,128.2867565960606,13,17,0,4,13,0
2019,47,경상북도 성주군 선남면(선노로1 인근),4784031000,35.88182789696969,128.37316368909092,7,14,0,6,8,0
2019,47,경상북도 성주군 성주읍(시장길531 인근),4784025000,35.91363602272727,128.2847058766667,7,7,0,1,6,0
2019,47,경상북도 칠곡군 왜관읍(로얄사거리 인근),4785025000,35.98735491787879,128.3993148884848,17,21,0,3,16,2
2019,47,경상북도 칠곡군 왜관읍(왜관지하도서측 인근),4785025000,35.99624512636365,128.3991095560606,15,18,0,5,11,2
2019,47,경상북도 칠곡군 석적읍(현대자동차석적대리점앞 인근),4785025600,36.078449527878774,128.40083843121212,13,18,0,1,16,1
2019,47,경상북도 예천군 예천읍(신예천교서측 인근),4790025000,36.65038386575757,128.4478180960606,6,12,0,2,10,0
2019,47,경상북도 예천군 예천읍(양궁로3 인근),4790025000,36.65069505333334,128.4568454378788,5,9,0,6,3,0
2019,47,경상북도 예천군 예천읍(왕신교차로 인근),4790025000,36.63887330636364,128.4538043130303,4,10,0,5,5,0
2019,47,경상북도 봉화군 봉화읍(봉화로1192 인근),4792025000,36.89033449272727,128.74052553242424,7,8,0,0,8,0
2019,47,경상북도 봉화군 춘양면(의양로76 인근),4792034000,36.93487064757576,128.9127746878788,3,4,0,0,3,1
2019,48,경상남도 창원시 성산구 상남동(마디미로31번길13 부근),4812312700,35.22107531242423,128.68490713727275,30,36,0,5,29,2
2019,48,경상남도 창원시 의창구 팔용동(팔용주유소앞교차로 부근),4812112900,35.25515288515151,128.61322816606062,23,28,0,5,22,1
2019,48,경상남도 창원시 진해구 충무동(충장로119 부근),4812913500,35.1520805569697,128.66542949424243,19,31,0,3,27,1
2019,48,경상남도 진주시 봉곡동(봉곡광장사거리 인근),4817011300,35.19565392636365,128.0766947518182,14,19,0,10,8,1
2019,48,경상남도 진주시 장대동(중앙광장사거리 인근),4817010600,35.1930449278788,128.08443125121215,12,16,0,6,9,1
2019,48,경상남도 진주시 상평동(시청사거리 인근),4817011900,35.1795218469697,128.10704371363636,12,14,0,5,8,1
2019,48,경상남도 통영시 항남동(중앙로89 인근),4822010200,34.84192436454545,128.41919081363636,22,31,0,11,16,4
2019,48,경상남도 통영시 무전동(무전119안전센터앞 인근),4822011100,34.858787792424245,128.42873784666668,22,31,0,6,18,7
2019,48,경상남도 통영시 무전동(무전대로35 인근),4822011100,34.860227083333335,128.42480012666667,20,27,1,5,20,1
2019,48,경상남도 사천시 정동면(옥산로31 인근),4824031000,35.079959520303035,128.08624953242426,21,32,1,8,21,2
2019,48,경상남도 사천시 동금동(동금로121 인근),4824010400,34.93175877181819,128.07704515787876,18,23,0,6,14,3
2019,48,경상남도 사천시 벌리동(중앙로188 인근),4824010800,34.94213580181818,128.08062228242423,14,24,1,4,15,4
2019,48,경상남도 김해시 어방동(다솜조명백화점앞교차로 인근),4825011800,35.242494813030305,128.90403390545455,29,44,0,12,27,5
2019,48,경상남도 김해시 외동(중앙사거리 인근),4825010800,35.234536382121206,128.86674151727277,26,41,0,6,35,0
2019,48,경상남도 김해시 삼계동(금우빌딩앞교차로 인근),4825010700,35.260710568484846,128.87077907666665,25,43,0,9,33,1
2019,48,경상남도 밀양시 상남면(예림삼거리 인근),4827036000,35.4697300839394,128.76271806363638,17,22,1,6,15,0
2019,48,경상남도 밀양시 내이동(신촌사거리 인근),4827010200,35.501288083939386,128.74162143848483,13,18,0,5,13,0
2019,48,경상남도 밀양시 삼문동(삼문중앙로48 인근),4827010400,35.48559273848484,128.75694531363635,11,14,0,7,6,1
2019,48,경상남도 거제시 고현동(거제중앙로19385 인근),4831010900,34.89165470727273,128.62310293787877,22,34,0,13,21,0
2019,48,경상남도 거제시 고현동(한양훼밀리맨션앞 인근),4831010900,34.887917551818184,128.62614420606062,19,22,1,6,14,1
2019,48,경상남도 거제시 아주동(아주치안센터 인근),4831010400,34.865006259696976,128.69031102303026,16,21,0,7,14,0
2019,48,경상남도 양산시 북부동(양주사거리 인근),4833010300,35.34359614575759,129.0341445330303,19,25,0,6,18,1
2019,48,경상남도 양산시 중부동(양산이마트 인근),4833010300,35.337248566363634,129.02742748606065,16,27,0,13,13,1
2019,48,경상남도 양산시 삼호동(효암고등학교 인근),4833011400,35.41422401151515,129.17051781363634,16,21,0,6,12,3
2019,48,경상남도 의령군 부림면(대한로1757 인근),4872039000,35.46609639515151,128.3245209078788,5,5,0,2,3,0
2019,48,경상남도 의령군 정곡면(중교삼거리 인근),4872036000,35.37943652030304,128.3274629712121,3,7,0,5,2,0
2019,48,경상남도 의령군 의령읍(서부삼거리 인근),4872025000,35.315819332727266,128.25851925242424,3,4,0,3,1,0
2019,48,경상남도 함안군 가야읍(어린이보호 인근),4873025000,35.27891266575757,128.40364506242423,8,9,0,1,8,0
2019,48,경상남도 함안군 칠원읍(원서로26 인근),4873025300,35.307301677272726,128.51764021909088,6,7,0,2,5,0
2019,48,경상남도 창녕군 창녕읍(오리정사거리 인근),4874025000,35.542793615757574,128.48952937666664,7,10,0,2,8,0
2019,48,경상남도 창녕군 창녕읍(명덕로54 인근),4874025000,35.54279680181818,128.49522253363637,7,10,0,2,8,0
2019,48,경상남도 창녕군 남지읍(동포로3 인근),4874025300,35.389597457878786,128.48188768787878,6,6,0,3,3,0
2019,48,경상남도 고성군 고성읍(동외로187 인근),4882025000,34.978073303333325,128.32638197121213,12,15,0,3,9,3
2019,48,경상남도 고성군 고성읍(동외로145 인근),4882025000,34.97395542545455,128.3257995324242,11,12,0,3,8,1
2019,48,경상남도 고성군 고성읍(복용북로15 인근),4882025000,34.974516739090916,128.32192850181815,10,10,0,2,8,0
2019,48,경상남도 남해군 남해읍(화전로96 인근),4884025000,34.83981223848483,127.89400065787876,12,12,0,10,2,0
2019,48,경상남도 남해군 남해읍(화전로2 인근),4884025000,34.833481085151504,127.89936737666663,5,11,0,4,7,0
2019,48,경상남도 남해군 남해읍(화전로43번길2 인근),4884025000,34.83520317606061,127.89475684606063,4,7,0,3,3,1
2019,48,경상남도 하동군 하동읍(경서대로138 인근),4885025000,35.06772123909092,127.74932747121211,5,5,0,4,1,0
2019,48,경상남도 하동군 북천면(북천코스모스교차로 인근),4885039000,35.11649488333333,127.89645019727273,4,7,1,3,3,0
2019,48,경상남도 하동군 하동읍(중앙로4 인근),4885025000,35.07066345909092,127.75213815787879,4,4,0,2,1,1
2019,48,경상남도 산청군 산청읍(산청읍산청리1684 인근),4886025000,35.416717306060605,127.87737345666665,8,8,0,4,3,1
2019,48,경상남도 산청군 단성면(창촌삼거리 인근),4886037000,35.26321102030304,127.89791050242424,4,5,0,1,3,1
2019,48,경상남도 산청군 금서면(산청IC사거리 인근),4886034000,35.4202317360606,127.8690894960606,3,8,0,1,7,0
2019,48,경상남도 함양군 함양읍(NH농협은행함양군지부 인근),4887025000,35.52049763909091,127.72761471787878,11,13,0,3,6,4
2019,48,경상남도 함양군 함양읍(주차장사거리 인근),4887025000,35.521559614848485,127.73358361363634,7,8,0,3,4,1
2019,48,경상남도 함양군 함양읍(함양2교 인근),4887025000,35.51457655272728,127.72925465030303,4,5,0,4,1,0
2019,48,경상남도 거창군 거창읍(중앙교북측 인근),4888025000,35.68613191848485,127.91652688787877,9,10,0,1,9,0
2019,48,경상남도 거창군 거창읍(수남로2283 인근),4888025000,35.68259095848484,127.91216875121209,7,11,0,3,7,1
2019,48,경상남도 거창군 거창읍(티스테이션 인근),4888025000,35.682886404848496,127.9058014090909,6,9,0,4,5,0
2019,48,경상남도 합천군 합천읍(충효로731 인근),4889025000,35.56710655272726,128.1611663136364,7,7,0,3,4,0
2019,48,경상남도 합천군 용주면(정양교차로 인근),4889046000,35.55601614606062,128.16192853242427,6,6,0,4,1,1
2019,48,경상남도 합천군 삼가면(삼가중앙길14 인근),4889043000,35.41268273939395,128.12141062606062,5,5,0,3,1,1
2019,50,제주특별자치도 제주시 이도이동(광양사거리 인근),5011010400,33.50073042454545,126.52914759606061,35,46,0,8,36,2
2019,50,제주특별자치도 제주시 연동(롯데시티호텔 인근),5011012200,33.490077862727276,126.48659881242422,30,45,0,3,38,4
2019,50,제주특별자치도 제주시 용담이동(공항입구교차로 인근),5011010900,33.505477925757575,126.4963009378788,25,45,0,3,37,5
2019,50,제주특별자치도 서귀포시 서홍동(중앙로터리 인근),5013010100,33.252711733333335,126.56116478666668,31,43,0,13,25,5
2019,50,제주특별자치도 서귀포시 서귀동(중정로52 인근),5013010100,33.24760700606061,126.56198398030301,27,30,0,9,16,5
2019,50,제주특별자치도 서귀포시 동홍동(동홍동코아루오션뷰앞 인근),5013010500,33.249551324545465,126.57130666727271,12,16,0,4,10,2
2020,11,서울특별시 종로구 숭인동(동묘앞역사거리 인근),1111017500,37.573022771818174,127.01567515909095,32,41,1,8,24,8
2020,11,서울특별시 종로구 창신동(흥인지문 인근),1111016400,37.57066317636364,127.00942817848485,32,44,1,5,34,4
2020,11,서울특별시 종로구 종로1가(세종대로사거리 인근),1111011900,37.57017582272728,126.97706986242423,25,37,0,8,25,4
2020,11,서울특별시 중구 명동2가(한국은행앞 인근),1114012400,37.5611579160606,126.9816421890909,42,64,1,15,44,4
2020,11,서울특별시 중구 정동(우성빌딩 인근),1114011400,37.563850802121216,126.97783558727276,39,52,0,5,40,7
2020,11,서울특별시 중구 남대문로2가(을지로1가 인근),1114010500,37.56601320515151,126.98355517242426,33,51,0,5,36,10
2020,11,서울특별시 용산구 한남동(하나투어 인근),1117013100,37.53303667272726,127.00707048606061,37,48,0,10,38,0
2020,11,서울특별시 용산구 청파동3가(농협남영동지점 인근),1117010400,37.54437403333335,126.9722151830303,23,35,0,5,30,0
2020,11,서울특별시 용산구 한남동(이태원역앞교차로 인근),1117013000,37.53449877727272,126.99396613666666,22,27,0,3,23,1
2020,11,서울특별시 성동구 성수동1가(성수대교 인근),1120011400,37.54423616333332,127.03554670363637,51,77,0,20,55,2
2020,11,서울특별시 성동구 송정동(성수동1가6741 인근),1120011400,37.55202085909091,127.04433920666663,29,34,0,7,25,2
2020,11,서울특별시 성동구 성수동1가(왕십리역1번출구 인근),1120010700,37.56153952818182,127.03513332909091,28,46,0,6,36,4
2020,11,서울특별시 광진구 화양동(건대입구역앞교차로 인근),1121510700,37.539920522121214,127.07067331363633,34,52,0,5,44,3
2020,11,서울특별시 광진구 화양동(성수사거리 인근),1121510700,37.54218498515151,127.06403788666668,27,37,0,7,26,4
2020,11,서울특별시 광진구 군자동(화양사거리 인근),1121510900,37.54831205454544,127.0675132860606,25,32,0,5,27,0
2020,11,서울특별시 동대문구 제기동(경동시장앞교차로 인근),1123010300,37.57817774272727,127.03836835121213,34,40,0,11,24,5
2020,11,서울특별시 동대문구 신설동(신설동역교차로 인근),1123010100,37.575580861212124,127.02326826606063,33,50,0,8,39,3
2020,11,서울특별시 동대문구 장안동(장안동46914 인근),1123010600,37.57171783666667,127.07141551606064,31,34,1,9,24,0
2020,11,서울특별시 중랑구 신내동(망우사거리 인근),1126010500,37.599881329090906,127.10048636909089,41,56,1,11,42,2
2020,11,서울특별시 중랑구 망우동(장안교앞 인근),1126010100,37.5813083221212,127.08041976909091,35,60,0,12,45,3
2020,11,서울특별시 중랑구 망우동(한일써너스빌리젠시 인근),1126010200,37.59730533454546,127.09294155606062,35,57,0,10,41,6
2020,11,서울특별시 성북구 하월곡동(종암사거리 인근),1129013500,37.603379789393934,127.03224611121213,60,80,0,8,71,1
2020,11,서울특별시 성북구 하월곡동(길음역10번출구 인근),1129013400,37.60402609030303,127.02619300606057,55,72,0,8,62,2
2020,11,서울특별시 성북구 삼선동1가(한성대입구역앞교차로 인근),1129011100,37.58848484727274,127.00619701242422,32,46,0,5,38,3
2020,11,서울특별시 강북구 미아동(미아4동지구대 인근),1130510100,37.61645296727273,127.02991358727272,44,62,0,8,48,6
2020,11,서울특별시 강북구 수유동(렛츠런CCC강북지점 인근),1130510300,37.63528463272727,127.02327492848488,41,53,0,8,43,2
2020,11,서울특별시 강북구 수유동(수유역앞교차로 인근),1130510200,37.6379826490909,127.0256525890909,40,51,1,3,37,10
2020,11,서울특별시 도봉구 창동(정의여중고교입구교차로 인근),1132010700,37.6513647969697,127.03637612909091,37,65,0,20,35,10
2020,11,서울특별시 도봉구 창동(도봉보건소교차로 인근),1132010500,37.6567118330303,127.03955648909088,25,34,0,6,24,4
2020,11,서울특별시 도봉구 방학동(방학역교차로 인근),1132010600,37.66693029272727,127.04422433242428,21,33,0,6,21,6
2020,11,서울특별시 노원구 공릉동(태릉입구 인근),1135010300,37.61715370090909,127.07421073787877,36,55,0,5,48,2
2020,11,서울특별시 노원구 상계동(창동교앞교차로 인근),1135010500,37.65310495666666,127.05518723363639,35,54,0,7,46,1
2020,11,서울특별시 노원구 상계동(노원역3번출구 인근),1135010500,37.65480048333335,127.06058666606063,34,50,0,11,36,3
2020,11,서울특별시 은평구 대조동(연신내역 인근),1138010400,37.61841607848485,126.92010230363634,38,44,0,5,34,5
2020,11,서울특별시 은평구 대조동(불광역6번출구 인근),1138010600,37.610396120606055,126.9287689660606,27,42,1,7,33,1
2020,11,서울특별시 은평구 역촌동(구산역앞교차로 인근),1138010400,37.61126059787879,126.91730027848489,22,30,0,6,24,0
2020,11,서울특별시 서대문구 홍은동(홍제동29446 인근),1141011100,37.591107470909094,126.94170173787877,33,43,1,8,28,6
2020,11,서울특별시 서대문구 현저동(독립문역 인근),1141010800,37.57259956454545,126.95982800727275,28,41,0,4,30,7
2020,11,서울특별시 서대문구 창천동(세브란스병원입구 인근),1141011400,37.56002988636364,126.94001056121215,24,37,0,4,31,2
2020,11,서울특별시 마포구 동교동(신촌로터리 인근),1144012100,37.55464795090908,126.93637062363638,36,50,0,3,45,2
2020,11,서울특별시 마포구 합정동(합정역교차로 인근),1144012200,37.54922931333333,126.91345680242425,31,48,1,8,36,3
2020,11,서울특별시 마포구 동교동(홍대입구역앞교차로 인근),1144012000,37.55521480272728,126.92159507242424,31,43,0,4,32,7
2020,11,서울특별시 양천구 목동(청소년수련관앞 인근),1147010200,37.53034659393939,126.87488071363634,51,76,0,5,69,2
2020,11,서울특별시 양천구 목동(목동역앞교차로 인근),1147010200,37.52617248151514,126.8643765778788,33,45,0,2,40,3
2020,11,서울특별시 양천구 신월동(강월초교입구교차로 인근),1147010300,37.51706582393939,126.83946513242424,31,46,0,13,31,2
2020,11,서울특별시 강서구 가양동(강서구청입구 인근),1150010200,37.554821151818196,126.85184956606058,43,64,0,12,49,3
2020,11,서울특별시 강서구 화곡동(화곡사거리 인근),1150010300,37.530612767878786,126.84746376121213,42,52,0,8,37,7
2020,11,서울특별시 강서구 내발산동(발산역앞교차로 인근),1150010500,37.558575069696964,126.83827642606059,36,49,0,7,35,7
2020,11,서울특별시 구로구 가리봉동(디지털단지오거리 인근),1153010300,37.479391583939396,126.88996010363638,39,57,0,8,47,2
2020,11,서울특별시 구로구 가리봉동(구로IC 인근),1153010300,37.48667596030303,126.8779824078788,32,51,0,5,45,1
2020,11,서울특별시 구로구 가리봉동(현대자동차AS센타 인근),1153010300,37.48179266030304,126.88669302909089,29,34,0,10,23,1
2020,11,서울특별시 금천구 시흥동(시흥사거리 인근),1154510300,37.45476667636363,126.90057509242419,41,56,0,7,46,3
2020,11,서울특별시 금천구 독산동(말미사거리 인근),1154510200,37.46651708454545,126.89775900848488,27,36,0,6,27,3
2020,11,서울특별시 금천구 독산동(박재영과위원 인근),1154510200,37.468867294545454,126.90238073909093,25,38,1,13,23,1
2020,11,서울특별시 영등포구 신길동(영등포로터리 인근),1156010200,37.519137662727275,126.9125515424242,64,106,0,14,86,6
2020,11,서울특별시 영등포구 양평동4가(양화대교남측 인근),1156012800,37.536429143939394,126.89838620242423,52,70,1,9,53,7
2020,11,서울특별시 영등포구 문래동3가(영등포역교차로 인근),1156010400,37.5170265939394,126.9063718430303,43,61,0,9,49,3
2020,11,서울특별시 동작구 상도1동(한국교회정보센타 인근),1159010300,37.50380372787879,126.94790453909093,47,77,0,7,60,10
2020,11,서울특별시 동작구 본동(한강대교남단교차로 인근),1159010400,37.513621049090915,126.95613889363636,45,71,0,9,56,6
2020,11,서울특별시 동작구 대방동(상도3동주민센터 인근),1159010200,37.49924861515151,126.93121849909092,39,45,0,13,29,3
2020,11,서울특별시 관악구 신림동(신림역사거리 인근),1162010200,37.484269325151516,126.92975011909091,56,72,1,13,55,3
2020,11,서울특별시 관악구 봉천동(봉천본동농협앞 인근),1162010100,37.48194417636364,126.94635393787878,52,59,1,15,41,2
2020,11,서울특별시 관악구 봉천동(서울대입구역앞교차로 인근),1162010100,37.48126630636363,126.95277625242424,51,67,0,14,51,2
2020,11,서울특별시 서초구 양재동(양재IC 인근),1165010200,37.4622136930303,127.03800946606063,59,82,0,8,72,2
2020,11,서울특별시 서초구 서초동(법원검찰청앞교차로 인근),1165010800,37.49371346393939,127.0137391560606,41,47,0,7,33,7
2020,11,서울특별시 서초구 염곡동(양재IC 인근),1165010200,37.46489590666667,127.04203268121215,32,43,0,0,41,2
2020,11,서울특별시 강남구 수서동(수서역앞교차로 인근),1168011500,37.48736194454545,127.1017298378788,52,74,0,9,59,6
2020,11,서울특별시 강남구 압구정동(송담빌딩 인근),1168010400,37.524356642424245,127.04828549363634,50,64,0,16,45,3
2020,11,서울특별시 강남구 역삼동(르네상스호텔사거리 인근),1168010100,37.50261625484848,127.04283295363635,48,65,0,13,51,1
2020,11,서울특별시 송파구 문정동(제일오피스텔 인근),1171010700,37.493294021515155,127.11814113909094,43,64,0,9,53,2
2020,11,서울특별시 송파구 가락동(잠실역사거리 인근),1171010100,37.51328305575758,127.10023002787878,42,67,0,8,57,2
2020,11,서울특별시 송파구 방이동(올림픽대교남단교차로 인근),1171010300,37.525611424242435,127.11769766787879,39,58,0,7,46,5
2020,11,서울특별시 강동구 천호동(천호사거리 인근),1174010900,37.53866118909092,127.12345988363637,41,47,0,13,31,3
2020,11,서울특별시 강동구 성내동(길동사거리 인근),1174010500,37.53395525848485,127.13861581242429,31,37,0,13,23,1
2020,11,서울특별시 강동구 천호동(한림대학교강동성심병원 인근),1174010900,37.53575104939394,127.13552656030303,31,40,0,3,34,3
2020,26,부산광역시 중구 동광동5가(중앙동사거리 인근),2611010700,35.1050321778788,129.03628037666664,31,51,0,6,44,1
2020,26,부산광역시 중구 남포동6가(남포사거리 인근),2611014000,35.09774708424243,129.02825543848482,21,25,0,8,16,1
2020,26,부산광역시 중구 부평동4가(부평교차로 인근),2611012500,35.099558303939396,129.0248297512121,20,24,0,6,16,2
2020,26,부산광역시 서구 충무동1가(충무교차로 인근),2614012000,35.09645377030302,129.02446943848489,33,52,0,9,35,8
2020,26,부산광역시 서구 서대신동3가(구덕사거리 인근),2614010300,35.115870237575756,129.01750568909094,23,33,0,8,22,3
2020,26,부산광역시 서구 부민동3가(부민사거리 인근),2614010900,35.10335967636363,129.02001896909087,21,26,0,9,15,2
2020,26,부산광역시 동구 범일동(초량교차로 인근),2617010100,35.11928745787879,129.04200034666664,35,53,0,12,36,5
2020,26,부산광역시 동구 좌천동(좌천삼거리 인근),2617010300,35.13276089575756,129.05299897121213,27,35,0,5,26,4
2020,26,부산광역시 동구 범일동(부산역5번출구 인근),2617010100,35.114843083333334,129.0394849390909,23,36,0,9,24,3
2020,26,부산광역시 영도구 봉래동4가(봉래교차로 인근),2620011700,35.092996334545454,129.04487331242424,20,26,0,4,20,2
2020,26,부산광역시 영도구 청학동(부산은행청학동지점 인근),2620012000,35.09671555151515,129.06089675242424,17,23,0,7,16,0
2020,26,부산광역시 영도구 봉래동2가(대교사거리 인근),2620010100,35.09216611454545,129.03970653363638,15,19,1,7,10,1
2020,26,부산광역시 부산진구 부전동(서면교차로 인근),2623010300,35.15776923969697,129.05915165787883,61,95,0,25,66,4
2020,26,부산광역시 부산진구 범천동(광무교남측 인근),2623010300,35.15021748969697,129.05922872121212,57,84,0,21,55,8
2020,26,부산광역시 부산진구 부전동(크리스탈부페웨딩홀 인근),2623010300,35.154491801212124,129.05919618787874,52,66,0,13,49,4
2020,26,부산광역시 동래구 온천동(내성교차로 인근),2626010800,35.204074614545455,129.07886300242424,42,64,0,11,42,11
2020,26,부산광역시 동래구 수안동(수민동교차로 인근),2626010600,35.201437614545455,129.08523750181817,36,41,1,12,25,3
2020,26,부산광역시 동래구 온천동(미남교차로 인근),2626010800,35.207911084545444,129.06977175121213,27,35,0,10,22,3
2020,26,부산광역시 남구 대연동(용소삼거리 인근),2629010600,35.137340426363636,129.09994209666667,28,38,0,5,30,3
2020,26,부산광역시 남구 문현동(문현교차로 인근),2629010900,35.136893018484855,129.0680820324243,27,38,0,8,29,1
2020,26,부산광역시 남구 대연동(대연사거리 인근),2629010600,35.135124487878784,129.0919293460606,21,24,0,9,14,1
2020,26,부산광역시 북구 덕천동(숙등교차로 인근),2632010400,35.21140698848486,129.01072943909088,36,53,0,8,34,11
2020,26,부산광역시 북구 화명동(KB국민은행화명동지점 인근),2632010200,35.234850381515145,129.0122291324243,31,42,0,8,34,0
2020,26,부산광역시 북구 구포동(덕천교차로 인근),2632010400,35.21014127090909,129.00539803303033,24,37,0,11,22,4
2020,26,부산광역시 해운대구 우동(해운대역 인근),2635010500,35.16365030272728,129.1589349412121,16,23,2,2,10,9
2020,26,부산광역시 해운대구 재송동(과정교 인근),2635010400,35.18435602272726,129.1179871260606,16,22,1,0,20,1
2020,26,부산광역시 해운대구 재송동(왕자맨션교차로 인근),2635010300,35.19362422333334,129.11748182787878,16,20,0,3,14,3
2020,26,부산광역시 사하구 하단동(하단교차로 인근),2638010300,35.10614627030302,128.9684689078788,35,56,0,8,43,5
2020,26,부산광역시 사하구 괴정동(사하초등삼거리 인근),2638010100,35.09908358333333,128.98689725242423,19,32,0,5,25,2
2020,26,부산광역시 사하구 당리동(동매교사거리 인근),2638010200,35.10150861545455,128.97647756363637,18,24,0,4,17,3
2020,26,부산광역시 금정구 금사동(넘버25호텔서동점 인근),2641011000,35.215044053939394,129.1071874712121,24,35,0,9,21,5
2020,26,부산광역시 금정구 부곡동(부곡2동주민센터 인근),2641010900,35.229775553030294,129.0923678136364,20,25,0,5,18,2
2020,26,부산광역시 금정구 부곡동(금정교남측 인근),2641010700,35.24431517515151,129.09089609606062,19,28,0,6,21,1
2020,26,부산광역시 강서구 명지동(명지동34441 인근),2644010400,35.097149716666664,128.92339776121213,11,19,1,3,14,1
2020,26,부산광역시 강서구 명지동(명지IC 인근),2644010100,35.111257239090904,128.93190715848488,10,10,0,3,6,1
2020,26,부산광역시 강서구 명지동(청량사어귀교차로 인근),2644010400,35.11467755181817,128.91956100242425,10,12,0,2,9,1
2020,26,부산광역시 연제구 연산동(연산교차로 인근),2647010200,35.18605883333332,129.08166468909093,73,103,1,30,67,5
2020,26,부산광역시 연제구 연산동(이디야커피부산토곡점 인근),2647010200,35.184521176363646,129.10719006363632,24,28,1,2,21,4
2020,26,부산광역시 연제구 거제동(교대사거리 인근),2647010100,35.19355205272727,129.0797137190909,22,34,0,7,27,0
2020,26,부산광역시 수영구 광안동(수영교차로 인근),2650010200,35.16736427090908,129.11523412787878,38,43,0,7,32,4
2020,26,부산광역시 수영구 광안동(광안사거리 인근),2650010400,35.16196098848484,129.11407818848483,24,31,0,5,25,1
2020,26,부산광역시 수영구 광안동(망미역앞교차로 인근),2650010400,35.17134264575758,129.10947790727272,19,26,0,6,16,4
2020,26,부산광역시 사상구 괘법동(사상교차로 인근),2653010400,35.16208217606061,128.98473934606062,26,38,0,4,27,7
2020,26,부산광역시 사상구 학장동(낙동대교앞교차로 인근),2653010500,35.15178002181818,128.9763089712121,19,24,0,2,20,2
2020,26,부산광역시 사상구 학장동(학장교차로 인근),2653010700,35.14348433333333,128.9880053766667,18,24,1,2,14,7
2020,26,부산광역시 기장군 기장읍(동부리483 인근),2671025000,35.24682545151515,129.2168502778788,14,21,0,1,19,1
2020,26,부산광역시 기장군 기장읍(대라리교차로 인근),2671025000,35.237847927272725,129.2133762824243,13,17,1,5,9,2
2020,26,부산광역시 기장군 기장읍(나미리아 인근),2671025000,35.24179192787879,129.2166461890909,13,20,0,4,14,2
2020,27,대구광역시 중구 봉산동(봉산동1271 인근),2711010800,35.86459251212123,128.59821027848483,37,61,1,9,34,17
2020,27,대구광역시 중구 공평동(구구커피 인근),2711010500,35.868273988484844,128.5998788460606,32,44,0,5,28,11
2020,27,대구광역시 중구 남산동(계산오거리 인근),2711015600,35.86643999030303,128.58763584363635,24,48,0,7,32,9
2020,27,대구광역시 동구 효목동(큰고개오거리 인근),2714010100,35.885616988484855,128.6330198460606,43,61,0,5,51,5
2020,27,대구광역시 동구 효목동(효목지하차도 인근),2714010300,35.881217990909086,128.6374098460606,30,60,0,7,45,8
2020,27,대구광역시 동구 검사동(아양교 인근),2714010900,35.88970998878787,128.64225384666665,26,34,1,6,25,2
2020,27,대구광역시 서구 비산동(두류네거리 인근),2717010100,35.85790199060605,128.55749184424243,46,88,0,11,62,15
2020,27,대구광역시 서구 평리동(신평리네거리 인근),2717010300,35.87045298969697,128.55497384363636,42,77,1,9,58,9
2020,27,대구광역시 서구 비산동(북비산네거리 인근),2717010200,35.87963999121212,128.5713868436364,35,55,0,8,44,3
2020,27,대구광역시 남구 대명동(호야북카페 인근),2720010200,35.846048989696975,128.5905578460606,43,55,0,6,40,9
2020,27,대구광역시 남구 대명동(안지랑네거리 인근),2720010300,35.83906299030302,128.5768048460606,41,75,0,10,60,5
2020,27,대구광역시 남구 대명동(삼각지네거리 인근),2720010300,35.852589987878794,128.5834168460606,26,41,1,3,36,1
2020,27,대구광역시 북구 산격동(경대교 인근),2723010600,35.88632798909091,128.60082884363638,34,55,0,9,43,3
2020,27,대구광역시 북구 복현동(복현오거리 인근),2723011200,35.897642989090905,128.6149948460606,33,45,1,3,37,4
2020,27,대구광역시 북구 산격동(성북교사거리 인근),2723011100,35.89316098969696,128.59351484545456,31,36,0,11,18,7
2020,27,대구광역시 수성구 지산동(황금네거리 인근),2726011100,35.839817989696975,128.6239148460606,56,91,0,7,79,5
2020,27,대구광역시 수성구 노변동(대구은행네거리 인근),2726010400,35.859796992424236,128.61415384666668,36,65,0,4,60,1
2020,27,대구광역시 수성구 범어동(범어네거리 인근),2726010100,35.85912298848485,128.62629784606057,35,62,0,9,50,3
2020,27,대구광역시 달서구 감삼동(죽전네거리 인근),2729011300,35.85018499030303,128.53727784727272,42,68,0,5,61,2
2020,27,대구광역시 달서구 대천동(진천네거리 인근),2729011700,35.81410298969697,128.52409084606057,37,63,0,7,49,7
2020,27,대구광역시 달서구 감삼동(용산네거리 인근),2729011100,35.849468988484844,128.53075084363635,36,70,1,12,54,3
2020,27,대구광역시 달성군 다사읍(대실역대구2호선 인근),2771025600,35.85745958090909,128.46496232666667,26,39,0,4,33,2
2020,27,대구광역시 달성군 다사읍(죽곡리293 인근),2771025600,35.8597132330303,128.4631101912121,19,35,0,4,28,3
2020,27,대구광역시 달성군 다사읍(서재리972 인근),2771025600,35.874735725757574,128.49720615242427,15,29,0,5,23,1
2020,28,인천광역시 중구 신흥동3가(신광사거리 인근),2811012800,37.46442611636363,126.63604328242423,13,18,0,7,10,1
2020,28,인천광역시 중구 신흥동3가(개항탑사거리 인근),2811012800,37.4495452730303,126.62461154909094,10,23,0,2,21,0
2020,28,인천광역시 중구 신흥동3가(신용보증기금인천지점 인근),2811011200,37.45364449969697,126.62725596787875,9,12,0,2,10,0
2020,28,인천광역시 동구 송림동(송림오거리 인근),2814010700,37.47591320909091,126.64467284363634,12,15,1,3,11,0
2020,28,인천광역시 동구 송림동(산업용품센터사거리 인근),2814010700,37.48269780515152,126.65892981363639,10,17,0,3,14,0
2020,28,인천광역시 동구 화평동(화평치안센터 인근),2814010400,37.47766517848485,126.63233631363633,8,12,0,3,9,0
2020,28,인천광역시 미추홀구 주안동(석바위사거리 인근),2817710500,37.45787167909091,126.68948434363635,26,29,0,4,22,3
2020,28,인천광역시 미추홀구 도화동(도화초교사거리 인근),2817710400,37.46378846121213,126.66931700181819,25,29,0,7,19,3
2020,28,인천광역시 미추홀구 주안동(승기사거리 인근),2817710500,37.45082255333333,126.68986515787878,23,32,0,3,25,4
2020,28,인천광역시 연수구 청학동(청학사거리 인근),2818510400,37.424769585151516,126.66916924969698,15,21,0,5,16,0
2020,28,인천광역시 연수구 동춘동(연수동65117 인근),2818510300,37.41367071787879,126.67680672242422,15,18,0,3,15,0
2020,28,인천광역시 연수구 연수동(선학지하차도 인근),2818510300,37.42622627272726,126.69893106242422,15,17,0,3,14,0
2020,28,인천광역시 남동구 간석동(간석오거리 인근),2820010200,37.467045553939386,126.7080564378788,38,51,0,8,41,2
2020,28,인천광역시 남동구 간석동(간석사거리 인근),2820010200,37.46162240212122,126.72026119666666,38,58,0,7,49,2
2020,28,인천광역시 남동구 구월동(길병원사거리 인근),2820010100,37.44975836696969,126.70767771969696,36,80,0,3,76,1
2020,28,인천광역시 부평구 부평동(부평역사거리 인근),2823710100,37.491341179696974,126.72317459363636,38,59,0,3,48,8
2020,28,인천광역시 부평구 부평동(굴다리오거리 인근),2823710100,37.490986459999995,126.72973034363633,35,58,0,12,44,2
2020,28,인천광역시 부평구 부개동(신복사거리 인근),2823710500,37.50695758515151,126.7313221878788,28,33,0,8,24,1
2020,28,인천광역시 계양구 작전동(나들목사거리 인근),2824510300,37.525471084545465,126.72223190727271,35,77,0,8,60,9
2020,28,인천광역시 계양구 병방동(병방사거리 인근),2824510700,37.54743624151514,126.74067775181817,23,29,0,3,25,1
2020,28,인천광역시 계양구 계산동(계산사거리 인근),2824510200,37.54324208515152,126.7285481878788,22,34,0,12,21,1
2020,28,인천광역시 서구 당하동(완정사거리 인근),2826011400,37.59364186696972,126.67417624909089,29,43,0,11,31,1
2020,28,인천광역시 서구 금곡동(루원교차로 인근),2826010800,37.524713636363636,126.67639001303029,23,29,0,3,26,0
2020,28,인천광역시 서구 왕길동(왕길지하차도 인근),2826012000,37.59893799181818,126.65082700121214,21,31,0,3,28,0
2020,28,인천광역시 강화군 길상면(해안동로36 인근),2871033000,37.627265345151514,126.53213482606063,6,10,1,1,8,0
2020,28,인천광역시 강화군 강화읍(강화군청앞 인근),2871025000,37.746806866969685,126.48531784363637,5,7,0,2,3,2
2020,28,인천광역시 강화군 강화읍(수협사거리 인근),2871025000,37.744373523939394,126.48743010848486,4,5,0,1,3,1
2020,29,광주광역시 동구 학동(전대병원응급실앞교차로 인근),2911012200,35.14056608333332,126.92206281242424,18,28,1,4,22,1
2020,29,광주광역시 동구 학동(금동1381 인근),2911012200,35.141948026666675,126.91917898909088,17,23,0,1,22,0
2020,29,광주광역시 동구 불로동(광산동892 인근),2911011300,35.14521404515151,126.91732927787879,17,21,0,0,20,1
2020,29,광주광역시 서구 치평동(계수교차로 인근),2914011600,35.1624069269697,126.85588956363638,55,101,1,5,90,5
2020,29,광주광역시 서구 금호동(신환빌딩 인근),2914012000,35.1506905539394,126.85564390727276,54,84,0,6,74,4
2020,29,광주광역시 서구 화정동(광천사거리 인근),2914011900,35.161331959696966,126.88347006303027,48,78,0,1,75,2
2020,29,광주광역시 남구 봉선동(백운교차로 인근),2915510600,35.13336686393939,126.90136156363637,47,86,2,5,77,2
2020,29,광주광역시 남구 방림동(스타벅스광주방림DT점 인근),2915511300,35.13501805333333,126.9170159712121,32,55,0,5,49,1
2020,29,광주광역시 남구 진월동(진월동865 인근),2915510800,35.11857158848485,126.89895013787877,25,50,0,5,45,0
2020,29,광주광역시 북구 임동(임동오거리 인근),2917010500,35.15927448969697,126.89939890666665,32,49,0,6,42,1
2020,29,광주광역시 북구 두암동(무등도서관사거리 인근),2917011400,35.17649817636363,126.9279048742424,32,48,0,5,40,3
2020,29,광주광역시 북구 두암동(말바우사거리 인근),2917011400,35.170944491515144,126.92253937606063,30,49,0,6,41,2
2020,29,광주광역시 광산구 장덕동(수완지화차도 인근),2920011400,35.19074347909091,126.8238588478788,39,64,0,2,61,1
2020,29,광주광역시 광산구 수완동(수완지구대앞 인근),2920011400,35.1906715690909,126.8288189460606,37,61,0,3,55,3
2020,29,광주광역시 광산구 산정동(하남대로227 인근),2920011900,35.17985964848486,126.81843769606061,36,61,0,7,52,2
2020,30,대전광역시 동구 용전동(동부네거리 인근),3011011400,36.351600865151525,127.44149515727273,38,57,0,6,49,2
2020,30,대전광역시 동구 소제동(동서교 인근),3011011300,36.333410803939394,127.43884525121211,30,49,0,9,33,7
2020,30,대전광역시 동구 판암동(판암동484 인근),3011010700,36.31694426909092,127.4573086118182,26,45,1,5,39,0
2020,30,대전광역시 중구 문화동(서대전네거리 인근),3014011200,36.32248323848485,127.41244434666667,28,40,0,4,33,3
2020,30,대전광역시 중구 오류동(오룡역네거리 인근),3014011300,36.32861102212121,127.40504828242425,26,47,0,9,38,0
2020,30,대전광역시 중구 대사동(충대병원네거리 인근),3014010500,36.31822933515152,127.41764572121211,24,34,0,6,27,1
2020,30,대전광역시 서구 둔산동(수협은행둔산지점 인근),3017011200,36.34972505333334,127.37738756363638,89,135,0,13,118,4
2020,30,대전광역시 서구 괴정동(탄방네거리 인근),3017010800,36.341542303333334,127.38926293787878,48,78,0,11,61,6
2020,30,대전광역시 서구 갈마동(갈마네거리 인근),3017011100,36.353086301515155,127.36891328363635,42,66,0,4,59,3
2020,30,대전광역시 유성구 봉명동(유성온천역5번출구 인근),3020011100,36.35407896030303,127.34050543848483,41,55,0,13,37,5
2020,30,대전광역시 유성구 장대동(구암교네거리 인근),3020011200,36.35753789545454,127.33177846909095,31,47,0,10,37,0
2020,30,대전광역시 유성구 궁동(궁동네거리 인근),3020011700,36.364319335757585,127.3382115936364,26,42,0,14,27,1
2020,30,대전광역시 대덕구 중리동(오정네거리 인근),3023010100,36.35849349636363,127.4144413590909,25,36,0,7,28,1
2020,30,대전광역시 대덕구 중리동(피카츄어린이집 인근),3023010900,36.35902386484849,127.42696425242426,21,29,1,2,26,0
2020,30,대전광역시 대덕구 오정동(농수산시장오거리 인근),3023010100,36.356736302424245,127.40516768787879,21,33,0,3,30,0
2020,31,울산광역시 중구 반구동(중울산농협본점 인근),3111011700,35.5687002390909,129.34402062727273,19,24,0,5,17,2
2020,31,울산광역시 중구 서동(서동로터리 인근),3111011400,35.57879680212121,129.3422187512121,16,26,0,3,21,2
2020,31,울산광역시 중구 우정동(우정초등학교앞교차로 인근),3111010800,35.55801226969697,129.31186697030307,15,24,1,1,17,5
2020,31,울산광역시 남구 신정동(공업탑로터리 인근),3114010400,35.53217586454545,129.30756578242423,36,73,0,6,64,3
2020,31,울산광역시 남구 무거동(신복로터리 인근),3114010100,35.550077177272726,129.26378412727274,35,55,0,11,39,5
2020,31,울산광역시 남구 달동(번영사거리 인근),3114010500,35.53769907181819,129.3289732972727,31,49,0,11,36,2
2020,31,울산광역시 동구 일산동(KB국민은행전하동지점 인근),3117010300,35.498114676666674,129.42801050121216,25,35,0,5,29,1
2020,31,울산광역시 동구 서부동(대명빌딩 인근),3117010800,35.53904651969698,129.4279639712121,20,20,0,7,13,0
2020,31,울산광역시 동구 서부동(한채사거리 인근),3117010800,35.53217227121212,129.43296568787878,16,25,0,6,19,0
2020,31,울산광역시 북구 호계동(예그리나어린이집 인근),3120010200,35.62706155272726,129.35351434606065,18,31,0,4,24,3
2020,31,울산광역시 북구 진장동(명촌정문앞교차로 인근),3120012100,35.55694167515152,129.36016023363635,14,38,0,6,30,2
2020,31,울산광역시 북구 신천동(경남은행호계지점 인근),3120010500,35.630328364545456,129.3512174409091,14,18,0,5,12,1
2020,31,울산광역시 울주군 언양읍(축산기업중앙회 인근),3171025300,35.569840310303036,129.12793790606062,14,19,0,3,12,4
2020,31,울산광역시 울주군 온산읍(예성교회 인근),3171025000,35.429596333333336,129.30681984606062,13,13,0,1,11,1
2020,31,울산광역시 울주군 온산읍(주찬양교회 인근),3171025000,35.43609877121212,129.3104668160606,11,14,0,3,7,4
2020,36,세종특별자치시 세종특별자치시 조치원읍(역전교차로 인근),3611025000,36.60127242787879,127.29809450121215,14,15,0,4,11,0
2020,36,세종특별자치시 세종특별자치시 나성동(한국주택금융공사세종지사 인근),3611010700,36.49115490636365,127.25649378363637,12,17,0,6,11,0
2020,36,세종특별자치시 세종특별자치시 종촌동(너비뜰교차로 인근),3611011100,36.499713490000005,127.24051777727271,12,17,0,4,10,3
2020,41,경기도 수원시 팔달구 매산로1가(수원역앞 인근),4111513400,37.266484834545444,127.00086765787877,71,120,0,7,96,17
2020,41,경기도 수원시 팔달구 인계동(나혜석거리 인근),4111514100,37.26371130393939,127.03252673909091,65,81,0,9,69,3
2020,41,경기도 수원시 권선구 권선동(권선사거리 인근),4111313700,37.25996705333333,127.02384147090908,38,61,0,4,54,3
2020,41,경기도 성남시 중원구 하대원동(모란삼거리 인근),4113310100,37.43284233636364,127.12902478121214,77,106,0,21,76,9
2020,41,경기도 성남시 중원구 하대원동(모란시장사거리 인근),4113310100,37.42999661727273,127.12940656363635,73,104,0,21,73,10
2020,41,경기도 성남시 수정구 수진동(태평역사거리 인근),4113110300,37.43974811666667,127.12782893909092,43,65,0,13,46,6
2020,41,경기도 의정부시 의정부동(파발교차로 인근),4115010100,37.743722959696974,127.05150784121214,34,48,0,8,34,6
2020,41,경기도 의정부시 의정부동(의정부역1번출구 인근),4115010100,37.737181675151525,127.04286317606059,33,45,0,9,32,4
2020,41,경기도 의정부시 의정부동(헤드원호텔앞 인근),4115010100,37.74115383333332,127.04715474121211,33,44,0,7,32,5
2020,41,경기도 안양시 동안구 호계동(범계사거리 인근),4117310400,37.38905805333333,126.94816428242423,30,43,0,9,34,0
2020,41,경기도 안양시 동안구 비산동(비산사거리 인근),4117310100,37.398677835757574,126.93453618909089,29,47,1,8,35,3
2020,41,경기도 안양시 동안구 관양동(관양사거리 인근),4117310200,37.40305164848485,126.95708053242426,28,49,0,9,39,1
2020,41,경기도 부천시 상동(부천시청역2번출구 인근),4119010800,37.503819677878795,126.76298750121212,56,79,0,12,64,3
2020,41,경기도 부천시 중동(삼성화재 인근),4119010800,37.50067889727273,126.77599096909096,50,62,0,9,51,2
2020,41,경기도 부천시 상동(상동지하차도 인근),4119010900,37.50605070969698,126.74859056363634,45,71,1,4,64,2
2020,41,경기도 광명시 광명동(광명사거리 인근),4121010100,37.479379523333336,126.8544272190909,33,45,0,6,31,8
2020,41,경기도 광명시 하안동(하안사거리 인근),4121010300,37.461948790303026,126.88027725303031,26,33,0,10,17,6
2020,41,경기도 광명시 철산동(경찰서삼거리 인근),4121010200,37.47349527393939,126.86734684545453,22,30,0,5,19,6
2020,41,경기도 평택시 서정동(송탄출장소사거리 인근),4122010100,37.06669239545454,127.06321569363635,43,53,0,9,42,2
2020,41,경기도 평택시 평택동(평택한국문화센터 인근),4122011300,36.99189352333333,127.08668500121213,32,43,0,2,36,5
2020,41,경기도 평택시 오성면(성육보육원앞사거리 인근),4122010900,37.057390116363635,127.05924215787877,30,41,0,12,27,2
2020,41,경기도 동두천시 지행동(동두천시법원앞 인근),4125010200,37.89253799636363,127.05722183242426,11,16,0,4,10,2
2020,41,경기도 동두천시 생연동(동두천세무서앞 인근),4125010300,37.90041470393939,127.05410603242423,10,12,0,4,8,0
2020,41,경기도 동두천시 생연동(생연동3061 인근),4125010300,37.899500433939394,127.06396615787881,8,12,0,4,7,1
2020,41,경기도 안산시 상록구 성포동(터미널사거리 인근),4127110800,37.3161887090909,126.84512653242423,64,124,0,11,108,5
2020,41,경기도 안산시 단원구 고잔동(중앙역사거리 인근),4127310100,37.31660642848486,126.83682021909091,51,84,0,15,67,2
2020,41,경기도 안산시 상록구 본오동(본오3동행정복지센터 인근),4127110400,37.30170508666667,126.86331675121211,39,64,0,11,50,3
2020,41,경기도 고양시 일산동구 마두동(뉴코아백화점사거리 인근),4128510500,37.65500936696969,126.77604749909091,41,63,0,7,51,5
2020,41,경기도 고양시 일산동구 장항동(목민교회 인근),4128510400,37.66311480575758,126.76752256363635,39,54,0,5,44,5
2020,41,경기도 고양시 일산서구 대화동(고양종합운동장사거리 인근),4128710400,37.676832118484846,126.74581065787879,31,43,0,7,33,3
2020,41,경기도 과천시 주암동(민마루고개 인근),4129010600,37.45991361666667,127.03283462666671,25,41,0,8,32,1
2020,41,경기도 과천시 갈현동(갈현삼거리 인근),4129010300,37.41743667909091,126.98669687666667,9,18,0,7,8,3
2020,41,경기도 과천시 별양동(별양동451 인근),4129010900,37.42426308242424,126.99742763121213,8,10,0,4,6,0
2020,41,경기도 구리시 토평동(구리TG 인근),4131010700,37.58939011636364,127.15650506363636,27,40,0,4,32,4
2020,41,경기도 구리시 수택동(수택동사거리 인근),4131010500,37.597878217575754,127.14348189787879,26,38,0,5,29,4
2020,41,경기도 구리시 수택동(돌다리사거리 인근),4131010300,37.60100089666666,127.14119265727271,23,36,0,4,31,1
2020,41,경기도 남양주시 다산동(가운사거리 인근),4136010800,37.59473379727271,127.17331762303029,23,42,0,9,30,3
2020,41,경기도 남양주시 삼패동(삼패사거리 인근),4136010600,37.59324999242423,127.19842250787877,21,44,0,8,33,3
2020,41,경기도 남양주시 진접읍(연평교차로 인근),4136025300,37.70981273575757,127.18431632727273,21,31,0,3,22,6
2020,41,경기도 오산시 원동(한성예식장삼거리 인근),4137010300,37.14173064787878,127.0734830960606,33,54,1,11,33,9
2020,41,경기도 오산시 오산동(오산동61237 인근),4137010100,37.14939121212121,127.06446770363635,30,35,0,8,22,5
2020,41,경기도 오산시 은계동(운동장사거리 인근),4137010100,37.1558151469697,127.0728598136364,29,40,0,5,32,3
2020,41,경기도 시흥시 정왕동(이마트사거리 인근),4139013200,37.34628893393939,126.73574688121211,37,57,0,11,42,4
2020,41,경기도 시흥시 신천동(신천사거리 인근),4139010200,37.43982220969698,126.7869056878788,22,30,0,4,25,1
2020,41,경기도 시흥시 정왕동(정왕동1222 인근),4139013200,37.344836468787875,126.74791338848483,22,30,0,4,24,2
2020,41,경기도 군포시 금정동(산본역동부사거리 인근),4141010400,37.359133677272716,126.9343583772727,26,40,2,4,30,4
2020,41,경기도 군포시 금정동(산본역서부사거리 인근),4141010400,37.357518272727276,126.93142234363636,23,32,0,5,23,4
2020,41,경기도 군포시 금정동(금정역삼거리 인근),4141010500,37.372357460303036,126.9428812190909,19,25,0,5,14,6
2020,41,경기도 의왕시 오전동(모락로사거리 인근),4143010500,37.35862414848485,126.96552775181816,17,26,0,7,18,1
2020,41,경기도 의왕시 오전동(기업은행사거리 인근),4143010100,37.349523459696975,126.97320562666667,16,20,0,6,13,1
2020,41,경기도 의왕시 포일동(포일로사거리 인근),4143010900,37.39289899454545,126.98681783303029,14,20,0,3,15,2
2020,41,경기도 하남시 망월동(망월동1097 인근),4145010900,37.561951536060604,127.19336587090912,25,36,0,4,28,4
2020,41,경기도 하남시 망월동(하남종합운동장 인근),4145010900,37.56757233969697,127.19088469242419,24,37,0,7,26,4
2020,41,경기도 하남시 신장동(라이브벤치 인근),4145010600,37.53902991030302,127.21244498727276,22,31,0,2,29,0
2020,41,경기도 용인시 기흥구 신갈동(신갈오거리 인근),4146310100,37.27166939909091,127.10569203242426,33,45,0,8,31,6
2020,41,경기도 용인시 수지구 죽전동(풍덕천사거리 인근),4146510100,37.32462523333333,127.10228162787878,27,35,0,5,24,6
2020,41,경기도 용인시 수지구 풍덕천동(로얄스포츠센터사거리 인근),4146510100,37.323357459090914,127.09613480303027,26,33,0,7,23,3
2020,41,경기도 파주시 금촌동(금촌5공영주차장앞 인근),4148010100,37.75742902333333,126.77457102121213,18,21,0,4,15,2
2020,41,경기도 파주시 야당동(한빛지하차도 인근),4148010800,37.706919997272735,126.75929083242426,16,20,0,4,15,1
2020,41,경기도 파주시 문산읍(롯데리아 인근),4148025000,37.857616353939406,126.78501551787879,15,15,0,4,10,1
2020,41,경기도 이천시 중리동(터미널사거리 인근),4150010100,37.278230709999995,127.44683247090909,28,31,0,5,23,3
2020,41,경기도 이천시 창전동(창전사거리 인근),4150010100,37.28435824121212,127.44719231363638,19,28,0,4,23,1
2020,41,경기도 이천시 부발읍(이천사동중학교삼거리 인근),4150025300,37.24813373333335,127.49146996787881,18,25,0,7,17,1
2020,41,경기도 안성시 아양동(안성인삼농협중부지점 인근),4155011300,37.005107996363634,127.26821783242421,22,29,0,2,25,2
2020,41,경기도 안성시 대덕면(내리사거리 인근),4155035000,37.010397677878785,127.21956878242429,19,31,0,4,22,5
2020,41,경기도 안성시 석정동(중앙로 인근),4155011800,37.00839517969697,127.2649975936364,16,28,0,5,20,3
2020,41,경기도 김포시 고촌읍(신곡사거리 인근),4157025300,37.60044147333333,126.77211607030304,39,68,0,10,54,4
2020,41,경기도 김포시 사우동(김포대로841 인근),4157010600,37.6192732539394,126.72002648242426,20,33,1,9,23,0
2020,41,경기도 김포시 구래동(쥬씨구래동점 인근),4157010900,37.64426403272728,126.62571914848485,18,22,0,3,18,1
2020,41,경기도 화성시 병점동(IBK기업은행화성병점지점 인근),4159011700,37.21367015030303,127.04112044666665,32,45,0,4,27,14
2020,41,경기도 화성시 영천동(동탄지식산업센터 인근),4159013100,37.20930876454546,127.09881945545453,29,46,0,4,39,3
2020,41,경기도 화성시 석우동(하이마트 인근),4159012800,37.207087914545454,127.07494389606059,27,46,0,8,35,3
2020,41,경기도 광주시 경안동(탐앤탐스 인근),4161010100,37.40994984515151,127.25927773666668,41,66,0,8,55,3
2020,41,경기도 광주시 역동(시장입구교차로 인근),4161011200,37.40712702454546,127.26014753363638,35,62,0,9,50,3
2020,41,경기도 광주시 오포읍(그랜드빌리지앞 인근),4161025000,37.36039045030303,127.15038749242426,27,45,0,8,37,0
2020,41,경기도 양주시 덕계동(금용아파트1차앞 인근),4163011600,37.81859797606061,127.04609230787878,17,22,0,4,15,3
2020,41,경기도 양주시 덕계동(덕계공원사거리 인근),4163011600,37.82195115787878,127.04896745666666,16,24,0,3,20,1
2020,41,경기도 양주시 덕정동(순복음교회앞 인근),4163011000,37.84030002030304,127.06328844606058,15,22,0,1,17,4
2020,41,경기도 포천시 소흘읍(이가팔리입구교차로 인근),4165025000,37.827443180303035,127.14886081363638,18,23,2,4,16,1
2020,41,경기도 포천시 선단동(선단교 인근),4165010400,37.85498082515152,127.16723420848481,14,26,0,0,25,1
2020,41,경기도 포천시 소흘읍(부인터사거리 인근),4165025000,37.8054472730303,127.1314935630303,13,20,0,5,14,1
2020,41,경기도 여주시 가남읍(전천교 인근),4167025000,37.20274099181818,127.54725890666666,10,19,0,2,17,0
2020,41,경기도 여주시 월송동(월송교차로 인근),4167010900,37.286779657878796,127.61963485121214,9,19,0,4,12,3
2020,41,경기도 여주시 홍문동(버스터미널사거리 인근),4167010200,37.28893602454546,127.6352253136364,9,14,0,4,10,0
2020,41,경기도 연천군 전곡읍(구석기사거리 인근),4180025300,38.02309045848486,127.06736942242424,7,12,0,1,11,0
2020,41,경기도 연천군 전곡읍(전곡교 인근),4180025300,38.02844394909092,127.06561419848488,7,11,0,0,11,0
2020,41,경기도 연천군 전곡읍(전곡중고등학교앞교차로 인근),4180025300,38.03015198545455,127.0709124660606,5,7,0,2,4,1
2020,41,경기도 가평군 청평면(경춘로791 인근),4182032500,37.73576830333333,127.41504962666667,10,14,0,0,14,0
2020,41,경기도 가평군 청평면(대성교차로 인근),4182032500,37.69810019515152,127.38445893666663,7,11,1,1,9,0
2020,41,경기도 가평군 청평면(청평면하천리4985 인근),4182032500,37.747284183333335,127.42798129121213,7,15,0,0,14,1
2020,41,경기도 양평군 양서면(북한강로51 인근),4183033000,37.544068243939385,127.3201349078788,14,18,0,3,15,0
2020,41,경기도 양평군 양평읍(양근삼거리 인근),4183025000,37.487957804545445,127.49198659606058,11,11,0,3,8,0
2020,41,경기도 양평군 양평읍(국민건강보험공단양평지사 인근),4183025000,37.49080029848485,127.49774873424245,11,12,0,2,8,2
2020,42,강원도 춘천시 효자동(효자동714 인근),4211011200,37.86851585454545,127.73044585909089,17,25,0,4,20,1
2020,42,강원도 춘천시 운교동(운교사거리 인근),4211011000,37.876257305151526,127.73147993848485,12,18,1,4,11,2
2020,42,강원도 춘천시 우두동(춘천사우동우체국 인근),4211011800,37.90020408606061,127.72860403242422,12,20,0,2,16,2
2020,42,강원도 원주시 단계동(방일해장국 인근),4213011000,37.347743636969696,127.93314114727274,40,64,0,7,55,2
2020,42,강원도 원주시 무실동(제원로2길49 인근),4213011500,37.335671022727276,127.92989559606063,34,50,0,12,38,0
2020,42,강원도 원주시 단구동(휴먼빌리지 인근),4213010500,37.33206221151514,127.94640896363636,30,45,0,8,37,0
2020,42,강원도 강릉시 옥천동(옥천오거리 인근),4215010900,37.756427646969684,128.89886459363638,12,17,0,2,15,0
2020,42,강원도 강릉시 유천동(솔올교차로 인근),4215013100,37.765377047575754,128.87348717606062,10,16,0,2,14,0
2020,42,강원도 강릉시 교동(터미널오거리 인근),4215011000,37.75473968090908,128.8818510960606,9,14,0,3,10,1
2020,42,강원도 동해시 효가동(효가사거리 인근),4217010600,37.49251317909091,129.1106557824243,10,13,1,1,11,0
2020,42,강원도 동해시 발한동(묵호역사거리 인근),4217011100,37.54727817787879,129.10722193848488,6,8,0,2,6,0
2020,42,강원도 동해시 천곡동(천곡사거리 인근),4217010100,37.52543099272728,129.1043739378788,6,12,0,1,11,0
2020,42,강원도 태백시 황지동(황지119안전센터 인근),4219010100,37.159332115757586,128.9899082512121,12,19,0,3,16,0
2020,42,강원도 태백시 황지동(황지교사거리 인근),4219010100,37.1733530339394,128.99385601121207,7,9,0,2,7,0
2020,42,강원도 태백시 황지동(청소년교 인근),4219010100,37.14844752242425,128.99193628242423,4,7,0,0,7,0
2020,42,강원도 속초시 교동(만천사거리 인근),4221010600,38.19735553636364,128.57618880121214,17,23,0,7,16,0
2020,42,강원도 속초시 동명동(수복탑사거리 인근),4221010200,38.21064487181818,128.5935752124243,13,19,0,0,19,0
2020,42,강원도 속초시 조양동(청초교삼거리 인근),4221010800,38.19258580727273,128.57858251848484,11,21,0,3,18,0
2020,42,강원도 삼척시 정상동(직행버스터미널입구 인근),4223012500,37.43943789757576,129.1685912212121,18,26,0,2,23,1
2020,42,강원도 삼척시 남양동(읍중동9 인근),4223012000,37.44103633545455,129.16372581363635,7,10,1,1,8,0
2020,42,강원도 삼척시 근덕면(교가교 인근),4223031000,37.38140711636363,129.22550728242425,7,8,0,2,5,1
2020,42,강원도 홍천군 홍천읍(송학정로입구 인근),4272025000,37.67903772121212,127.85883457787878,6,8,0,2,5,1
2020,42,강원도 홍천군 화촌면(성산교차로 인근),4272031000,37.76339386575758,127.95481570727277,5,17,0,3,14,0
2020,42,강원도 홍천군 홍천읍(홍천TG 인근),4272025000,37.67564689666666,127.85516725121215,4,6,0,2,4,0
2020,42,강원도 횡성군 횡성읍(횡성지구대 인근),4273025000,37.48752910818182,127.98524618787879,11,15,0,6,8,1
2020,42,강원도 횡성군 횡성읍(횡성읍하우체국 인근),4273025000,37.49101249272727,127.98651165787881,8,13,0,4,5,4
2020,42,강원도 횡성군 둔내면(둔내시외버스터미널 인근),4273033000,37.51401657969697,128.2126220812121,6,8,0,0,8,0
2020,42,강원도 영월군 영월읍(세무서앞사거리 인근),4275025000,37.180909459090906,128.46346056242427,10,15,0,3,11,1
2020,42,강원도 영월군 영월읍(정양리산3013 인근),4275025000,37.17869550363636,128.4773295760606,5,7,1,5,1,0
2020,42,강원도 영월군 영월읍(영흥사거리 인근),4275025000,37.18143442727272,128.46986531484848,3,4,0,1,3,0
2020,42,강원도 평창군 대관령면(횡계1교 인근),4276038000,37.67866864696969,128.70034847121212,4,6,0,1,5,0
2020,42,강원도 평창군 평창읍(하리428 인근),4276025000,37.36720397333333,128.3955266212121,3,3,0,2,1,0
2020,42,강원도 평창군 봉평면(봉평교차로 인근),4276034000,37.62028100666668,128.3751802060606,3,5,0,0,5,0
2020,42,강원도 정선군 정선읍(정선제2교사거리 인근),4277025000,37.38153577242424,128.66659837666666,4,6,1,0,5,0
2020,42,강원도 정선군 임계면(송계교 인근),4277035000,37.49462139787878,128.84967500121215,4,5,0,3,2,0
2020,42,강원도 철원군 동송읍(이평삼거리 인근),4278025900,38.20739227606062,127.2186626478788,11,12,0,1,10,1
2020,42,강원도 철원군 서면(신옥토공인중개사부근 인근),4278031000,38.16377314090909,127.41095030303029,3,4,0,1,3,0
2020,42,강원도 철원군 갈말읍(군탄사거리 인근),4278025600,38.15807437878788,127.31019153242426,3,4,0,0,4,0
2020,42,강원도 화천군 화천읍(상리377 인근),4279025000,38.10908174212121,127.68810140666665,4,12,1,2,9,0
2020,42,강원도 화천군 화천읍(배머리교 인근),4279025000,38.110842745151515,127.70843907181819,3,8,0,2,5,1
2020,42,강원도 화천군 화천읍(화천대교오거리 인근),4279025000,38.10234095515152,127.70856279727272,3,5,0,2,3,0
2020,42,강원도 양구군 양구읍(비봉초등학교앞 인근),4280025000,38.11014421181819,127.98729917606063,3,31,0,1,30,0
2020,42,강원도 인제군 북면(원통교차로 인근),4281032000,38.12185311181819,128.20810749909091,6,11,0,8,2,1
2020,42,강원도 고성군 간성읍(간성교차로 인근),4282025000,38.37973037848484,128.47429792727272,7,9,0,2,5,2
2020,42,강원도 고성군 토성면(봉포삼거리 인근),4282033000,38.24806550454546,128.5674086342424,4,6,0,4,2,0
2020,42,강원도 고성군 토성면(천진교남측 인근),4282033000,38.26087700727273,128.55582743363635,4,8,0,0,7,1
2020,42,강원도 양양군 양양읍(구교교차로 인근),4283025000,38.07845636393939,128.6160553360606,7,12,0,5,7,0
2020,42,강원도 양양군 양양읍(남문리35 인근),4283025000,38.07635549515152,128.62414493363633,7,12,0,4,7,1
2020,42,강원도 양양군 강현면(강현농협앞 인근),4283035000,38.154236223333335,128.60800421363638,6,13,0,1,12,0
2020,43,충청북도 청주시 서원구 사창동(사창사거리 인근),4311210200,36.63490721363638,127.4602052136364,50,67,0,14,52,1
2020,43,충청북도 청주시 흥덕구 강서동(강서동553 인근),4311311700,36.62469928121212,127.43044638606062,32,47,0,6,40,1
2020,43,충청북도 청주시 청원구 내덕동(제2운천교 인근),4311410200,36.65719766454544,127.47482900242426,26,38,0,6,32,0
2020,43,충청북도 충주시 연수동(충주제일감리교회 인근),4313011800,36.983325058484844,127.93404730848485,20,28,0,3,25,0
2020,43,충청북도 충주시 문화동(충주고용복지플러스센터 인근),4313012700,36.9737285839394,127.92383515787878,19,31,1,5,22,3
2020,43,충청북도 충주시 금릉동(임광사거리 인근),4313011800,36.98723199,127.92838268848482,19,26,0,5,21,0
2020,43,충청북도 제천시 명동(제천단양축산농협중부지점 인근),4315010600,37.13585630515152,128.21145115787883,20,31,1,6,22,2
2020,43,충청북도 제천시 영천동(남당사거리 인근),4315011000,37.130599116363626,128.20466600181817,19,28,0,4,24,0
2020,43,충청북도 제천시 신백동(동현교차로 인근),4315010300,37.13311549272728,128.22237693787883,12,22,0,7,13,2
2020,43,충청북도 보은군 보은읍(동다리사거리 인근),4372025000,36.48516871030303,127.72175050242426,6,9,0,3,6,0
2020,43,충청북도 보은군 보은읍(보은교차로 인근),4372025000,36.49170706454546,127.73026880121213,4,8,0,1,5,2
2020,43,충청북도 옥천군 옥천읍(가회지하차도교차로 인근),4373025000,36.30171214969698,127.5646397012121,6,10,1,1,8,0
2020,43,충청북도 옥천군 옥천읍(롯데리아옥천점 인근),4373025000,36.30120289939393,127.56899760787881,6,7,0,2,5,0
2020,43,충청북도 옥천군 옥천읍(옥천우체국 인근),4373025000,36.29862412787879,127.56672060303032,5,5,1,1,3,0
2020,43,충청북도 영동군 영동읍(중앙사거리 인근),4374025000,36.17536755333333,127.77780250121214,10,12,0,4,8,0
2020,43,충청북도 영동군 영동읍(부용사거리 인근),4374025000,36.17370424030303,127.77393378242428,8,12,0,2,10,0
2020,43,충청북도 영동군 황간면(남성리697 인근),4374032000,36.22861690818182,127.90909054727273,3,3,0,2,1,0
2020,43,충청북도 증평군 증평읍(증평사거리 인근),4374525000,36.78522642787879,127.58271712606063,11,11,0,5,5,1
2020,43,충청북도 증평군 증평읍(초중사거리 인근),4374525000,36.78344789666666,127.57313459606063,8,12,1,6,5,0
2020,43,충청북도 증평군 증평읍(윗장뜰사거리 인근),4374525000,36.78817480272727,127.58686575121214,6,16,0,2,12,2
2020,43,충청북도 진천군 진천읍(안골삼거리 인근),4375025000,36.87117898939395,127.46870609363633,11,20,0,2,18,0
2020,43,충청북도 진천군 광혜원면(광혜원리2782 인근),4375037000,36.98984184181818,127.44489446242427,9,10,0,1,8,1
2020,43,충청북도 진천군 덕산면(용몽리5807 인근),4375031000,36.9100335051515,127.50767172606061,8,13,0,1,10,2
2020,43,충청북도 괴산군 괴산읍(시계탑사거리 인근),4376025000,36.80923067787878,127.79462309727272,11,12,0,5,7,0
2020,43,충청북도 괴산군 괴산읍(금산삼거리 인근),4376025000,36.8048107460606,127.79211324121212,5,8,0,0,8,0
2020,43,충청북도 괴산군 괴산읍(대사삼거리 인근),4376025000,36.797590208484856,127.78361831363635,4,6,0,2,4,0
2020,43,충청북도 음성군 맹동면(위너스타워 인근),4377033000,36.90862115969696,127.54227455121212,11,11,0,1,10,0
2020,43,충청북도 음성군 대소면(오산삼거리 인근),4377034000,36.96607899272728,127.49009050121212,10,11,0,5,6,0
2020,43,충청북도 음성군 음성읍(읍내리3032 인근),4377025000,36.93763878212121,127.69140663363633,10,16,0,4,12,0
2020,43,충청북도 단양군 단양읍(NH농협은행단양군지부 인근),4380025000,36.9848064890909,128.36932659606057,6,9,0,2,7,0
2020,43,충청북도 단양군 단양읍(CU단양중앙점 인근),4380025000,36.98120717848485,128.3687924390909,6,9,0,1,8,0
2020,43,충청북도 단양군 단양읍(중앙자율방범대 인근),4380025000,36.97758764787879,128.3556220330303,5,6,0,2,3,1
2020,44,충청남도 천안시 서북구 두정동(셜록홈즈천안두정점 인근),4413310400,36.8325407139394,127.1340604190909,43,58,0,6,48,4
2020,44,충청남도 천안시 서북구 쌍용동(일봉산사거리 인근),4413310700,36.797963413333335,127.1305591278788,39,51,0,3,42,6
2020,44,충청남도 천안시 동남구 신부동(천안고속버스터미널 인근),4413111800,36.818772876969696,127.15383092727274,37,56,0,9,44,3
2020,44,충청남도 공주시 산성동(산성동195 인근),4415010500,36.458590952424245,127.1249297660606,18,25,1,8,14,2
2020,44,충청남도 공주시 신관동(신관초교차로 인근),4415012000,36.47423737909091,127.13764054787879,11,16,0,2,13,1
2020,44,충청남도 공주시 신관동(신관동645 인근),4415012000,36.472579877575754,127.13419534666666,10,11,0,4,6,1
2020,44,충청남도 보령시 궁촌동(세븐일레븐보령메디컬점 인근),4418010500,36.34535495787878,126.5992740960606,15,18,0,7,11,0
2020,44,충청남도 보령시 대천동(명문당사거리 인근),4418010100,36.35025205242424,126.59687131363634,14,18,0,6,12,0
2020,44,충청남도 보령시 대천동(대천동61435 인근),4418010100,36.35190896909091,126.59179858606058,11,11,0,5,5,1
2020,44,충청남도 아산시 온천동(온천동239 인근),4420010100,36.7812365378788,127.00034204848485,22,25,0,8,15,2
2020,44,충청남도 아산시 온천동(역전삼거리 인근),4420010100,36.78126946030302,127.00450440848486,20,27,0,9,16,2
2020,44,충청남도 아산시 배방읍(이마트앞교차로서측 인근),4420025300,36.79716494545453,127.10638925242421,17,26,0,6,20,0
2020,44,충청남도 서산시 석림동(현대카드앞교차로 인근),4421010700,36.777021300303026,126.46162726909091,16,26,0,6,19,1
2020,44,충청남도 서산시 동문동(제일의원앞교차로 인근),4421010100,36.78217523030304,126.45109216121215,15,19,1,4,14,0
2020,44,충청남도 서산시 읍내동(호수공원사거리 인근),4421010100,36.77721644484848,126.45079559909094,15,26,0,8,15,3
2020,44,충청남도 논산시 취암동(논산오거리 인근),4423010500,36.20256391515153,127.08672188909094,11,11,0,7,4,0
2020,44,충청남도 논산시 반월동(반월동191 인근),4423010200,36.204741587878786,127.08475044909095,10,10,1,5,3,1
2020,44,충청남도 논산시 대교동(중앙로504 인근),4423010300,36.2091185339394,127.08126805363636,6,9,0,4,5,0
2020,44,충청남도 계룡시 엄사면(양정닭집 인근),4425031500,36.28219061484849,127.24230587666666,4,5,0,1,4,0
2020,44,충청남도 당진시 읍내리(당진중앙도서관앞 인근),4427010100,36.900371805151515,126.6326398760606,20,31,0,5,24,2
2020,44,충청남도 당진시 신평면(당진농공단지사거리 인근),4427010500,36.902312054545455,126.68431481363636,17,37,0,2,34,1
2020,44,충청남도 당진시 읍내리(읍내동45120 인근),4427010100,36.8983261621212,126.62810639363634,11,17,0,2,15,0
2020,44,충청남도 금산군 금산읍(읍사무소사거리 인근),4471025000,36.10716627181819,127.48974837606059,4,4,0,1,3,0
2020,44,충청남도 금산군 금산읍(중도리28714 인근),4471025000,36.1023980369697,127.49347433787881,3,3,0,2,1,0
2020,44,충청남도 금산군 금산읍(중도교 인근),4471025000,36.10277211545455,127.4988625842424,3,5,0,1,4,0
2020,44,충청남도 부여군 부여읍(부여초등학교앞교차로 인근),4476025000,36.283688876666666,126.92295649181817,6,10,0,3,7,0
2020,44,충청남도 부여군 부여읍(가탑교차로 인근),4476025000,36.27410754909091,126.93639946666667,5,11,0,8,3,0
2020,44,충청남도 부여군 홍산면(홍산파출소 인근),4476036000,36.2155851769697,126.76005106242422,4,4,0,1,3,0
2020,44,충청남도 서천군 서천읍(군사리85710 인근),4477025300,36.07538930909091,126.68744115121213,15,17,0,4,12,1
2020,44,충청남도 서천군 서천읍(오석사거리 인근),4477025300,36.08892222636363,126.68271739121211,5,10,0,1,9,0
2020,44,충청남도 서천군 장항읍(삼거리슈퍼 인근),4477025000,36.007217677878785,126.70787865787878,4,7,0,1,6,0
2020,44,충청남도 청양군 청양읍(벽천삼거리 인근),4479025000,36.44001961969696,126.7953232812121,4,8,0,1,7,0
2020,44,충청남도 청양군 청양읍(벽천교차로 인근),4479025000,36.44284779333333,126.79518625181821,3,6,1,4,1,0
2020,44,충청남도 청양군 정산면(암자보살림 인근),4479033000,36.3985085539394,126.9413058460606,3,4,0,2,2,0
2020,44,충청남도 홍성군 홍성읍(대교리3923 인근),4480025000,36.60129753848484,126.67115192606062,9,10,1,2,7,0
2020,44,충청남도 홍성군 홍북읍(두레마을사거리 인근),4480025600,36.656527223939406,126.68198159121212,9,11,0,6,5,0
2020,44,충청남도 홍성군 홍성읍(옥암리1039 인근),4480025000,36.594481556666665,126.65424099909092,7,7,0,2,5,0
2020,44,충청남도 예산군 오가면(면허시험장사거리 인근),4481040000,36.6752873351515,126.78634188909089,7,14,0,4,10,0
2020,44,충청남도 예산군 덕산면(읍내사거리 인근),4481036000,36.70406517848484,126.66805699969697,7,11,0,3,8,0
2020,44,충청남도 예산군 응봉면(응봉사거리 인근),4481035000,36.65865323575757,126.76661205242426,5,10,0,0,10,0
2020,44,충청남도 태안군 태안읍(동문리842 인근),4482525000,36.75347390333334,126.29809395848486,7,7,0,6,1,0
2020,44,충청남도 태안군 태안읍(성심사거리 인근),4482525000,36.75108022515151,126.30295471121214,7,11,0,4,7,0
2020,44,충청남도 태안군 태안읍(한국농어촌공사태안지소 인근),4482525000,36.75687636454547,126.29136309424244,6,8,0,1,7,0
2020,45,전라북도 전주시 완산구 효자동3가(효자동3가1569 인근),4511114200,35.81696429272728,127.10968201909087,22,32,0,2,30,0
2020,45,전라북도 전주시 완산구 효자동3가(이동교사거리 인근),4511114200,35.81366270848485,127.11267971848484,21,31,0,2,28,1
2020,45,전라북도 전주시 덕진구 진북동(국회의원정동영지역사무소 인근),4511310200,35.83013383454544,127.14177468787878,19,31,1,4,26,0
2020,45,전라북도 군산시 나운동(나운사거리 인근),4513014400,35.96299726151514,126.69250565666671,26,41,0,5,34,2
2020,45,전라북도 군산시 경암동(팔마고가교 인근),4513012700,35.97936092787878,126.72029421909089,20,22,0,4,18,0
2020,45,전라북도 군산시 수송동(남북로사거리 인근),4513014100,35.959466457272725,126.7156862190909,18,33,0,5,28,0
2020,45,전라북도 익산시 어양동(YMCA 인근),4514012300,35.95931887636363,126.98090235242422,25,32,0,6,25,1
2020,45,전라북도 익산시 영등동(영등동872 인근),4514012200,35.95922592787879,126.97679554606061,20,29,0,5,24,0
2020,45,전라북도 익산시 영등동(우남샘물타운사거리 인근),4514012200,35.95838049030303,126.9716764890909,16,26,0,6,20,0
2020,45,전라북도 정읍시 수성동(정읍제일고등학교 인근),4518010100,35.57048622545456,126.8526517260606,10,17,2,2,13,0
2020,45,전라북도 정읍시 시기동(초산교사거리 인근),4518010400,35.559821959090904,126.85664462727271,7,11,0,3,8,0
2020,45,전라북도 정읍시 상동(상동31286 인근),4518010300,35.56090147515151,126.8683032578788,7,13,0,2,11,0
2020,45,전라북도 남원시 천거동(추어탕삼거리 인근),4519010500,35.40074357787879,127.3771781918182,8,12,0,4,8,0
2020,45,전라북도 남원시 왕정동(왕성슈퍼마켓 인근),4519010800,35.406570433939386,127.37522453666665,7,10,0,2,8,0
2020,45,전라북도 남원시 노암동(노암사거리 인근),4519012100,35.39690070727272,127.37996688242424,6,6,0,2,4,0
2020,45,전라북도 김제시 서암동(시청사거리 인근),4521010100,35.80540452121212,126.88334831242423,15,26,0,2,24,0
2020,45,전라북도 김제시 요촌동(터미널사거리 인근),4521010100,35.80252633393939,126.89250131363637,12,20,1,5,14,0
2020,45,전라북도 김제시 검산동(체육공원사거리 인근),4521010400,35.80922233636363,126.89737224787879,10,13,1,3,9,0
2020,45,전라북도 완주군 용진읍(용진읍행정복지센터 인근),4571025600,35.8808866169697,127.15587237363636,7,9,0,3,6,0
2020,45,전라북도 완주군 봉동읍(원형교차로 인근),4571025300,35.939257051515156,127.16812128363637,6,8,1,1,6,0
2020,45,전라북도 완주군 삼례읍(삼례사거리 인근),4571025000,35.910533084545456,127.0726385336364,6,9,0,1,8,0
2020,45,전라북도 진안군 진안읍(진안사거리 인근),4572025000,35.79226223848485,127.42658597121215,5,7,0,4,3,0
2020,45,전라북도 진안군 부귀면(세동1교북측 인근),4572038000,35.793083614545445,127.34717559363636,3,5,1,2,2,0
2020,45,전라북도 진안군 진안읍(진안우체국앞 인근),4572025000,35.792135579696975,127.43019143303032,3,3,0,2,0,1
2020,45,전라북도 무주군 무주읍(오산삼거리 인근),4573025000,36.01069455333334,127.67563828242425,8,18,0,4,14,0
2020,45,전라북도 무주군 설천면(리조트삼거리 인근),4573032000,35.910765553333334,127.75953906363638,5,5,0,2,3,0
2020,45,전라북도 무주군 안성면(안성사거리 인근),4573034000,35.86633039666666,127.65433206363639,4,5,1,1,3,0
2020,45,전라북도 장수군 장수읍(노하리618 인근),4574025000,35.650169337878786,127.51419965606058,3,5,0,2,3,0
2020,45,전라북도 장수군 장계면(장계교 인근),4574033500,35.73059020848485,127.5832718460606,3,4,0,2,2,0
2020,45,전라북도 장수군 장수읍(장수공용버스터미널 인근),4574025000,35.64768405333334,127.51854678242422,3,3,0,1,2,0
2020,45,전라북도 임실군 관촌면(오수관촌농협 인근),4575038000,35.674632177272734,127.27003350242425,6,8,0,1,7,0
2020,45,전라북도 임실군 관촌면(예원대사거리 인근),4575038000,35.64973284060606,127.28357384606065,5,12,0,0,12,0
2020,45,전라북도 임실군 임실읍(본가안흥찐빵 인근),4575025000,35.63684214636363,127.28201518787876,4,12,0,6,5,1
2020,45,전라북도 순창군 순창읍(터미널사거리 인근),4577025000,35.37675581393939,127.13975808181817,8,9,0,6,2,1
2020,45,전라북도 순창군 순창읍(남계리6463 인근),4577025000,35.371996562727276,127.14085937242426,4,4,0,0,3,1
2020,45,전라북도 순창군 순창읍(순창양문교회 인근),4577025000,35.378944083939395,127.14135509363636,3,4,0,0,4,0
2020,45,전라북도 고창군 고창읍(고창읍내휴먼시아아파트 인근),4579025000,35.43834593575759,126.69264220121212,5,10,0,3,7,0
2020,45,전라북도 고창군 고창읍(읍내교차로 인근),4579025000,35.435379055757586,126.69248092727274,4,7,2,4,1,0
2020,45,전라북도 고창군 신림면(세곡삼거리 인근),4579042000,35.45985914545455,126.69800190727273,4,7,1,1,5,0
2020,45,전라북도 부안군 부안읍(터미널사거리 인근),4580025000,35.72642345515152,126.73729220909092,9,13,0,4,8,1
2020,45,전라북도 부안군 줄포면(줄포사거리 인근),4580041000,35.58794792666666,126.6779323460606,7,9,0,3,6,0
2020,45,전라북도 부안군 부안읍(아담사거리 인근),4580025000,35.726487532727276,126.73222431121212,6,9,0,2,7,0
2020,46,전라남도 목포시 옥암동(한국부분정비센타 인근),4611016400,34.810699227878786,126.4252639012121,37,68,0,4,64,0
2020,46,전라남도 목포시 상동(버스터미널 인근),4611015800,34.81136155242425,126.41801462606057,36,62,0,9,51,2
2020,46,전라남도 목포시 옥암동(부주교 인근),4611016400,34.80935358121213,126.4320343578788,34,58,0,4,54,0
2020,46,전라남도 여수시 학동(광주지방법원순천지원여수시법원 인근),4613012800,34.759077871212114,127.66565445242422,38,52,0,6,44,2
2020,46,전라남도 여수시 학동(시청앞로터리 인근),4613012800,34.76141426969697,127.66295825121213,37,67,0,3,60,4
2020,46,전라남도 여수시 문수동(제13호광장 인근),4613012000,34.74858461393939,127.69953125121212,32,50,0,4,46,0
2020,46,전라남도 순천시 조례동(조은프라자 인근),4615013300,34.95376114515151,127.52016672121215,55,68,0,11,55,2
2020,46,전라남도 순천시 조례동(예찬교회 인근),4615013300,34.95803598727272,127.52127765727272,21,30,0,4,25,1
2020,46,전라남도 순천시 조곡동(역앞전로터리 인근),4615011100,34.945588301515144,127.50170381363635,19,29,1,1,25,2
2020,46,전라남도 나주시 이창동(이창4교차로 인근),4617012800,34.99576102030303,126.71423506363637,9,21,0,4,16,1
2020,46,전라남도 나주시 중앙동(중앙파출소앞교차로 인근),4617011500,35.03281752787879,126.7194724090909,8,9,0,2,7,0
2020,46,전라남도 나주시 남평읍(남평리268 인근),4617025000,35.047123755757575,126.84190436787875,8,8,0,1,7,0
2020,46,전라남도 광양시 중동(시청사거리 인근),4623010600,34.938691894545464,127.69805743787879,13,22,0,4,17,1
2020,46,전라남도 광양시 중동(컨테이너부두사거리 인근),4623010600,34.93942511272726,127.68917003242427,13,16,0,1,14,1
2020,46,전라남도 광양시 금호동(태인교삼거리 인근),4623011000,34.93179258333334,127.74673418787877,11,20,0,3,16,1
2020,46,전라남도 담양군 담양읍(담양읍삼거리 인근),4671025000,35.31507192272727,126.9835215560606,11,19,0,1,18,0
2020,46,전라남도 담양군 담양읍(백동사거리 인근),4671025000,35.309244505757576,126.9820609960606,8,11,0,3,8,0
2020,46,전라남도 담양군 봉산면(기곡교차로 인근),4671031000,35.27267105242424,126.97312968787878,5,10,0,1,9,0
2020,46,전라남도 곡성군 옥과면(옥과리2384 인근),4672037000,35.27529746121212,127.13382376121213,4,5,0,2,3,0
2020,46,전라남도 곡성군 오곡면(압록사거리 인근),4672031000,35.19417133333334,127.37543793848486,3,11,0,3,7,1
2020,46,전라남도 곡성군 삼기면(곡성IC앞 인근),4672032000,35.22763330030302,127.22690134606061,3,5,0,1,4,0
2020,46,전라남도 구례군 구례읍(구례경찰서 인근),4673025000,35.20873737393939,127.46454205363634,5,6,0,4,2,0
2020,46,전라남도 구례군 구례읍(서시교 인근),4673025000,35.210678967878785,127.47405885727277,5,10,0,1,9,0
2020,46,전라남도 구례군 구례읍(돌틈삼거리 인근),4673025000,35.21534431393938,127.46464166363636,4,4,1,1,2,0
2020,46,전라남도 고흥군 고흥읍(파리바게뜨고흥중앙점 인근),4677025000,34.60747714787879,127.28398653121214,10,12,0,2,10,0
2020,46,전라남도 고흥군 도양읍(녹동구항 인근),4677025300,34.52729333363635,127.1347900012121,9,21,1,4,16,0
2020,46,전라남도 고흥군 도양읍(봉암리3890 인근),4677025300,34.527184613939404,127.14073109242429,9,13,0,3,8,2
2020,46,전라남도 보성군 보성읍(동윤삼거리 인근),4678025000,34.76766508333333,127.08532459363637,5,6,0,2,4,0
2020,46,전라남도 보성군 벌교읍(역전삼거리 인근),4678025300,34.84262136454545,127.34500893848488,5,6,0,1,5,0
2020,46,전라남도 보성군 보성읍(군청앞사거리 인근),4678025000,34.77039830030302,127.08013234606058,3,3,0,2,1,0
2020,46,전라남도 화순군 화순읍(중잉병원교차로 인근),4679025000,35.058682803333326,126.98166178363637,12,15,0,3,12,0
2020,46,전라남도 화순군 화순읍(대리2교차로 인근),4679025000,35.05312681030304,126.97237550666667,6,13,0,3,9,1
2020,46,전라남도 화순군 화순읍(대광아파트교차로 인근),4679025000,35.055662082424234,126.97843488606064,6,6,0,1,4,1
2020,46,전라남도 장흥군 장흥읍(장흥교오거리 인근),4680025000,34.67966218454546,126.90530815181818,11,14,0,2,11,1
2020,46,전라남도 장흥군 장흥읍(군민회관오거리 인근),4680025000,34.67624989424242,126.9093925012121,8,13,0,0,12,1
2020,46,전라남도 장흥군 장흥읍(충열삼거리 인근),4680025000,34.66736411454546,126.89222346909091,4,6,0,1,5,0
2020,46,전라남도 강진군 강진읍(동성사거리 인근),4681025000,34.64024685848486,126.77744182242424,7,15,0,3,10,2
2020,46,전라남도 강진군 성전면(영풍교 인근),4681036000,34.701314519393954,126.70835287727272,6,10,0,4,6,0
2020,46,전라남도 강진군 군동면(삼신리5172 인근),4681031000,34.62857628454546,126.79008092606061,5,15,0,4,9,2
2020,46,전라남도 해남군 해남읍(홍교 인근),4682025000,34.56983593969698,126.5989729430303,10,12,0,3,9,0
2020,46,전라남도 해남군 해남읍(해남군수협 인근),4682025000,34.56687346909091,126.59536825606061,9,14,0,1,13,0
2020,46,전라남도 해남군 해남읍(해남종합버스터미널 인근),4682025000,34.5709502339394,126.60888756606062,5,6,0,2,4,0
2020,46,전라남도 영암군 영암읍(역리사거리 인근),4683025000,34.803309657878785,126.70061323848486,7,11,0,2,9,0
2020,46,전라남도 영암군 미암면(망월교 인근),4683038000,34.724499965151516,126.56936079121213,7,8,0,2,6,0
2020,46,전라남도 영암군 영암읍(남풍리4957 인근),4683025000,34.799148396666666,126.70262322363634,6,19,0,1,17,1
2020,46,전라남도 무안군 삼향읍(남악리2269 인근),4684025600,34.809740426666664,126.46029672606062,8,8,1,1,6,0
2020,46,전라남도 무안군 해제면(토치삼거리 인근),4684036000,35.10906436393939,126.31076181242426,7,16,0,2,14,0
2020,46,전라남도 무안군 무안읍(무안버스터미널 인근),4684025000,34.98766897454546,126.47837043090908,6,11,0,1,10,0
2020,46,전라남도 함평군 월야면(월야사거리 인근),4686038000,35.17951701212122,126.62570415242428,4,7,0,2,5,0
2020,46,전라남도 함평군 학교면(학교우체국 인근),4686033000,35.022304801515155,126.53299206303029,3,4,0,0,3,1
2020,46,전라남도 함평군 함평읍(기각사거리 인근),4686025000,35.0663961990909,126.52552680666665,3,3,0,0,2,1
2020,46,전라남도 영광군 영광읍(단주사거리 인근),4687025000,35.28026650575758,126.4994537942424,6,9,0,1,8,0
2020,46,전라남도 영광군 영광읍(백학리38141 인근),4687025000,35.27794940727272,126.50365424727275,6,6,0,0,6,0
2020,46,전라남도 영광군 영광읍(월평교차로 인근),4687025000,35.286500392424244,126.50590092909096,5,11,0,3,8,0
2020,46,전라남도 장성군 장성읍(케냐에스프레소 인근),4688025000,35.29983399030303,126.78161940787876,10,11,0,1,9,1
2020,46,전라남도 장성군 황룡면(제2황룡교남측 인근),4688036000,35.29252106969698,126.77256321909091,9,18,0,1,16,1
2020,46,전라남도 장성군 장성읍(청운고가차도사거리 인근),4688025000,35.305956153939405,126.77796593909093,7,9,0,3,5,1
2020,46,전라남도 완도군 완도읍(완도농협본점 인근),4689025000,34.318845020909095,126.74693209363636,17,24,0,2,20,2
2020,46,전라남도 완도군 완도읍(강진완도축산농협완도지점 인근),4689025000,34.313685146666664,126.75672050121213,6,8,0,1,7,0
2020,46,전라남도 완도군 완도읍(군내리1235 인근),4689025000,34.3183862990909,126.74309982363637,4,6,0,1,5,0
2020,46,전라남도 진도군 진도읍(진도군남동리교차로 인근),4690025000,34.481040332727275,126.2637125912121,12,13,0,3,10,0
2020,46,전라남도 진도군 진도읍(남동리7322 인근),4690025000,34.481839195151515,126.25843920303032,5,7,0,2,5,0
2020,46,전라남도 진도군 진도읍(동외교차로 인근),4690025000,34.482627823939396,126.27480145242427,4,5,0,1,4,0
2020,46,전라남도 신안군 압해읍(압해읍삼거리 인근),4691025300,34.865214395757576,126.31204778121214,5,7,0,0,6,1
2020,46,전라남도 신안군 지도읍(원내양길143 인근),4691025000,35.060420365151515,126.21131015727276,3,4,1,0,3,0
2020,47,경상북도 포항시 남구 해도동(포스코대교 인근),4711110300,36.01213102515152,129.37112487606058,29,51,0,6,45,0
2020,47,경상북도 포항시 북구 동빈2가(동빈장앞교차로 인근),4711311100,36.04042043,129.36897141727272,26,51,0,8,41,2
2020,47,경상북도 포항시 남구 대잠동(위웨딩혼수백화점포항점 인근),4711111600,36.01279184515151,129.34340745909088,22,41,0,3,37,1
2020,47,경상북도 경주시 성건동(중앙시장네거리 인근),4713010800,35.844689990303046,129.20705384606063,18,30,0,7,20,3
2020,47,경상북도 경주시 황오동(역전삼거리 인근),4713010400,35.84438899030303,129.2173618460606,18,27,0,6,16,5
2020,47,경상북도 경주시 성동동(경주교 인근),4713010400,35.85147198969697,129.21758584606062,17,25,0,8,16,1
2020,47,경상북도 김천시 신음동(영남대로1684 인근),4715010400,36.12866545848485,128.1182289378788,18,21,1,6,13,1
2020,47,경상북도 김천시 신음동(청와삼대신음점 인근),4715010800,36.13435389575757,128.11760453242425,18,21,0,3,17,1
2020,47,경상북도 김천시 평화동(사랑제일교회 인근),4715010500,36.12572136575758,128.11799515787882,15,19,1,4,14,0
2020,47,경상북도 안동시 옥동(옥동사거리 인근),4717013300,36.56336658393939,128.70273800121208,24,39,0,6,26,7
2020,47,경상북도 안동시 목성동(안동구시장공영주차장 인근),4717011600,36.56542061515153,128.7264571890909,22,28,0,5,23,0
2020,47,경상북도 안동시 송현동(송현오거리 인근),4717013600,36.57199458575758,128.69747790787875,20,30,0,6,21,3
2020,47,경상북도 구미시 옥계동(옥계동971 인근),4719012800,36.137829395757585,128.41755974727278,22,27,0,6,19,2
2020,47,경상북도 구미시 신평동(IC네거리 인근),4719011100,36.119492565151525,128.35950348181817,18,29,0,7,21,1
2020,47,경상북도 구미시 원평동(금오교동측 인근),4719010100,36.12633037,128.33745483606063,18,23,0,6,17,0
2020,47,경상북도 영주시 휴천동(영주시보훈회관 인근),4721010400,36.82101436454546,128.6257709378788,13,14,1,2,11,0
2020,47,경상북도 영주시 휴천동(한국농어촌공사영주봉화지사 인근),4721010400,36.81866574151514,128.62778687727277,12,14,0,5,8,1
2020,47,경상북도 영주시 하망동(하망성당어린이집 인근),4721010300,36.82492258515151,128.6298870012121,9,10,0,6,4,0
2020,47,경상북도 영천시 금호읍(금장교북측 인근),4723025000,35.93145541090909,128.87551980787882,8,10,1,2,7,0
2020,47,경상북도 영천시 완산동(천문로269 인근),4723011300,35.96328945969697,128.93408737727273,8,12,0,0,12,0
2020,47,경상북도 영천시 금노동(주남네거리 인근),4723011200,35.95287930393939,128.93072228363638,7,12,0,1,11,0
2020,47,경상북도 상주시 무양동(무양동293 인근),4725010900,36.41837033515151,128.15108759666668,13,19,0,4,15,0
2020,47,경상북도 상주시 서성동(북문사거리 인근),4725010600,36.41881034212121,128.16273219666664,12,15,1,3,11,0
2020,47,경상북도 상주시 남성동(동산동물병원 인근),4725010100,36.41589397454544,128.16282241121212,12,13,0,3,9,1
2020,47,경상북도 문경시 모전동(모전오거리 인근),4728011000,36.586683662727275,128.1919620312121,16,30,0,4,24,2
2020,47,경상북도 문경시 점촌동(점촌동26846 인근),4728010100,36.59434102303031,128.20159060424243,12,15,0,3,10,2
2020,47,경상북도 문경시 점촌동(점촌동50112 인근),4728010100,36.59509091272727,128.19801591424243,11,15,1,3,11,0
2020,47,경상북도 경산시 조영동(영남대역5번출구 인근),4729011500,35.83655695909091,128.75343150121216,28,34,0,3,29,2
2020,47,경상북도 경산시 계양동(영대오거리 인근),4729011600,35.83412108454546,128.74755581363635,19,31,0,1,29,1
2020,47,경상북도 경산시 압량면(파스쿠찌대구영남대점 인근),4729011800,35.8394944890909,128.7574047512121,16,26,0,1,25,0
2020,47,경상북도 군위군 효령면(고곡리14291 인근),4772032000,36.11279814606059,128.5744620960606,3,3,0,1,2,0
2020,47,경상북도 군위군 군위읍(서부사거리 인근),4772025000,36.241023084545446,128.56842662727271,3,6,0,0,6,0
2020,47,경상북도 군위군 부계면(동군위IC교차로 인근),4772033000,36.09977408272727,128.66391028363634,3,4,0,0,4,0
2020,47,경상북도 의성군 의성읍(역전사거리 인근),4773025000,36.35383833393939,128.69450678303033,7,9,0,3,6,0
2020,47,경상북도 의성군 의성읍(후죽리9133 인근),4773025000,36.349432523333334,128.6955946884849,5,8,0,1,7,0
2020,47,경상북도 의성군 안계면(용기리84810 인근),4773043000,36.385183946969704,128.4362919518182,5,8,0,1,7,0
2020,47,경상북도 청송군 진보면(진안사거리 인근),4775037000,36.52640549151516,129.0443622518182,3,3,2,1,0,0
2020,47,경상북도 영양군 영양읍(KTG영양지점 인근),4776025000,36.66274361666667,129.1131803460606,5,6,0,0,5,1
2020,47,경상북도 영양군 입암면(청암교동측 인근),4776031000,36.59731435848484,129.08596789242424,3,5,0,2,3,0
2020,47,경상북도 영양군 영양읍(성모유치원 인근),4776025000,36.66428748969696,129.11755987666666,3,3,0,1,2,0
2020,47,경상북도 영덕군 강구면(강구교차로 인근),4777031000,36.360081429090904,129.37905940787874,12,23,1,6,15,1
2020,47,경상북도 영덕군 강구면(강구교 인근),4777031000,36.35752424090909,129.38040587727272,7,7,0,5,2,0
2020,47,경상북도 영덕군 남정면(유천교 인근),4777032000,36.26802980272727,129.37432631363635,6,21,0,1,19,1
2020,47,경상북도 청도군 이서면(양원삼거리 인근),4782034000,35.68606284848486,128.68523170606062,5,6,0,2,4,0
2020,47,경상북도 청도군 청도읍(청도감고을 인근),4782025300,35.64233577151515,128.74466818787874,5,7,0,1,6,0
2020,47,경상북도 청도군 청도읍(청도군선거관리위원회 인근),4782025000,35.64744264575757,128.73774493848484,3,4,0,0,4,0
2020,47,경상북도 고령군 대가야읍(쾌빈교 인근),4783025300,35.73790502000001,128.27165097121215,3,4,1,0,3,0
2020,47,경상북도 고령군 성산면(고령성산교회 인근),4783033000,35.75175511454547,128.3750517190909,3,3,0,1,2,0
2020,47,경상북도 고령군 대가야읍(고령광장앞교차로 인근),4783025300,35.72935208393939,128.2714145330303,3,5,0,0,5,0
2020,47,경상북도 성주군 성주읍(성주군선거관리위원회 인근),4784025000,35.91779645848485,128.28952456363638,13,20,0,3,17,0
2020,47,경상북도 성주군 성주읍(경산리851 인근),4784025000,35.92151331272728,128.2875327490909,5,6,0,1,5,0
2020,47,경상북도 성주군 성주읍(경산리71813 인근),4784025000,35.914711016666665,128.28513003606062,4,6,0,1,5,0
2020,47,경상북도 칠곡군 왜관읍(로얄사거리 인근),4785025000,35.98807733454545,128.39933148787878,21,30,0,5,15,10
2020,47,경상북도 칠곡군 왜관읍(왜관리789126 인근),4785025000,35.98105283272727,128.39863169363633,15,17,0,5,9,3
2020,47,경상북도 칠곡군 왜관읍(왜관리14061 인근),4785025000,35.99668495242426,128.39741220090906,11,12,0,6,6,0
2020,47,경상북도 예천군 예천읍(예천역앞 인근),4790025000,36.648321453333324,128.44403727606058,8,11,0,9,2,0
2020,47,경상북도 예천군 예천읍(남본교차로 인근),4790025000,36.651248664545456,128.45564980242423,6,9,0,6,3,0
2020,47,경상북도 예천군 용궁면(한국농어촌공사 인근),4790038000,36.607505957878786,128.27742665787878,6,6,0,2,4,0
2020,47,경상북도 봉화군 봉화읍(커피비 인근),4792025000,36.89033449272727,128.74052553242424,7,8,0,2,5,1
2020,47,경상북도 울진군 후포면(삼율1교 인근),4793038000,36.67746411636362,129.44081331363634,4,6,0,3,3,0
2020,48,경상남도 창원시 진해구 석동(3호광장사거리 부근),4812914000,35.159525119696966,128.69810017606062,24,36,0,4,31,1
2020,48,경상남도 창원시 마산합포구 월영동(월영광장교차로 부근),4812513400,35.17974347545454,128.55836465727273,24,30,0,9,16,5
2020,48,경상남도 창원시 의창구 팔용동(의창주유소 부근),4812112900,35.26295051848485,128.61829278303028,23,31,1,7,21,2
2020,48,경상남도 진주시 가좌동(개양오거리 인근),4817013100,35.15911423848485,128.1077257836364,12,16,0,6,10,0
2020,48,경상남도 진주시 대안동(중앙광장교차로 인근),4817010900,35.1930449278788,128.08443125121215,9,11,0,5,6,0
2020,48,경상남도 진주시 하대동(선학사거리 인근),4817012000,35.19297017787878,128.1167028460606,9,10,0,4,6,0
2020,48,경상남도 통영시 무전동(무전동1010 인근),4822011000,34.85752494909091,128.42853667363636,31,42,0,6,28,8
2020,48,경상남도 통영시 항남동(중앙로107 인근),4822010400,34.84231658333334,128.42114712787878,23,30,0,10,17,3
2020,48,경상남도 통영시 북신동(북신사거리 인근),4822011000,34.852930393939396,128.42910959666668,15,19,0,3,13,3
2020,48,경상남도 사천시 동금동(사천축산농협삼천포동금지점 인근),4824010400,34.931758770303034,128.07704515787876,15,17,0,4,12,1
2020,48,경상남도 사천시 벌리동(수도교사거리 인근),4824010600,34.93899248848485,128.07640506121209,13,26,0,2,22,2
2020,48,경상남도 사천시 선구동(중앙시장사거리 인근),4824010300,34.92910264636363,128.07440637606064,11,13,1,2,10,0
2020,48,경상남도 김해시 봉황동(금강병원장례식장 인근),4825010300,35.22789230181818,128.88253525121215,24,25,0,6,17,2
2020,48,경상남도 김해시 외동(경원고앞교차로 인근),4825010900,35.231774316363634,128.86027126121212,23,37,0,9,27,1
2020,48,경상남도 김해시 주촌면(진영리1665 인근),4825025000,35.30724781424242,128.73545411787882,22,26,0,13,13,0
2020,48,경상남도 밀양시 삼문동(삼문동사무소앞교차로 인근),4827010400,35.48316045787879,128.7526134690909,13,16,0,3,12,1
2020,48,경상남도 밀양시 삼문동(농업연구소사거리 인근),4827010200,35.49216686545455,128.74476125181818,11,17,0,4,11,2
2020,48,경상남도 밀양시 내이동(신촌오거리 인근),4827010200,35.50128808515151,128.7416214390909,10,17,0,2,15,0
2020,48,경상남도 거제시 고현동(신현교 인근),4831010900,34.887917551818184,128.62614420606062,22,36,0,4,32,0
2020,48,경상남도 거제시 고현동(8번교차로 인근),4831010900,34.892828987272736,128.63062990787878,17,24,1,5,18,0
2020,48,경상남도 거제시 고현동(한국SGI거제평화문화회관 인근),4831010900,34.89165470727273,128.62310293787877,16,22,0,6,16,0
2020,48,경상남도 양산시 중부동(중부동69813 인근),4833010300,35.33718772969697,129.02803474363637,18,22,1,4,15,2
2020,48,경상남도 양산시 삼호동(삼호동65410 인근),4833011400,35.414964405757566,129.16959074727276,16,18,0,3,14,1
2020,48,경상남도 양산시 덕계동(천불사입구교차로 인근),4833012000,35.373720611515154,129.1524092178788,15,24,0,6,15,3
2020,48,경상남도 의령군 의령읍(서동리997 인근),4872025000,35.31917574333333,128.25437637121212,5,7,0,2,5,0
2020,48,경상남도 의령군 부림면(신반시외버스터미널 인근),4872039000,35.46609639515151,128.32452090727273,4,6,0,5,1,0
2020,48,경상남도 의령군 의령읍(의병교 인근),4872025000,35.316802768484855,128.26133868848487,3,3,0,0,3,0
2020,48,경상남도 함안군 가야읍(정자사거리 인근),4873025000,35.279998240909094,128.40323123242422,8,9,0,5,4,0
2020,48,경상남도 함안군 가야읍(도항리3476 인근),4873025000,35.275036647878785,128.3988818712121,8,11,0,4,7,0
2020,48,경상남도 함안군 칠원읍(용산사거리 인근),4873025300,35.308849834545455,128.51908587787878,8,10,0,2,7,1
2020,48,경상남도 창녕군 남지읍(커피마마남지우리집점 인근),4874025300,35.38927500575757,128.48194436181817,8,8,0,5,3,0
2020,48,경상남도 창녕군 창녕읍(술정리3003 인근),4874025000,35.540101930606056,128.49244864121212,8,16,0,3,12,1
2020,48,경상남도 창녕군 남지읍(남지리30332 인근),4874025300,35.393684575757575,128.4810604460606,6,10,0,5,4,1
2020,48,경상남도 고성군 고성읍(동외리28725 인근),4882025000,34.97620441030303,128.32607476121214,12,13,0,4,7,2
2020,48,경상남도 고성군 회화면(배둔시외버스터미널 인근),4882040000,35.0555223639394,128.3660547812121,7,10,0,4,5,1
2020,48,경상남도 고성군 고성읍(동외리944 인근),4882025000,34.97547470909091,128.33472581666666,6,11,0,4,7,0
2020,48,경상남도 남해군 남해읍(창원지방법원진주지원남해군법원 인근),4884025000,34.84093703848486,127.8939813878788,7,11,0,4,6,1
2020,48,경상남도 남해군 남해읍(남해의용소방대 인근),4884025000,34.838146426666675,127.89411762606059,6,8,0,4,4,0
2020,48,경상남도 남해군 남해읍(남변사거리 인근),4884025000,34.833481085151504,127.89936737666663,6,7,0,4,2,1
2020,48,경상남도 하동군 진교면(상평삼거리 인근),4885037000,35.02943375575757,127.90476485727272,4,4,1,3,0,0
2020,48,경상남도 하동군 금남면(계천사거리 인근),4885036000,34.99620558393939,127.81144231363633,3,5,0,3,2,0
2020,48,경상남도 산청군 신안면(원지삼거리 인근),4886038000,35.303435646060606,127.97245137727273,6,8,0,1,7,0
2020,48,경상남도 산청군 산청읍(산청리1684 인근),4886025000,35.41671730242423,127.87737345666665,5,6,0,1,4,1
2020,48,경상남도 산청군 단성면(사월리15621 인근),4886037000,35.29472898666667,127.95864007909093,4,7,0,1,5,1
2020,48,경상남도 함양군 함양읍(읍내파출소 인근),4887025000,35.52094261515152,127.72994993848484,6,6,0,3,1,2
2020,48,경상남도 함양군 함양읍(백천리18271 인근),4887025000,35.52454414181818,127.76298602303031,5,7,0,0,5,2
2020,48,경상남도 함양군 함양읍(인당사거리 인근),4887025000,35.5145765539394,127.72925464787882,3,3,0,2,1,0
2020,48,경상남도 거창군 거창읍(창동교앞교차로 인근),4888025000,35.687706917878785,127.92077088727271,8,9,0,2,7,0
2020,48,경상남도 거창군 거창읍(중앙교북측 인근),4888025000,35.68613191848485,127.91652688787877,5,8,0,2,6,0
2020,48,경상남도 거창군 거창읍(거창2교 인근),4888025000,35.68259095848484,127.91216875242422,4,6,0,1,5,0
2020,48,경상남도 합천군 합천읍(중앙교차로 인근),4889025000,35.56763064666666,128.16327487727276,12,12,0,8,4,0
2020,48,경상남도 합천군 삼가면(삼가교 인근),4889043000,35.41268273909091,128.12141062606062,7,8,0,5,2,1
2020,48,경상남도 합천군 합천읍(중앙로68 인근),4889025000,35.566966118484835,128.15869819363633,7,7,0,3,3,1
2020,50,제주특별자치도 제주시 연동(현대자동차제주지점 인근),5011013700,33.48976205333334,126.49591443848485,32,45,1,6,31,7
2020,50,제주특별자치도 제주시 이도이동(광양사거리 인근),5011010400,33.50073042454545,126.52914759363637,29,35,0,7,27,1
2020,50,제주특별자치도 제주시 이도이동(이도광장교차로 인근),5011010400,33.49476270727273,126.5336951578788,27,38,0,6,31,1
2020,50,제주특별자치도 서귀포시 서홍동(중앙로터리 인근),5013010100,33.25320031636363,126.56108950606061,32,45,0,11,30,4
2020,50,제주특별자치도 서귀포시 서귀동(천지동사무소앞 인근),5013010100,33.24759062787879,126.56158768666666,17,21,0,5,16,0
2020,50,제주특별자치도 서귀포시 토평동(온누리부동산 인근),5013010500,33.25421587515152,126.57693090909089,12,25,0,4,20,1
2021,11,서울특별시 종로구 명륜2가(혜화동로터리 인근),1111016900,37.58582868212121,127.00146954090908,35,46,0,8,33,5
2021,11,서울특별시 종로구 숭인동(동묘앞역사거리 인근),1111017500,37.573022771818174,127.01567515909095,28,38,0,14,18,6
2021,11,서울특별시 종로구 종로1가(세종로208 인근),1111012600,37.57011505727274,126.97624279666668,25,33,0,6,26,1
2021,11,서울특별시 중구 신당동(약수역앞교차로 인근),1114016200,37.55482232030304,127.01069024121212,29,44,0,14,27,3
2021,11,서울특별시 중구 충무로1가(충무로1가5241 인근),1114011100,37.5609097169697,126.98170945909095,27,43,0,5,35,3
2021,11,서울특별시 중구 정동(서울프라자호텔 인근),1114011400,37.564468759696965,126.97812050121215,26,34,1,4,26,3
2021,11,서울특별시 용산구 보광동(한남역1번출구 인근),1117013100,37.52899263848485,127.00753914909089,23,36,0,8,28,0
2021,11,서울특별시 용산구 한강로2가(전자상가입구교차로 인근),1117012500,37.529571126363635,126.96828797909095,21,31,0,8,23,0
2021,11,서울특별시 용산구 서빙고동(반포대교북측 인근),1117013300,37.5193295330303,126.99429086727272,20,28,0,7,21,0
2021,11,서울특별시 성동구 성수동1가(뚝섬역앞 인근),1120011400,37.54423821333334,127.03520072363641,57,99,0,10,85,4
2021,11,서울특별시 성동구 행당동(왕십리역1번출구 인근),1120010700,37.56153952818182,127.03513332909091,30,43,0,7,35,1
2021,11,서울특별시 성동구 행당동(한양대병원 인근),1120010700,37.55789990848485,127.04016502363635,24,31,0,7,22,2
2021,11,서울특별시 광진구 화양동(건대입구역앞교차로 인근),1121510500,37.539920522121214,127.07067331363633,31,37,1,8,27,1
2021,11,서울특별시 광진구 군자동(군자역사거리 인근),1121510100,37.55715859333334,127.07954309242427,29,43,0,9,34,0
2021,11,서울특별시 광진구 광장동(광장사거리 인근),1121510400,37.545092657272725,127.10435415848485,22,38,0,7,30,1
2021,11,서울특별시 동대문구 전농동(우리은행청량리중앙지 인근),1123010200,37.578963419999994,127.04134610787878,38,43,0,11,26,6
2021,11,서울특별시 동대문구 장안동(장안동4701 인근),1123010600,37.572278399696955,127.07285151181819,31,33,1,12,19,1
2021,11,서울특별시 동대문구 용두동(동대문구청사거리 인근),1123010200,37.57360728909091,127.03818510090908,29,39,0,8,30,1
2021,11,서울특별시 중랑구 신내동(신내지하철차량기지 인근),1126010600,37.61381975818181,127.10145064121212,35,55,0,4,47,4
2021,11,서울특별시 중랑구 망우동(한일써너스빌리젠시 인근),1126010200,37.59730533454546,127.09294155606062,30,44,0,5,36,3
2021,11,서울특별시 중랑구 면목동(면목역앞교차로 인근),1126010100,37.58839338727273,127.0876365612121,29,33,1,6,22,4
2021,11,서울특별시 성북구 상월곡동(길음역 인근),1129013600,37.60297174515152,127.02488484909088,61,74,0,17,55,2
2021,11,서울특별시 성북구 하월곡동(종암사거리 인근),1129013600,37.603379789393934,127.03224611121213,47,63,0,8,53,2
2021,11,서울특별시 성북구 길음동(한성대입구역앞교차로 인근),1129010400,37.58848484727274,127.00619701242422,33,44,0,11,30,3
2021,11,서울특별시 강북구 미아동(미아4동지구대 인근),1130510100,37.61645296727273,127.02991358727272,51,68,0,17,51,0
2021,11,서울특별시 강북구 수유동(렛츠런CCC강북지점 인근),1130510300,37.63528463272727,127.02327492848488,49,67,0,17,43,7
2021,11,서울특별시 강북구 수유동(강북구청사거리 인근),1130510300,37.63963253636364,127.02743280666665,42,62,1,9,48,4
2021,11,서울특별시 도봉구 창동(도봉보건소교차로 인근),1132010700,37.6567118330303,127.03955648909088,24,35,0,8,27,0
2021,11,서울특별시 도봉구 방학동(방학동726113 인근),1132010600,37.66392732151515,127.0427496112121,23,32,0,12,19,1
2021,11,서울특별시 도봉구 창동(창동하이마트 인근),1132010700,37.65271417787878,127.05246903666668,19,26,0,4,20,2
2021,11,서울특별시 노원구 공릉동(태릉입구 인근),1135010300,37.61715370090909,127.07421073787877,40,54,0,8,41,5
2021,11,서울특별시 노원구 상계동(노원역7번출구 인근),1135010500,37.654214503939386,127.06003000121211,38,61,1,5,52,3
2021,11,서울특별시 노원구 하계동(월계1교 인근),1135010200,37.632044587878795,127.06189417242427,27,34,0,11,23,0
2021,11,서울특별시 은평구 대조동(연신내역 인근),1138010300,37.61841607848485,126.92010230363634,28,40,0,4,35,1
2021,11,서울특별시 은평구 신사동(신응교 인근),1138010700,37.59209825272726,126.91473531303029,25,34,0,5,26,3
2021,11,서울특별시 은평구 역촌동(역촌역앞교차로 인근),1138010800,37.60633608090908,126.92294191909089,23,37,0,8,26,3
2021,11,서울특별시 서대문구 홍은동(홍은사거리 인근),1141011100,37.59148530999999,126.94148007363636,32,35,0,7,21,7
2021,11,서울특별시 서대문구 미근동(서대문역1번출구 인근),1141010100,37.56537055727272,126.96617534121211,27,33,0,10,20,3
2021,11,서울특별시 서대문구 현저동(독립문역 인근),1141010800,37.57167447484847,126.9596867390909,23,36,0,7,25,4
2021,11,서울특별시 마포구 합정동(합정역5번출구 인근),1144012200,37.54953731909091,126.91407038121214,37,45,0,11,27,7
2021,11,서울특별시 마포구 성산동(성산2교앞교차로 인근),1144012500,37.56531333575758,126.91182991787878,27,41,2,4,33,2
2021,11,서울특별시 마포구 도화동(공덕오거리 인근),1144010200,37.543366447878775,126.9523064078788,23,37,1,7,25,4
2021,11,서울특별시 양천구 목동(홍익병원앞 인근),1147010100,37.52890042818183,126.86416575727273,37,48,0,6,41,1
2021,11,서울특별시 양천구 신월동(신월사거리 인근),1147010300,37.53589264090909,126.82838405606063,37,43,0,6,30,7
2021,11,서울특별시 양천구 신월동(청소년수련관앞교차로 인근),1147010200,37.53098681454545,126.8750260112121,36,57,0,3,50,4
2021,11,서울특별시 강서구 내발산동(우성에스비타워앞 인근),1150010500,37.559795604242424,126.83789382909092,35,51,0,9,39,3
2021,11,서울특별시 강서구 화곡동(화곡사거리 인근),1150010300,37.530612767878786,126.84746376121213,34,43,0,6,34,3
2021,11,서울특별시 강서구 가양동(강서구청입구 인근),1150010300,37.554821151818196,126.85184956606058,28,44,0,8,36,0
2021,11,서울특별시 구로구 가리봉동(디지털단지오거리 인근),1153010300,37.479391583939396,126.88996010363638,48,62,0,9,47,6
2021,11,서울특별시 구로구 가리봉동(구로IC 인근),1153010200,37.48667596030303,126.8779824078788,41,60,0,3,54,3
2021,11,서울특별시 구로구 오류동(오류동삼거리 인근),1153010800,37.494881084545455,126.84117683121211,32,45,0,2,43,0
2021,11,서울특별시 금천구 시흥동(시흥사거리 인근),1154510300,37.45476667636363,126.90057509242419,27,34,1,7,26,0
2021,11,서울특별시 금천구 가산동(수출의다리고가차도 인근),1154510100,37.47610952727273,126.8817906378788,25,33,1,4,28,0
2021,11,서울특별시 금천구 독산동(말미사거리 인근),1154510200,37.46651708454545,126.89775900848488,24,44,1,7,34,2
2021,11,서울특별시 영등포구 양평동(소방파출소앞 인근),1156012800,37.53537482303031,126.8990071160606,45,68,0,3,58,7
2021,11,서울특별시 영등포구 양평동3가(경인고속입구교차로 인근),1156012700,37.52979637909092,126.89299058787878,45,57,0,3,50,4
2021,11,서울특별시 영등포구 당산동(영등포로터리 인근),1156010200,37.519137662727275,126.9125515424242,44,71,0,4,63,4
2021,11,서울특별시 동작구 상도1동(한국교회정보센타 인근),1159010300,37.50380372787879,126.94790453909093,33,47,0,7,35,5
2021,11,서울특별시 동작구 상도동(리치타운 인근),1159010200,37.497532653939395,126.9525629660606,32,44,1,12,28,3
2021,11,서울특별시 동작구 동작동(국립현충원 인근),1159010600,37.50431622636364,126.97591291787877,31,42,0,7,34,1
2021,11,서울특별시 관악구 봉천동(서울대입구역앞교차로 인근),1162010100,37.48126630636363,126.95277625242424,51,71,0,8,60,3
2021,11,서울특별시 관악구 신림동(신림역사거리 인근),1162010200,37.484269325151516,126.92975011909091,49,64,0,8,55,1
2021,11,서울특별시 관악구 봉천동(봉천본동농협앞 인근),1162010100,37.48194417636364,126.94635393787878,38,62,0,16,41,5
2021,11,서울특별시 서초구 염곡동(양재IC 인근),1165010200,37.46496032030304,127.04192037242424,43,61,1,10,48,2
2021,11,서울특별시 서초구 양재동(서울오토갤러리금관 인근),1165010200,37.46067682848485,127.0360268878788,41,61,0,11,49,1
2021,11,서울특별시 서초구 방배동(만남의광장 인근),1165010100,37.477142109090906,126.98279165242424,36,49,0,7,38,4
2021,11,서울특별시 강남구 논현동(차병원사거리 인근),1168010800,37.507329303333336,127.03393031727275,51,74,0,9,61,4
2021,11,서울특별시 강남구 대치동(역삼역앞교차로 인근),1168010100,37.50082507272727,127.03697194181815,50,72,0,10,57,5
2021,11,서울특별시 강남구 논현동(학동사거리 인근),1168010800,37.52319665878788,127.03919172606062,49,61,0,5,52,4
2021,11,서울특별시 송파구 거여동(복정역앞교차로 인근),1171010900,37.47086887575758,127.12676428909091,50,85,0,13,65,7
2021,11,서울특별시 송파구 신천동(잠실역사거리 인근),1171010200,37.51328305575758,127.10023002787878,46,78,0,15,55,8
2021,11,서울특별시 송파구 문정동(제일오피스텔 인근),1171010700,37.493294021515155,127.11814113909094,38,43,1,13,27,2
2021,11,서울특별시 강동구 천호동(천호역7번출구 인근),1174010900,37.538308675151505,127.1242478372727,46,76,0,16,58,2
2021,11,서울특별시 강동구 성내동(길동사거리 인근),1174010500,37.53395525848485,127.13861581242429,21,29,0,9,20,0
2021,11,서울특별시 강동구 천호동(현대타워 인근),1174010500,37.535500969090904,127.13366129727271,20,24,0,5,19,0
2021,26,부산광역시 중구 남포동6가(남포사거리 인근),2611014000,35.09774708424243,129.02825543848482,25,32,1,11,19,1
2021,26,부산광역시 중구 중앙동4가(중앙동사거리 인근),2611010700,35.1050321778788,129.03628037666664,19,38,0,4,32,2
2021,26,부산광역시 중구 남포동1가(옛시청교차로 인근),2611010900,35.09860055212121,129.0358380660606,19,30,0,1,27,2
2021,26,부산광역시 서구 충무동1가(충무교차로 인근),2614012000,35.09645377030302,129.02446943848489,33,41,1,8,29,3
2021,26,부산광역시 서구 서대신동2가(서대신사거리 인근),2614010500,35.11089727090908,129.01219600121212,23,29,0,3,26,0
2021,26,부산광역시 서구 남부민동(남부민1동행정복지센 인근),2614012300,35.093371908484855,129.02391106121212,20,22,0,9,12,1
2021,26,부산광역시 동구 초량동(초량교차로 인근),2617010100,35.11928745787879,129.04200034666664,27,32,0,0,27,5
2021,26,부산광역시 동구 범일동(부산은행범일동지점 인근),2617010400,35.13795511393939,129.05940043848483,21,27,1,9,15,2
2021,26,부산광역시 동구 범일동(범일교차로 인근),2617010400,35.13710367666667,129.06357353242424,21,23,1,7,14,1
2021,26,부산광역시 영도구 봉래동3가(소방서앞사거리 인근),2620011700,35.09075986454546,129.04361684666665,16,24,0,10,13,1
2021,26,부산광역시 영도구 봉래동1가(대교동교차로 인근),2620010100,35.09264708333333,129.03837328303027,16,19,0,6,11,2
2021,26,부산광역시 영도구 영선동3가(영선아래사거리 인근),2620011000,35.08585242666666,129.0409810636364,14,17,0,4,12,1
2021,26,부산광역시 부산진구 부전동(서면특화거리 인근),2623010300,35.15448071636363,129.05992048363635,68,73,0,12,58,3
2021,26,부산광역시 부산진구 가야동(서면역9번출구 인근),2623010300,35.15773811515152,129.05781600242426,62,101,0,21,76,4
2021,26,부산광역시 부산진구 당감동(광무교남측 인근),2623010400,35.15021748969697,129.05922872121212,59,87,0,16,64,7
2021,26,부산광역시 동래구 사직동(내성교차로 인근),2626010900,35.204074614545455,129.07886300242424,25,50,0,12,29,9
2021,26,부산광역시 동래구 온천동(미남교차로 인근),2626010800,35.207911084545444,129.06977175121213,25,32,0,7,24,1
2021,26,부산광역시 동래구 낙민동(하울목교회 인근),2626010200,35.19556430333332,129.1083545012121,21,27,0,4,23,0
2021,26,부산광역시 남구 대연동(용소삼거리 인근),2629010600,35.137340426363636,129.09994209666667,27,35,0,8,27,0
2021,26,부산광역시 남구 대연동(대연사거리 인근),2629010600,35.135124487878784,129.0919293460606,19,20,0,8,12,0
2021,26,부산광역시 남구 문현동(문현고가교 인근),2629010600,35.13658064454546,129.07231868909088,17,23,0,3,20,0
2021,26,부산광역시 북구 화명동(KB국민은행화명동지점 인근),2632010200,35.234850381515145,129.0122291324243,22,27,0,3,24,0
2021,26,부산광역시 북구 덕천동(숙등교차로 인근),2632010400,35.21140698848486,129.01072943909088,21,31,0,7,19,5
2021,26,부산광역시 북구 만덕동(만덕역2번출구 인근),2632010300,35.212872614545454,129.0377034378788,18,22,0,2,20,0
2021,26,부산광역시 해운대구 재송동(원동IC앞 인근),2635010300,35.19390811575759,129.11609397121214,20,24,0,6,16,2
2021,26,부산광역시 해운대구 우동(해운대역 인근),2635010500,35.16365030272728,129.1589349412121,18,31,0,4,24,3
2021,26,부산광역시 해운대구 좌동(구좌동주민센터교차로 인근),2635010700,35.1723623060606,129.17505786909095,18,21,0,3,17,1
2021,26,부산광역시 사하구 하단동(하단교차로 인근),2638010300,35.10614627030302,128.9684689078788,23,32,0,9,22,1
2021,26,부산광역시 사하구 당리동(동매교사거리 인근),2638010200,35.10150861545455,128.97647756363637,20,30,0,7,21,2
2021,26,부산광역시 사하구 구평동(구평고개사거리 인근),2638010500,35.08495339454545,128.98222650121215,16,20,0,3,16,1
2021,26,부산광역시 금정구 부곡동(스타벅스금정구청DT점 인근),2641010900,35.239389709696965,129.09259715787874,29,40,0,5,34,1
2021,26,부산광역시 금정구 부곡동(부산대역4번출구 인근),2641010800,35.23020636575757,129.0896378766667,20,23,0,6,14,3
2021,26,부산광역시 금정구 부곡동(서금사가재정비촉진지 인근),2641010900,35.22376855727273,129.08795000666666,19,29,1,11,17,0
2021,26,부산광역시 강서구 명지동(명지IC 인근),2644010400,35.111257239090904,128.93190715848488,15,22,0,7,15,0
2021,26,부산광역시 강서구 명지동(명지동33577 인근),2644010400,35.09864127666666,128.9201930012121,14,16,0,2,14,0
2021,26,부산광역시 강서구 명지동(명지지하차도서측 인근),2644010400,35.089045302121214,128.9027439384849,13,20,0,5,14,1
2021,26,부산광역시 연제구 연산동(연산교차로 인근),2647010100,35.18605883333332,129.08166468909093,52,85,0,11,71,3
2021,26,부산광역시 연제구 연산동(에이스커피 인근),2647010200,35.181854488484845,129.07830981363634,24,44,0,10,32,2
2021,26,부산광역시 연제구 거제동(교대역3번출구 인근),2647010100,35.195283551212114,129.08000787727275,18,26,0,7,18,1
2021,26,부산광역시 수영구 광안동(수영교차로 인근),2650010100,35.16736427090908,129.11523412787878,33,39,1,9,28,1
2021,26,부산광역시 수영구 광안동(망미역앞교차로 인근),2650010100,35.17134264575758,129.10947790727272,28,31,0,12,15,4
2021,26,부산광역시 수영구 광안동(웨딩앤플라워 인근),2650010400,35.15475820727273,129.1187317212121,24,31,0,4,25,2
2021,26,부산광역시 사상구 학장동(사상구청교차로 인근),2653010700,35.1495443960606,128.98954268909094,17,26,0,4,21,1
2021,26,부산광역시 사상구 학장동(학장교차로 인근),2653010700,35.14348433333333,128.9880053766667,16,21,0,1,18,2
2021,26,부산광역시 사상구 괘법동(사상교차로 인근),2653010400,35.16208217606061,128.98473934606062,15,18,0,5,13,0
2021,26,부산광역시 기장군 장안읍(오케이건설인력 인근),2671025300,35.24206230939394,129.21771544727272,15,18,0,5,12,1
2021,26,부산광역시 기장군 기장읍(청강사거리 인근),2671025000,35.235991835151516,129.21784743848488,14,20,0,3,17,0
2021,26,부산광역시 기장군 기장읍(교리우편취급소 인근),2671025000,35.25101414575757,129.21709362666664,9,16,0,2,12,2
2021,27,대구광역시 중구 공평동(히로미찌찜닭 인근),2711010600,35.86696421848485,128.59992486242422,50,63,0,6,44,13
2021,27,대구광역시 중구 남산동(계산동2가27130 인근),2711015600,35.86705932151515,128.5890513490909,25,43,1,7,25,10
2021,27,대구광역시 중구 향촌동(중앙네거리 인근),2711014300,35.87098798909091,128.5941068460606,24,37,0,5,22,10
2021,27,대구광역시 동구 신천동(동대구역네거리 인근),2714010200,35.87661598969696,128.62613384363635,34,46,0,7,38,1
2021,27,대구광역시 동구 효목동(큰고개오거리 인근),2714010100,35.885616988484855,128.6330198460606,31,46,0,6,36,4
2021,27,대구광역시 동구 검사동(아양교 인근),2714010800,35.88970998878787,128.64225384666665,23,54,0,4,48,2
2021,27,대구광역시 서구 평리동(신평리네거리 인근),2717010300,35.87045298969697,128.55497384363636,37,57,1,13,36,7
2021,27,대구광역시 서구 내당동(두류네거리 인근),2717010100,35.85790199060605,128.55749184424243,30,65,0,17,46,2
2021,27,대구광역시 서구 비산동(북비산네거리 인근),2717010200,35.87963999121212,128.5713868436364,26,64,0,9,48,7
2021,27,대구광역시 남구 대명동(호야북카페 인근),2720010300,35.846048989696975,128.5905578460606,38,50,0,7,37,6
2021,27,대구광역시 남구 대명동(계명네거리 인근),2720010300,35.856322990303035,128.5829078460606,25,34,1,5,28,0
2021,27,대구광역시 남구 대명동(앞산네거리 인근),2720010300,35.84019398969697,128.57995784606058,25,36,0,4,31,1
2021,27,대구광역시 북구 대현동(경대교 인근),2723011000,35.88632798909091,128.60082884363638,32,62,1,0,55,6
2021,27,대구광역시 북구 칠성동1가(칠성시장네거리 인근),2723010100,35.87634198969696,128.6041948460606,27,33,0,9,21,3
2021,27,대구광역시 북구 태전동(칠곡네거리 인근),2723011800,35.93342597909091,128.5486046490909,26,32,0,7,24,1
2021,27,대구광역시 수성구 지산동(황금네거리 인근),2726010700,35.839817989696975,128.6239148460606,45,78,0,10,62,6
2021,27,대구광역시 수성구 노변동(수성구청역교차로 인근),2726010100,35.85884198969697,128.6358038460606,37,59,0,11,44,4
2021,27,대구광역시 수성구 범어동(범어역1번출구 인근),2726010100,35.85928799,128.6240128460606,37,59,0,8,41,10
2021,27,대구광역시 달서구 유천동(롯데백화점 인근),2729011500,35.81813774545454,128.5385302130303,39,50,0,5,43,2
2021,27,대구광역시 달서구 감삼동(죽전네거리 인근),2729011300,35.85018499030303,128.53727784727272,38,68,1,11,51,5
2021,27,대구광역시 달서구 감삼동(용산네거리 인근),2729011100,35.849468988484844,128.53075084363635,35,55,0,4,47,4
2021,27,대구광역시 달성군 다사읍(대실역대구2호선 인근),2771025600,35.85745958090909,128.46496232666667,20,29,1,6,20,2
2021,27,대구광역시 달성군 다사읍(죽곡리18 인근),2771025600,35.86299113454547,128.4604611660606,17,25,0,4,21,0
2021,27,대구광역시 달성군 다사읍(세천리1636 인근),2771025600,35.87366616272726,128.47636116666666,14,21,0,2,17,2
2021,28,인천광역시 중구 선화동(신흥사거리 인근),2811012600,37.466572303939394,126.63492443909094,14,22,1,4,17,0
2021,28,인천광역시 중구 신흥동3가(개항탑사거리 인근),2811012600,37.4495452730303,126.62461154909094,13,18,0,1,16,1
2021,28,인천광역시 중구 신흥동3가(신용보증기금인천지점 인근),2811011800,37.45364449969697,126.62725596787875,9,11,3,0,7,1
2021,28,인천광역시 동구 화평동(화평사거리 인근),2814010400,37.47827377333334,126.6315616260606,7,10,0,7,3,0
2021,28,인천광역시 동구 송림동(송현동14211 인근),2814010300,37.49105325878788,126.6482085972727,6,8,0,1,7,0
2021,28,인천광역시 동구 송림동(기쁨의교회 인근),2814010700,37.47727277393939,126.64921440787883,6,9,0,0,9,0
2021,28,인천광역시 미추홀구 주안동(석바위사거리 인근),2817710500,37.45787167909091,126.68948434363635,31,43,0,3,37,3
2021,28,인천광역시 미추홀구 주안동(주안역삼거리 인근),2817710500,37.464029209696974,126.68038862666667,24,35,0,7,23,5
2021,28,인천광역시 미추홀구 주안동(옛시민회관사거리 인근),2817710500,37.45847667969697,126.68014112606063,24,29,0,3,24,2
2021,28,인천광역시 연수구 송도동(다이소앞사거리 인근),2818510600,37.395895380606056,126.65184629606061,19,21,0,6,15,0
2021,28,인천광역시 연수구 동춘동(청학사거리 인근),2818510400,37.424769585151516,126.66916924969698,17,22,1,3,18,0
2021,28,인천광역시 연수구 연수동(문학경기장정문교차로 인근),2818510200,37.43419827121212,126.69766659606059,12,17,0,5,12,0
2021,28,인천광역시 남동구 간석동(간석오거리 인근),2820010200,37.467045553939386,126.7080564378788,33,46,0,4,42,0
2021,28,인천광역시 남동구 구월동(모래마을사거리 인근),2820010100,37.45586977393939,126.71938406303032,30,38,0,3,33,2
2021,28,인천광역시 남동구 논현동(속성변화점 인근),2820011000,37.40138907787879,126.72327763121211,26,41,0,3,38,0
2021,28,인천광역시 부평구 부평동(굴다리오거리 인근),2823710100,37.490986459999995,126.72973034363633,39,55,0,5,48,2
2021,28,인천광역시 부평구 부평동(부흥오거리 인근),2823710100,37.49810796121212,126.73046634363635,38,46,0,8,37,1
2021,28,인천광역시 부평구 부평동(시장로터리 인근),2823710100,37.49432949272728,126.72661303242427,35,43,0,6,32,5
2021,28,인천광역시 계양구 작전동(부평IC 인근),2824510300,37.52460849151515,126.72219287606059,22,32,0,2,26,4
2021,28,인천광역시 계양구 서운동(작전역사거리 인근),2824510300,37.530677929090906,126.72254878181816,18,22,1,7,14,0
2021,28,인천광역시 계양구 계산동(계산사거리 인근),2824510200,37.54324208515152,126.7285481878788,16,17,0,1,15,1
2021,28,인천광역시 서구 가정동(루원교차로 인근),2826010800,37.524713636363636,126.67639001303029,24,33,0,5,28,0
2021,28,인천광역시 서구 당하동(마전동1092 인근),2826011400,37.594633076666675,126.67404278909092,22,32,0,2,30,0
2021,28,인천광역시 서구 왕길동(왕길지하차도 인근),2826012000,37.59893799181818,126.65082700121214,20,20,0,4,16,0
2021,28,인천광역시 강화군 강화읍(우리은행앞 인근),2871025000,37.74729630454545,126.48356146909089,9,10,0,4,6,0
2021,28,인천광역시 강화군 강화읍(수협사거리 인근),2871025000,37.745013025151515,126.48796399909092,6,6,0,1,5,0
2021,28,인천광역시 강화군 강화읍(강화농협본점 인근),2871025000,37.737338430303026,126.48809728181817,5,5,0,3,2,0
2021,29,광주광역시 동구 충장로1가(광산동892 인근),2911011300,35.14521404515151,126.91732927787879,25,27,0,2,21,4
2021,29,광주광역시 동구 서석동(북앤빅뱅광주점 인근),2911010800,35.14693548848484,126.92766634545454,18,30,0,0,28,2
2021,29,광주광역시 동구 서석동(조선대입구교차로 인근),2911011800,35.1441148339394,126.92580584606058,13,19,0,3,16,0
2021,29,광주광역시 서구 화정동(광천사거리 인근),2914011500,35.161331959696966,126.88347006303027,50,74,0,5,66,3
2021,29,광주광역시 서구 동천동(계수교차로 인근),2914011600,35.1624069269697,126.85588956363638,45,90,0,3,84,3
2021,29,광주광역시 서구 치평동(신환빌딩 인근),2914012000,35.1506905539394,126.85564390727276,41,76,0,3,72,1
2021,29,광주광역시 남구 봉선동(광주백운동우체국 인근),2915510600,35.13449336393939,126.90153981363633,28,46,0,2,43,1
2021,29,광주광역시 남구 송하동(행암교차로 인근),2915511100,35.09829511393939,126.87723671909093,26,50,2,8,38,2
2021,29,광주광역시 남구 봉선동(주월동12912 인근),2915511500,35.13339866848485,126.91001750606061,21,34,0,3,30,1
2021,29,광주광역시 북구 운암동(운암사거리 인근),2917010900,35.176823833030305,126.87911968727272,34,63,0,1,61,1
2021,29,광주광역시 북구 운암동(동운교차로 인근),2917010900,35.173023489090916,126.88472418727275,33,59,0,0,58,1
2021,29,광주광역시 북구 두암동(문흥지구입구교차로 인근),2917011400,35.18049495666667,126.93010697121213,29,38,0,5,33,0
2021,29,광주광역시 광산구 신가동(수완지구대앞 인근),2920011400,35.1906715690909,126.8288189460606,44,74,0,6,63,5
2021,29,광주광역시 광산구 도산동(광주송정역1번출구 인근),2920010100,35.13727236454545,126.79231343909093,28,44,0,3,41,0
2021,29,광주광역시 광산구 쌍암동(세븐일레븐광주쌍암점 인근),2920011500,35.21829220666667,126.84254759606061,26,40,0,3,37,0
2021,30,대전광역시 동구 용전동(동부네거리 인근),3011011400,36.35071111575758,127.44142628303028,36,50,0,10,40,0
2021,30,대전광역시 동구 중동(대전역네거리 인근),3011011900,36.33118689666667,127.43267218787881,29,40,0,8,32,0
2021,30,대전광역시 동구 홍도동(용전네거리 인근),3011011500,36.347514645454545,127.43211403121214,28,47,0,7,40,0
2021,30,대전광역시 중구 은행동(스타벅스은행동점 인근),3014010100,36.32934802151515,127.42772093787877,26,38,0,6,32,0
2021,30,대전광역시 중구 오류동(오룡역네거리 인근),3014011300,36.32861102212121,127.40504828242425,24,40,1,11,28,0
2021,30,대전광역시 중구 문화동(엔제리너스서대전 인근),3014011300,36.321477647272715,127.40917781363635,22,42,1,5,36,0
2021,30,대전광역시 서구 둔산동(수협은행둔산지점 인근),3017011200,36.34972505333334,127.37738756363638,61,76,0,8,68,0
2021,30,대전광역시 서구 둔산동(숭어리샘네거리 인근),3017010600,36.344664676666675,127.37991022121211,34,56,0,8,47,1
2021,30,대전광역시 서구 월평동(갈마네거리 인근),3017011100,36.353086301515155,127.36891328363635,34,46,0,6,40,0
2021,30,대전광역시 유성구 장대동(구암교네거리 인근),3020011200,36.35753789545454,127.33177846909095,43,63,0,7,53,3
2021,30,대전광역시 유성구 노은동(월드컵지하차도 인근),3020011700,36.366751334545455,127.33100478363632,33,58,0,7,49,2
2021,30,대전광역시 유성구 장대동(궁동네거리 인근),3020011700,36.364319335757585,127.3382115936364,29,41,0,1,40,0
2021,30,대전광역시 대덕구 오정동(농수산시장오거리 인근),3023010100,36.35651892757575,127.40550975121211,35,55,0,9,45,1
2021,30,대전광역시 대덕구 중리동(오정네거리 인근),3023010100,36.358585022727276,127.41558753242427,21,34,0,5,29,0
2021,30,대전광역시 대덕구 오정동(한남오거리 인근),3023010100,36.348329240909095,127.41596759606061,19,44,1,5,31,7
2021,31,울산광역시 중구 약사동(병영오거리 인근),3111011700,35.56853902121213,129.34351134606058,20,26,1,3,22,0
2021,31,울산광역시 중구 서동(서동로터리 인근),3111011400,35.57879680212121,129.3422187512121,17,30,0,4,22,4
2021,31,울산광역시 중구 태화동(태화루사거리 인근),3111010800,35.55337714575758,129.30890240787875,16,26,0,10,14,2
2021,31,울산광역시 남구 신정동(공업탑로터리 인근),3114010400,35.53217586454545,129.30756578242423,49,65,0,7,55,3
2021,31,울산광역시 남구 무거동(신복로터리 인근),3114010100,35.550077177272726,129.26378412727274,46,75,0,9,61,5
2021,31,울산광역시 남구 달동(번영사거리 인근),3114010500,35.53769907181819,129.3289732972727,31,40,1,11,26,2
2021,31,울산광역시 동구 일산동(GS25일산해변 인근),3117010300,35.496592082424236,129.42911059606058,14,24,0,3,21,0
2021,31,울산광역시 동구 방어동(문현삼거리2 인근),3117010100,35.48796945848485,129.41563512727274,13,18,0,4,14,0
2021,31,울산광역시 동구 전하동(E편한APT사거리 인근),3117010400,35.51281542545455,129.42513497121215,13,19,0,2,17,0
2021,31,울산광역시 북구 효문동(울산경제진흥원앞교차 인근),3120012200,35.570566959696976,129.36091881606063,16,25,1,8,15,1
2021,31,울산광역시 북구 호계동(상안교사거리 인근),3120010200,35.6254464260606,129.35104078242426,16,26,0,4,19,3
2021,31,울산광역시 북구 명촌동(명촌교북측 인근),3120012000,35.549743238787876,129.35803531363632,15,25,0,4,19,2
2021,31,울산광역시 울주군 온산읍(덕신소공원앞교차로 인근),3171025000,35.43377970727273,129.31063431606063,13,20,0,3,15,2
2021,31,울산광역시 울주군 온산읍(덕신리5358 인근),3171025000,35.43071024303029,129.30825725666668,12,16,0,6,7,3
2021,31,울산광역시 울주군 범서읍(장검마을교차로 인근),3171025900,35.55765598757576,129.2548237860606,12,19,0,5,14,0
2021,36,세종특별자치시 세종특별자치시 중촌동(다정동산13 부근),3611011100,36.49853555515152,127.2402287660606,13,17,0,5,12,0
2021,36,세종특별자치시 세종특별자치시 소담동(소담교차로 부근),3611010200,36.48623849333334,127.3009923936364,8,12,0,4,8,0
2021,36,세종특별자치시 세종특별자치시 산울동(은하수교차로 부근),3611011500,36.52747458515152,127.24884477787879,7,8,0,1,7,0
2021,41,경기도 수원시 팔달구 매산로1가(수원역앞 인근),4111513400,37.266484834545444,127.00086765787877,69,118,0,4,101,13
2021,41,경기도 수원시 팔달구 인계동(나혜석거리 인근),4111514100,37.26371130393939,127.03252673909091,43,56,0,5,48,3
2021,41,경기도 수원시 팔달구 팔달로3가(팔달문로터리 인근),4111512200,37.277601053333335,127.01678353363637,34,62,0,8,51,3
2021,41,경기도 성남시 중원구 성남동(모란삼거리 인근),4113310100,37.43284233636364,127.12902478121214,67,91,0,15,74,2
2021,41,경기도 성남시 중원구 하대원동(모란시장사거리 인근),4113310100,37.42999661727273,127.12940656363635,66,87,0,9,73,5
2021,41,경기도 성남시 수정구 단대동(태평역사거리 인근),4113110300,37.43974811666667,127.12782893909092,34,49,1,6,41,1
2021,41,경기도 의정부시 의정부동(중앙교차로 인근),4115010100,37.74357021090909,127.04655521909095,37,58,0,4,51,3
2021,41,경기도 의정부시 의정부동(의정부역동부교차로 인근),4115010100,37.73856667848485,127.04780140787881,35,42,0,8,30,4
2021,41,경기도 의정부시 의정부동(의정부역1번출구 인근),4115010100,37.737181675151525,127.04286317606059,31,42,0,5,34,3
2021,41,경기도 안양시 동안구 호계동(호계동1167 인근),4117310400,37.378312334545456,126.9561518178788,34,55,0,11,43,1
2021,41,경기도 안양시 동안구 호계동(호계사거리 인근),4117310400,37.370294428484854,126.95794681303026,25,41,0,11,27,3
2021,41,경기도 안양시 동안구 관양동(관양동1542 인근),4117310200,37.40485835787878,126.9705900390909,23,33,0,8,25,0
2021,41,경기도 부천시 심곡동(전화국사거리 인근),4119010200,37.4867647421212,126.77689668787879,53,71,0,14,56,1
2021,41,경기도 부천시 상동(상동역사거리 인근),4119010900,37.5057129939394,126.75325609363638,45,59,0,9,49,1
2021,41,경기도 부천시 심곡동(북부역사거리 인근),4119010200,37.48585134181818,126.78312998242423,42,47,1,8,37,1
2021,41,경기도 광명시 광명동(광명사거리 인근),4121010100,37.479379523333336,126.8544272190909,34,38,0,8,25,5
2021,41,경기도 광명시 노온사동(능촌사거리 인근),4121010500,37.44186849060607,126.84689296848487,29,43,0,2,39,2
2021,41,경기도 광명시 하안동(하안사거리 인근),4121010300,37.46255805515151,126.87978381363637,26,33,0,5,28,0
2021,41,경기도 평택시 서정동(송탄출장소사거리 인근),4122010100,37.06669239545454,127.06321569363635,34,42,0,4,34,4
2021,41,경기도 평택시 서정동(지장초교사거리 인근),4122010100,37.06709474121213,127.05879165727275,27,35,0,9,20,6
2021,41,경기도 평택시 평택동(평택한국문화센터 인근),4122011300,36.99189352333333,127.08668500121213,27,41,0,5,33,3
2021,41,경기도 동두천시 지행동(동두천중앙고등학교 인근),4125010200,37.89160253575758,127.0570272290909,13,14,1,0,12,1
2021,41,경기도 동두천시 생연동(생연동7191 인근),4125010300,37.89895007909091,127.05648794606063,13,14,0,2,12,0
2021,41,경기도 동두천시 지행동(지행동4713 인근),4125010100,37.88860211181818,127.05680065121214,12,17,0,3,13,1
2021,41,경기도 안산시 상록구 성포동(한전사거리 인근),4127110200,37.31518019636364,126.84505279303032,46,89,0,10,75,4
2021,41,경기도 안산시 상록구 본오동(용신1교 인근),4127110300,37.29369133393938,126.85868328121212,36,52,0,12,35,5
2021,41,경기도 안산시 단원구 선부동(카페네스카페안산선부 인근),4127310900,37.33644686636364,126.81164574909089,36,45,0,8,34,3
2021,41,경기도 고양시 일산동구 마두동(뉴코아백화점사거리 인근),4128510500,37.65500936696969,126.77604749909091,48,83,0,13,66,4
2021,41,경기도 고양시 일산동구 백석동(백석역5번출구 인근),4128510600,37.64356089787879,126.78739124909093,35,47,0,7,39,1
2021,41,경기도 고양시 일산서구 법곳동(사포교 인근),4128710800,37.66325452151514,126.7254534378788,34,49,0,3,44,2
2021,41,경기도 과천시 주암동(민마루고개 인근),4129010600,37.45991361666667,127.03283462666671,14,17,0,0,17,0
2021,41,경기도 과천시 갈현동(갈현삼거리 인근),4129010300,37.41743667909091,126.98669687666667,7,12,0,5,6,1
2021,41,경기도 과천시 별양동(소방서삼거리 인근),4129010700,37.42781314787879,126.99135418787876,7,9,0,2,6,1
2021,41,경기도 구리시 토평동(구리TG 인근),4131010700,37.58939011636364,127.15650506363636,28,42,0,4,38,0
2021,41,경기도 구리시 수택동(돌다리사거리 인근),4131010300,37.60100089666666,127.14119265727271,22,30,1,7,22,0
2021,41,경기도 구리시 토평동(토평IC북측 인근),4131010700,37.58412299242425,127.15701971909091,19,32,0,3,28,1
2021,41,경기도 남양주시 화도읍(속성변화점 인근),4136025600,37.65726602545455,127.30271487121213,22,30,0,7,21,2
2021,41,경기도 남양주시 평내동(샤르망메디칼프라자앞 인근),4136010200,37.653855152424235,127.24375776363638,22,35,0,5,29,1
2021,41,경기도 남양주시 다산동(경기도시공사 인근),4136011200,37.61327840727273,127.17136465666664,18,28,0,3,25,0
2021,41,경기도 오산시 원동(롯데마트사거리 인근),4137010100,37.148819772121215,127.07361625121212,35,46,0,6,37,3
2021,41,경기도 오산시 원동(한성예식장삼거리 인근),4137010300,37.14173064787878,127.0734830960606,31,40,0,8,27,5
2021,41,경기도 오산시 갈곶동(남촌대교 인근),4137010100,37.14963761727273,127.06225418909094,24,40,0,5,33,2
2021,41,경기도 시흥시 신천동(신천동804 인근),4139010200,37.43914341575757,126.78565913606059,29,42,0,8,27,7
2021,41,경기도 시흥시 정왕동(이마트사거리 인근),4139013200,37.34628893393939,126.73574688121211,25,37,0,8,25,4
2021,41,경기도 시흥시 정왕동(함송생활체육관 인근),4139013200,37.36479742848484,126.72850740727272,21,31,0,11,19,1
2021,41,경기도 군포시 금정동(산본역동부사거리 인근),4141010500,37.359133677272716,126.9343583772727,37,63,1,6,40,16
2021,41,경기도 군포시 금정동(군포의왕교육지원청 인근),4141010400,37.361722616363636,126.9332267824242,21,31,0,4,20,7
2021,41,경기도 군포시 금정동(산본역서부사거리 인근),4141010400,37.357518272727276,126.93142234363636,18,25,0,5,18,2
2021,41,경기도 의왕시 청계동(의왕TG 인근),4143010400,37.34750392454545,126.98442488606061,20,26,0,3,22,1
2021,41,경기도 의왕시 오전동(오전동사거리 인근),4143010500,37.35250099575757,126.97138583242422,18,24,0,5,18,1
2021,41,경기도 의왕시 왕곡동(고천제3교 인근),4143010100,37.34463116969697,126.97484562121213,14,17,0,4,12,1
2021,41,경기도 하남시 덕풍동(신장사거리 인근),4145010600,37.53798298787879,127.20455079121213,26,28,0,8,17,3
2021,41,경기도 하남시 풍산동(망월동1118 인근),4145010900,37.56096515636364,127.19174622606064,23,36,0,7,22,7
2021,41,경기도 하남시 풍산동(망월동1078 인근),4145010900,37.56589228575758,127.1890321678788,20,24,0,3,19,2
2021,41,경기도 용인시 수지구 풍덕천동(풍덕천동789 인근),4146510100,37.323816129090915,127.09692261363635,38,45,0,6,31,8
2021,41,경기도 용인시 수지구 죽전동(죽전사거리 인근),4146510200,37.32614467787879,127.1090731890909,33,47,0,5,37,5
2021,41,경기도 용인시 기흥구 영덕동(수원신갈TG삼거리 인근),4146311100,37.27050312272728,127.0995438730303,31,49,0,2,44,3
2021,41,경기도 파주시 금촌동(금촌로터리 인근),4148010100,37.757759996363646,126.77362083242426,32,43,0,8,30,5
2021,41,경기도 파주시 야당동(야당동1040 인근),4148010800,37.71069513151515,126.76027136090913,23,32,0,3,27,2
2021,41,경기도 파주시 아동동(금촌역교차로 인근),4148010100,37.76506999606061,126.77388083303029,19,25,0,10,15,0
2021,41,경기도 이천시 창전동(분수대오거리 인근),4150010100,37.28084296242425,127.44698606363636,32,47,0,4,38,5
2021,41,경기도 이천시 안흥동(설봉삼거리 인근),4150010300,37.27427974909091,127.45089053606063,17,29,0,2,27,0
2021,41,경기도 이천시 사음동(사음동사거리 인근),4150011100,37.300227421818185,127.40785600363638,15,25,0,7,18,0
2021,41,경기도 안성시 도기동(안성대교 인근),4155012400,37.001584647272736,127.26766687606059,21,37,0,5,31,1
2021,41,경기도 안성시 당왕동(안성의료원앞교차로 인근),4155012500,37.01317524030303,127.25788696909088,17,31,1,4,25,1
2021,41,경기도 안성시 인지동(풍년농약앞교차로 인근),4155011300,37.004430277272725,127.26942351606061,16,22,1,8,13,0
2021,41,경기도 김포시 고촌읍(신곡사거리 인근),4157025300,37.60044147333333,126.77211607030304,37,58,1,7,48,2
2021,41,경기도 김포시 구래동(쥬씨구래동점 인근),4157010900,37.64426403272728,126.62571914848485,34,58,0,6,50,2
2021,41,경기도 김포시 장기동(장기역사거리 인근),4157010400,37.644010055757576,126.66901053909095,23,32,0,5,26,1
2021,41,경기도 화성시 병점동(IBK기업은행화성병점지 인근),4159011700,37.21367015030303,127.04112044666665,42,58,0,11,44,3
2021,41,경기도 화성시 석우동(하이마트 인근),4159012700,37.207087914545454,127.07494389606059,29,47,0,7,36,4
2021,41,경기도 화성시 송동(동탄지식산업센터 인근),4159013100,37.20930876454546,127.09881945545453,26,33,0,1,30,2
2021,41,경기도 광주시 역동(한스델리광주경안점 인근),4161010100,37.40989611636363,127.25824974909092,49,66,1,14,45,6
2021,41,경기도 광주시 오포읍(광주고용지원센터앞 인근),4161011200,37.40769615030302,127.26101034606059,41,56,0,1,53,2
2021,41,경기도 광주시 송정동(송정교북단교차로 인근),4161010300,37.41403585636363,127.26023333848482,29,38,0,4,32,2
2021,41,경기도 양주시 고읍동(장거리1교 인근),4163010900,37.80428054000001,127.08336184848483,22,34,0,3,30,1
2021,41,경기도 양주시 옥정동(스타벅스 인근),4163011400,37.8188764239394,127.0937879790909,16,21,0,5,15,1
2021,41,경기도 양주시 고암동(속성변화점 인근),4163011000,37.83703032575758,127.06895807242422,14,17,0,5,10,2
2021,41,경기도 포천시 소흘읍(송우시장앞교차로 인근),4165025000,37.82678439575757,127.1483574360606,17,17,0,5,11,1
2021,41,경기도 포천시 선단동(선단교 인근),4165010400,37.85498082515152,127.16723420848481,15,28,0,1,27,0
2021,41,경기도 포천시 소흘읍(부인터사거리 인근),4165025000,37.8054472730303,127.1314935630303,12,25,0,4,21,0
2021,41,경기도 여주시 홍문동(지적공사앞 인근),4167010200,37.2890990790909,127.63561329787879,14,27,0,2,24,1
2021,41,경기도 여주시 월송동(월송교차로 인근),4167010900,37.286779657878796,127.61963485121214,9,25,0,2,23,0
2021,41,경기도 여주시 창동(도장교사거리 인근),4167010300,37.29382458454546,127.6293976890909,7,19,1,2,11,5
2021,41,경기도 연천군 전곡읍(구석기사거리 인근),4180025300,38.02309045848486,127.06736942242424,8,10,0,4,6,0
2021,41,경기도 연천군 전곡읍(영도사거리 인근),4180025300,38.02628320030304,127.06630744969698,7,10,0,3,7,0
2021,41,경기도 연천군 전곡읍(온골사거리 인근),4180025300,38.02975120787878,127.06621395727272,7,10,0,0,9,1
2021,41,경기도 가평군 가평읍(훼미리마트 인근),4182025000,37.829474145151515,127.51396572363639,13,22,0,3,19,0
2021,41,경기도 가평군 가평읍(가평오거리 인근),4182025000,37.821537804545464,127.51396318787876,12,26,0,5,19,2
2021,41,경기도 가평군 조종면(현리41210 인근),4182034500,37.81820240272727,127.34970385606061,7,12,0,1,10,1
2021,41,경기도 양평군 양평읍(양근리사거리 인근),4183025000,37.49574167848485,127.48447178363635,13,17,0,2,12,3
2021,41,경기도 양평군 양서면(양수교동측 인근),4183033000,37.544068243939385,127.3201349078788,12,24,0,3,21,0
2021,41,경기도 양평군 양평읍(우리예식장앞삼거리 인근),4183025000,37.48985446787878,127.49382730242426,11,11,0,4,6,1
2021,42,강원도 춘천시 우두동(춘천사우동우체국 인근),4211011800,37.90020408606061,127.72860403242422,15,22,0,1,20,1
2021,42,강원도 춘천시 후평동(공단오거리 인근),4211012000,37.88579905363636,127.7462965330303,14,20,0,3,15,2
2021,42,강원도 춘천시 근화동(공지사거리 인근),4211011700,37.87383870787879,127.71336544848486,14,19,0,3,14,2
2021,42,강원도 원주시 단계동(강남포차 인근),4213011000,37.347122414545446,127.93257793363638,51,68,0,11,55,2
2021,42,강원도 원주시 무실동(한스델리원주무실점 인근),4213011500,37.33643736636363,127.92866753363637,37,61,0,17,42,2
2021,42,강원도 원주시 봉산동(백운건강원 인근),4213011300,37.34691433333333,127.95482015787876,30,50,1,3,42,4
2021,42,강원도 강릉시 교동(강릉역육거리 인근),4215011000,37.76293020030303,128.90055738727273,16,22,0,1,21,0
2021,42,강원도 강릉시 옥천동(금학동1021 인근),4215010600,37.755154785757576,128.89855279121215,15,25,0,1,24,0
2021,42,강원도 강릉시 교동(스타벅스강릉교동광장 인근),4215011000,37.764170273333335,128.8772022360606,10,16,0,0,16,0
2021,42,강원도 동해시 이도동(이원사거리 인근),4217011800,37.4805342409091,129.1128183460606,11,15,1,3,11,0
2021,42,강원도 동해시 발한동(묵호역사거리 인근),4217011100,37.54727817787879,129.10722193848488,11,16,0,4,12,0
2021,42,강원도 동해시 평릉동(평릉동1592 인근),4217010200,37.5291327830303,129.1049120512121,7,13,0,3,10,0
2021,42,강원도 태백시 황지동(황지119안전센터 인근),4219010100,37.159332115757586,128.9899082512121,11,16,0,2,14,0
2021,42,강원도 태백시 황지동(황지교사거리 인근),4219010100,37.1733530339394,128.99385601121207,6,6,1,0,4,1
2021,42,강원도 태백시 화전동(화전사거리 인근),4219010100,37.18087011666667,128.97847206363633,6,12,0,5,7,0
2021,42,강원도 속초시 조양동(청초교삼거리 인근),4221010800,38.19258580727273,128.57858251848484,17,27,0,10,16,1
2021,42,강원도 속초시 조양동(청초지구대 인근),4221010800,38.18959880515152,128.58645950121215,12,22,0,6,15,1
2021,42,강원도 속초시 교동(만천사거리 인근),4221010600,38.19735553636364,128.57618880121214,11,15,0,7,7,1
2021,42,강원도 삼척시 정상동(직행버스터미널입구 인근),4223012500,37.43943789757576,129.1685912212121,8,11,0,6,5,0
2021,42,강원도 삼척시 정상동(삼척교 인근),4223012100,37.43221142848486,129.18019962666662,8,18,0,4,14,0
2021,42,강원도 삼척시 남양동(남양동3511 인근),4223012000,37.44046666242423,129.16512287121213,7,7,0,0,7,0
2021,42,강원도 홍천군 홍천읍(갈마곡리산704 인근),4272025000,37.68759556272728,127.88962697848486,7,16,0,2,14,0
2021,42,강원도 홍천군 두촌면(철정삼거리 인근),4272032000,37.80684421030303,127.99150806363639,5,16,0,1,15,0
2021,42,강원도 홍천군 홍천읍(오안로입구 인근),4272025000,37.66574196151516,127.84217037727271,3,5,1,2,2,0
2021,42,강원도 횡성군 횡성읍(읍상리38522 인근),4273025000,37.491011825151524,127.98785069909093,12,17,0,1,16,0
2021,42,강원도 횡성군 횡성읍(읍상리454 인근),4273025000,37.48576042606061,127.99057401121213,8,10,0,3,7,0
2021,42,강원도 횡성군 우천면(새말IC앞 인근),4273031000,37.45147414727273,128.07272231363638,8,14,0,1,13,0
2021,42,강원도 영월군 영월읍(하송사거리 인근),4275025000,37.18118915272728,128.46583918121215,5,11,0,3,8,0
2021,42,강원도 영월군 영월읍(덕포삼거리 인근),4275025000,37.18028008454546,128.47543990727274,4,6,0,2,3,1
2021,42,강원도 영월군 영월읍(군청사거리 인근),4275025000,37.18090258454544,128.46255390727276,4,5,0,0,2,3
2021,42,강원도 평창군 진부면(진부교회 인근),4276036000,37.63870583515152,128.55994878242424,6,8,0,1,7,0
2021,42,강원도 평창군 진부면(오대교사거리 인근),4276036000,37.64432780515152,128.56783427969697,5,17,0,3,9,5
2021,42,강원도 평창군 평창읍(하리428 인근),4276025000,37.36720397333333,128.3955266212121,5,8,0,1,6,1
2021,42,강원도 정선군 사북읍(사북오거리 인근),4277025600,37.226297615757574,128.8149337512121,7,10,0,2,8,0
2021,42,강원도 정선군 신동읍(신동교차로 인근),4277025900,37.20927493030304,128.63772351727278,4,9,0,3,6,0
2021,42,강원도 정선군 고한읍(지장교 인근),4277025300,37.20945969393939,128.84250110848487,4,9,0,1,8,0
2021,42,강원도 철원군 동송읍(세종공인중개사 인근),4278025900,38.21059958272726,127.24562145363639,9,13,0,1,12,0
2021,42,강원도 철원군 서면(와수리11373 인근),4278031000,38.236886853939396,127.43683917606062,3,3,0,1,2,0
2021,42,강원도 철원군 철원읍(화지리4080 인근),4278025000,38.212328233939395,127.21525377727275,3,8,0,0,8,0
2021,42,강원도 화천군 화천읍(용신교 인근),4279025000,38.112959492424245,127.70134693848485,5,9,0,4,4,1
2021,42,강원도 양구군 양구읍(양구시외버스터미널앞 인근),4280025000,38.1074763590909,127.98937740363635,7,8,2,1,5,0
2021,42,강원도 양구군 양구읍(상리255 인근),4280025000,38.1049847839394,127.99090699363636,3,3,0,3,0,0
2021,42,강원도 양구군 양구읍(정림교서측 인근),4280025000,38.10132316666666,127.98360091606062,3,3,0,0,3,0
2021,42,강원도 인제군 북면(원통교차로 인근),4281032000,38.12185311181819,128.20810749909091,4,6,1,2,3,0
2021,42,강원도 인제군 상남면(인제IC 인근),4281025000,37.91731737151515,128.28731328363634,3,6,0,2,4,0
2021,42,강원도 고성군 토성면(봉포리산11 인근),4282033000,38.24378467666668,128.5693608512121,6,10,0,2,8,0
2021,42,강원도 고성군 토성면(천진교차로 인근),4282033000,38.25997943333334,128.55569811787882,5,7,0,1,4,2
2021,42,강원도 고성군 간성읍(간성교차로 인근),4282025000,38.37973037848484,128.47429792727272,3,6,0,3,1,2
2021,42,강원도 양양군 양양읍(남문리35 인근),4283025000,38.07635549515152,128.62414493363633,8,15,0,2,13,0
2021,42,강원도 양양군 손양면(송현사거리 인근),4283032000,38.07293419242423,128.63456517242426,5,7,0,0,7,0
2021,42,강원도 양양군 강현면(물치항입구 인근),4283035000,38.156879837272726,128.6094420660606,4,6,0,2,4,0
2021,43,충청북도 청주시 서원구 사창동(주성아파트9동 인근),4311210200,36.633977580303025,127.46052825606057,39,52,0,12,40,0
2021,43,충청북도 청주시 흥덕구 강서동(서현동로시점 인근),4311311700,36.62496033787879,127.42934248727273,32,47,0,6,39,2
2021,43,충청북도 청주시 상당구 수동(상당사거리 인근),4311110300,36.63726942212122,127.49073753363636,25,36,0,6,28,2
2021,43,충청북도 충주시 교현동(예성교차로 인근),4313010500,36.9730362739394,127.93443146909091,25,46,0,8,37,1
2021,43,충청북도 충주시 연수동(법원사거리 인근),4313010500,36.982343116969695,127.92831765848487,24,39,0,10,29,0
2021,43,충청북도 충주시 문화동(충주고용복지플러스센 인근),4313012700,36.9737285839394,127.92383515787878,19,29,0,8,20,1
2021,43,충청북도 제천시 중앙로1가(제천단양축산농협중부 인근),4315010400,37.13585630515152,128.21145115787883,15,17,0,6,9,2
2021,43,충청북도 제천시 영천동(역전교차로 인근),4315011000,37.130012084545456,128.20637721909088,11,20,2,3,15,0
2021,43,충청북도 제천시 강제동(명지초등학교입구교차 인근),4315012100,37.11923048212122,128.20226294848487,7,12,2,2,8,0
2021,43,충청북도 보은군 보은읍(교사리4401 인근),4372025000,36.48625171727272,127.72159069363636,6,9,0,1,8,0
2021,43,충청북도 보은군 보은읍(장속사거리 인근),4372025000,36.48562963606061,127.71182385787878,4,6,0,2,4,0
2021,43,충청북도 보은군 보은읍(보은교차로 인근),4372025000,36.49170706454546,127.73026880121213,4,6,0,2,4,0
2021,43,충청북도 옥천군 옥천읍(롯데리아옥천점 인근),4373025000,36.30120289939393,127.56899760787881,10,10,0,7,3,0
2021,43,충청북도 옥천군 옥천읍(옥천우체국 인근),4373025000,36.29862412787879,127.56672060303032,4,4,0,2,2,0
2021,43,충청북도 옥천군 옥천읍(향수공원사거리 인근),4373025000,36.306943163939394,127.5730576460606,3,4,0,1,3,0
2021,43,충청북도 영동군 영동읍(중앙사거리 인근),4374025000,36.17536755333333,127.77780250121214,5,5,0,4,1,0
2021,43,충청북도 영동군 심천면(약목사거리 인근),4374040000,36.20375630242425,127.71661012727272,3,5,0,1,4,0
2021,43,충청북도 영동군 영동읍(구교사거리 인근),4374025000,36.17810699060606,127.77816584606063,3,3,0,1,2,0
2021,43,충청북도 증평군 증평읍(군청사거리 인근),4374525000,36.78610283757576,127.58158913727276,17,23,0,5,17,1
2021,43,충청북도 증평군 증평읍(연탄교차로 인근),4374525000,36.78828486151515,127.56879409121211,9,23,0,4,19,0
2021,43,충청북도 증평군 증평읍(반탄교남측 인근),4374525000,36.78379517727274,127.57278278242423,6,9,0,0,9,0
2021,43,충청북도 진천군 진천읍(진천교 인근),4375025000,36.86167742090909,127.43947785363636,8,8,1,2,5,0
2021,43,충청북도 진천군 덕산읍(한천교 인근),4375025300,36.91190692727273,127.50550625121213,8,9,0,3,5,1
2021,43,충청북도 진천군 광혜원면(만승교차로 인근),4375037000,36.98902073909092,127.44391831363637,8,10,0,1,8,1
2021,43,충청북도 괴산군 괴산읍(시계탑사거리 인근),4376025000,36.80923067787878,127.79462309727272,10,13,0,0,11,2
2021,43,충청북도 괴산군 괴산읍(대덕사거리 인근),4376025000,36.809262833939385,127.81007029303031,5,11,0,3,7,1
2021,43,충청북도 괴산군 청천면(청천삼거리 인근),4376036000,36.658998175757574,127.73967198787881,4,13,0,0,13,0
2021,43,충청북도 음성군 맹동면(동성리494 인근),4377033000,36.90923412030303,127.54112255363637,14,18,0,5,13,0
2021,43,충청북도 음성군 금왕읍(무극리2517 인근),4377025300,36.99216774393939,127.5901337772727,11,14,0,3,10,1
2021,43,충청북도 음성군 금왕읍(무극리1525 인근),4377025300,36.994705041212114,127.5961298578788,9,13,0,8,5,0
2021,43,충청북도 단양군 단양읍(단양농협 인근),4380025000,36.982235710606055,128.36907578121213,8,11,0,5,6,0
2021,43,충청북도 단양군 매포읍(진흥부동산 인근),4380025300,37.029078865757576,128.30361028303034,6,10,0,3,7,0
2021,43,충청북도 단양군 단양읍(단양군보건소 인근),4380025000,36.9808978351515,128.35049784363633,4,7,0,1,6,0
2021,44,충청남도 천안시 서북구 두정동(커피농 인근),4413310400,36.8325066839394,127.13569164787879,45,50,0,7,38,5
2021,44,충청남도 천안시 서북구 성정동(충남부동산컨설팅 인근),4413310200,36.82665652727273,127.1374552436364,35,56,0,8,45,3
2021,44,충청남도 천안시 서북구 쌍용동(쌍용동516 인근),4413310700,36.79711853272727,127.12993821787879,34,43,0,5,38,0
2021,44,충청남도 공주시 반포면(박정자삼거리 인근),4415034000,36.37072656515151,127.26034012242428,13,35,0,6,28,1
2021,44,충청남도 공주시 신관동(신관동2372 인근),4415012000,36.47304016787881,127.13770833181819,13,16,0,4,9,3
2021,44,충청남도 공주시 신관동(강북교차로 인근),4415012000,36.46340858515152,127.14028015787878,11,19,0,3,16,0
2021,44,충청남도 보령시 대천동(명문당사거리 인근),4418010100,36.35025205242424,126.59687131363634,16,16,0,6,10,0
2021,44,충청남도 보령시 명천동(주공사거리 인근),4418010400,36.34589517242424,126.60178172424243,13,19,0,3,16,0
2021,44,충청남도 보령시 대천동(대천동61435 인근),4418010100,36.35190896909091,126.59179858606058,12,14,0,3,11,0
2021,44,충청남도 아산시 배방읍(모산사거리 인근),4420025300,36.77684996515153,127.05407342242427,24,35,0,8,27,0
2021,44,충청남도 아산시 남동(역전삼거리 인근),4420010100,36.78136202393939,127.00411181363638,22,30,0,7,23,0
2021,44,충청남도 아산시 배방읍(이마트앞교차로서측 인근),4420025300,36.79716494545453,127.10638925242421,18,25,0,7,18,0
2021,44,충청남도 서산시 예천동(예천동483 인근),4421010900,36.77226253181818,126.44045082242422,11,20,0,5,10,5
2021,44,충청남도 서산시 동문동(가나안빌딩 인근),4421010200,36.77811864333332,126.45756017787878,11,13,0,3,8,2
2021,44,충청남도 서산시 예천동(공림삼거리 인근),4421010900,36.771024833333335,126.43666902242427,10,18,0,3,11,4
2021,44,충청남도 논산시 내동(백제병원후문삼거리 인근),4423010900,36.19156574030304,127.09452431363634,7,9,0,2,7,0
2021,44,충청남도 논산시 취암동(논산오거리 인근),4423010500,36.20256391515153,127.08672188909094,7,7,0,2,5,0
2021,44,충청남도 논산시 반월동(반월동191 인근),4423010200,36.204741587878786,127.08475044909095,6,7,0,4,3,0
2021,44,충청남도 계룡시 엄사면(엄사리1613 인근),4425031500,36.28877895787878,127.24486671909088,3,5,0,0,5,0
2021,44,충청남도 당진시 우두동(당진중앙도서관앞 인근),4427010100,36.900371805151515,126.6326398760606,23,34,1,3,30,0
2021,44,충청남도 당진시 읍내동(읍내동45120 인근),4427010100,36.8983261621212,126.62810639363634,14,23,0,3,20,0
2021,44,충청남도 당진시 송악읍(한진교차로 인근),4427025300,36.95806267575758,126.77212190727272,10,13,0,3,10,0
2021,44,충청남도 금산군 금산읍(금천대교남측 인근),4471025000,36.10171699575757,127.4996659518182,5,5,1,0,4,0
2021,44,충청남도 금산군 금산읍(읍사무소사거리 인근),4471025000,36.10716627181819,127.48974837606059,4,5,0,0,5,0
2021,44,충청남도 금산군 금산읍(상옥리4671 인근),4471025000,36.101995489696975,127.48822243787879,3,4,0,0,4,0
2021,44,충청남도 부여군 부여읍(궁남사거리 인근),4476025000,36.276158942121214,126.9127452072727,5,5,0,2,3,0
2021,44,충청남도 부여군 은산면(은산사거리 인근),4476032000,36.308746054545445,126.85312174909092,4,8,0,2,6,0
2021,44,충청남도 부여군 규암면(쿠키어린이집 인근),4476031000,36.27387624,126.88118181363637,4,4,0,2,2,0
2021,44,충청남도 서천군 서천읍(군사리85710 인근),4477025300,36.07538930909091,126.68744115121213,7,8,0,4,4,0
2021,44,충청남도 서천군 장항읍(삼거리슈퍼 인근),4477025000,36.007217677878785,126.70787865787878,7,11,0,2,9,0
2021,44,충청남도 서천군 서천읍(사곡리3393 인근),4477025300,36.08373964696971,126.6826978390909,5,17,0,4,13,0
2021,44,충청남도 청양군 정산면(서정리사거리 인근),4479033000,36.41051533606061,126.95080035727273,4,6,0,0,5,1
2021,44,충청남도 청양군 비봉면(신원교차로 인근),4479039000,36.483713988484844,126.7915380936364,3,9,0,4,5,0
2021,44,충청남도 청양군 청남면(지곡리5568 인근),4479035000,36.37575517878789,126.93544756363636,3,5,0,0,4,1
2021,44,충청남도 홍성군 홍성읍(덕산통사거리 인근),4480025000,36.60484910787878,126.66232250787878,10,21,0,1,19,1
2021,44,충청남도 홍성군 홍성읍(옥암리1039 인근),4480025000,36.594481556666665,126.65424099909092,9,12,0,5,7,0
2021,44,충청남도 홍성군 홍성읍(오관사거리 인근),4480025000,36.59969250575758,126.66570100787882,5,7,0,2,5,0
2021,44,충청남도 예산군 오가면(면허시험장사거리 인근),4481040000,36.6752873351515,126.78634188909089,7,11,1,2,8,0
2021,44,충청남도 예산군 덕산면(읍내교차로 인근),4481036000,36.704492370303015,126.6728482290909,5,6,2,0,4,0
2021,44,충청남도 예산군 예산읍(검문소삼거리 인근),4481025000,36.7389684090909,126.85869689242428,5,8,0,0,8,0
2021,44,충청남도 태안군 태안읍(동문리842 인근),4482525000,36.75347390333334,126.29809395848486,10,12,0,5,6,1
2021,44,충청남도 태안군 태안읍(성심사거리 인근),4482525000,36.75108022515151,126.30295471121214,7,11,0,4,7,0
2021,44,충청남도 태안군 태안읍(겨자씨교회 인근),4482525000,36.754509114848474,126.29488834363639,6,6,0,1,5,0
2021,45,전라북도 전주시 완산구 효자동3가(효자동3가1569 인근),4511114200,35.81628936909091,127.10968202363634,21,33,0,5,28,0
2021,45,전라북도 전주시 완산구 서신동(통일광장 인근),4511112900,35.83377598787878,127.12300659363636,20,32,0,6,26,0
2021,45,전라북도 전주시 완산구 효자동1가(효자광장교차로 인근),4511114000,35.80593289606061,127.12330278242429,20,31,0,3,28,0
2021,45,전라북도 군산시 중동(팔마고가교 인근),4513012800,35.97936092787878,126.72029421909089,28,33,1,3,25,4
2021,45,전라북도 군산시 나운동(나운사거리 인근),4513014400,35.96270627090909,126.69310750121211,20,38,0,0,37,1
2021,45,전라북도 군산시 수송동(남북로사거리 인근),4513014100,35.959466457272725,126.7156862190909,19,27,2,5,18,2
2021,45,전라북도 익산시 영등동(오피스존 인근),4514012200,35.95849774454546,126.97681033606061,21,27,0,4,23,0
2021,45,전라북도 익산시 영등동(우남샘물타운사거리 인근),4514012200,35.95838049030303,126.9716764890909,20,33,1,4,28,0
2021,45,전라북도 익산시 어양동(하나로사거리 인근),4514012300,35.9593349251515,126.98161135727271,16,23,0,2,21,0
2021,45,전라북도 정읍시 연지동(잔다리목사거리 인근),4518010500,35.57675431393939,126.84694023242423,9,14,0,2,12,0
2021,45,전라북도 정읍시 상동(상동3691 인근),4518010300,35.5634924139394,126.86623198090908,9,15,0,1,14,0
2021,45,전라북도 정읍시 시기동(정다운요양병원장례식 인근),4518010400,35.56401642727273,126.86026909363638,7,9,0,3,6,0
2021,45,전라북도 남원시 왕정동(서문사거리 인근),4519010800,35.40936625242424,127.37656470303028,7,10,0,5,5,0
2021,45,전라북도 남원시 천거동(추어탕삼거리 인근),4519010500,35.40074357787879,127.3771781918182,7,9,0,4,5,0
2021,45,전라북도 남원시 왕정동(왕정교동측 인근),4519010800,35.40682940787879,127.37053837303031,5,7,0,2,5,0
2021,45,전라북도 김제시 요촌동(전통시장사거리 인근),4521010100,35.800298293333334,126.8847895378788,9,15,0,4,11,0
2021,45,전라북도 김제시 서암동(터미널사거리 인근),4521010100,35.80252633393939,126.89250131363637,7,7,0,4,3,0
2021,45,전라북도 김제시 순동(순동사거리 인근),4521010500,35.81711208393939,126.93163500121213,7,10,0,2,7,1
2021,45,전라북도 완주군 이서면(이서초등학교병설유치 인근),4571033000,35.82067724272728,127.02530976363637,5,8,1,6,1,0
2021,45,전라북도 완주군 삼례읍(삼례사거리 인근),4571025000,35.910533084545456,127.0726385336364,5,6,0,4,2,0
2021,45,전라북도 완주군 삼례읍(삼례교차로 인근),4571025000,35.902820738787874,127.07665584424238,3,5,0,2,3,0
2021,45,전라북도 진안군 진안읍(군상리4324 인근),4572025000,35.79142723121212,127.4271634560606,5,6,0,3,3,0
2021,45,전라북도 진안군 진안읍(대성동마을 인근),4572025000,35.7762652709091,127.39568996848486,3,7,0,0,7,0
2021,45,전라북도 무주군 무주읍(무주1교차로 인근),4573025000,36.00519964393939,127.67559812727276,3,6,0,3,3,0
2021,45,전라북도 무주군 무주읍(오산삼거리 인근),4573025000,36.01069455333334,127.67563828242425,3,5,0,3,2,0
2021,45,전라북도 임실군 관촌면(예원대사거리 인근),4575038000,35.64973284060606,127.28357384606065,6,9,0,2,7,0
2021,45,전라북도 임실군 오수면(임실축산농협오수지점 인근),4575035500,35.53809005272728,127.3279694709091,3,3,1,2,0,0
2021,45,전라북도 임실군 임실읍(성가리641 인근),4575025000,35.61202038272727,127.27697018242425,3,4,0,0,4,0
2021,45,전라북도 순창군 순창읍(순화리11143 인근),4577025000,35.37806136030302,127.14122237909093,4,5,0,0,4,1
2021,45,전라북도 순창군 순창읍(남계리96886 인근),4577025000,35.37872673515151,127.14546031242422,3,5,0,1,3,1
2021,45,전라북도 순창군 순창읍(남계리6463 인근),4577025000,35.371996562727276,127.14085937242426,3,4,0,0,2,2
2021,45,전라북도 고창군 고창읍(읍내리72512 인근),4579025000,35.437565549393945,126.69259980363636,4,5,0,1,4,0
2021,45,전라북도 고창군 고수면(남고창교차로 인근),4579031000,35.40420425333333,126.67525829121212,3,4,0,0,4,0
2021,45,전라북도 부안군 부안읍(터미널사거리 인근),4580025000,35.72612331212121,126.73625581787881,9,10,0,3,7,0
2021,45,전라북도 부안군 부안읍(백산사거리 인근),4580025000,35.727170078484846,126.73969156363637,6,10,0,2,8,0
2021,45,전라북도 부안군 부안읍(서외리573 인근),4580025000,35.726605792424245,126.73079176363635,6,6,0,1,5,0
2021,46,전라남도 목포시 용해동(용해동766 인근),4611015900,34.81233250060606,126.39950654181818,36,61,0,0,60,1
2021,46,전라남도 목포시 상동(늘사랑교회 인근),4611015800,34.81001171909091,126.42226472787881,33,52,1,1,50,0
2021,46,전라남도 목포시 상동(한사랑축산물유통센터 인근),4611015800,34.80558738060606,126.4241735666667,29,49,0,5,43,1
2021,46,전라남도 여수시 학동(시청앞로터리 인근),4613012800,34.76141426969697,127.66295825121213,51,81,0,3,78,0
2021,46,전라남도 여수시 학동(광주지방법원순천지원 인근),4613012800,34.759077871212114,127.66565445242422,28,36,0,6,30,0
2021,46,전라남도 여수시 문수동(제13호광장 인근),4613011900,34.74858461393939,127.69953125121212,25,32,0,4,26,2
2021,46,전라남도 순천시 조례동(조은프라자 인근),4615013300,34.95376114515151,127.52016672121215,37,55,0,3,49,3
2021,46,전라남도 순천시 조례동(빛된교회 인근),4615013300,34.95589189575759,127.5181764390909,21,26,1,1,23,1
2021,46,전라남도 순천시 조례동(예찬교회 인근),4615013300,34.95803598727272,127.52127765727272,18,31,0,6,25,0
2021,46,전라남도 순천시 덕암동(역앞전로터리 인근),4615011100,34.945588301515144,127.50170381363635,17,26,0,3,22,1
2021,46,전라남도 나주시 빛가람동(전력로사거리 인근),4617013400,35.021171255151515,126.78497326242427,9,12,0,0,10,2
2021,46,전라남도 나주시 빛가람동(빛가람동117 인근),4617013400,35.02385410787878,126.78678960242426,7,7,0,1,6,0
2021,46,전라남도 나주시 남외동(금성지구대교차로 인근),4617011200,35.02865947272728,126.71773513909088,7,11,0,0,11,0
2021,46,전라남도 광양시 중동(아름다운교회 인근),4623010600,34.93589230212121,127.69627537727273,18,20,0,4,14,2
2021,46,전라남도 광양시 광양읍(캐냐에스프레소 인근),4623025000,34.979472770303026,127.58275168848485,10,12,1,6,5,0
2021,46,전라남도 광양시 중동(대한예수교회광양영주 인근),4623010600,34.94395630151514,127.6886843124242,10,13,1,2,10,0
2021,46,전라남도 담양군 담양읍(담양군민회관 인근),4671025000,35.31562188515152,126.98556549727272,16,19,1,1,17,0
2021,46,전라남도 담양군 담양읍(담양읍행정복지센터 인근),4671025000,35.3197697960606,126.98120627303031,12,19,0,0,18,1
2021,46,전라남도 담양군 담양읍(양각사거리 인근),4671025000,35.318493698484836,126.97228521606063,8,19,0,0,18,1
2021,46,전라남도 곡성군 옥과면(무창교차로 인근),4672037000,35.2826512851515,127.14564285909088,4,9,2,1,5,1
2021,46,전라남도 곡성군 석곡면(곡성축산농협석곡지점 인근),4672033000,35.13131508272727,127.253574750303,4,4,0,3,1,0
2021,46,전라남도 곡성군 옥과면(옥과리519 인근),4672037000,35.275793677878795,127.13468783787879,4,6,0,1,5,0
2021,46,전라남도 구례군 구례읍(구례축협본점 인근),4673025000,35.20634355727273,127.46457353303029,6,9,0,0,9,0
2021,46,전라남도 구례군 마산면(소담이앤씨 인근),4673034000,35.208097627272736,127.48605321121211,4,8,0,2,5,1
2021,46,전라남도 구례군 마산면(서시교 인근),4673034000,35.210678967878785,127.47405885727277,3,4,0,1,3,0
2021,46,전라남도 고흥군 도양읍(장미아파트사거리 인근),4677025300,34.52830623515151,127.1406087078788,9,15,1,4,10,0
2021,46,전라남도 고흥군 도양읍(버스터미널삼거리 인근),4677025300,34.53232079393939,127.1401898272727,5,6,0,1,4,1
2021,46,전라남도 고흥군 도양읍(녹동구항 인근),4677025300,34.52729333363635,127.1347900012121,5,8,0,0,6,2
2021,46,전라남도 보성군 벌교읍(역전삼거리 인근),4678025300,34.84262136454545,127.34500893848488,8,10,0,1,9,0
2021,46,전라남도 보성군 벌교읍(호동리34 인근),4678025300,34.83794872515151,127.4113489960606,4,7,0,3,4,0
2021,46,전라남도 보성군 벌교읍(고읍리13624 인근),4678025300,34.86392425787879,127.32376226363635,3,6,0,2,4,0
2021,46,전라남도 화순군 화순읍(대리2교차로 인근),4679025000,35.05312681030304,126.97237550666667,10,17,0,3,14,0
2021,46,전라남도 화순군 화순읍(앵남교차로 인근),4679025000,35.053728354545456,126.91085465363636,5,8,0,2,6,0
2021,46,전라남도 화순군 화순읍(중앙병원교차로 인근),4679025000,35.05810731393941,126.9816742960606,5,5,0,1,3,1
2021,46,전라남도 장흥군 장흥읍(군민회관오거리 인근),4680025000,34.67645509272727,126.90963376666669,10,12,0,5,7,0
2021,46,전라남도 장흥군 장흥읍(장흥대교동측 인근),4680025000,34.67305334151515,126.90491753242424,5,6,0,2,4,0
2021,46,전라남도 장흥군 장흥읍(장흥교오거리 인근),4680025000,34.67966218454546,126.90530815181818,5,6,0,2,4,0
2021,46,전라남도 강진군 성전면(신풍삼거리 인근),4681036000,34.71960770787879,126.70936421848485,9,21,0,0,20,1
2021,46,전라남도 강진군 성전면(영풍교 인근),4681036000,34.701314519393954,126.70835287727272,8,15,0,0,15,0
2021,46,전라남도 강진군 군동면(종합운동장앞교차로 인근),4681031000,34.64239801727272,126.78187703969698,7,12,1,3,6,2
2021,46,전라남도 해남군 해남읍(읍내리712 인근),4682025000,34.57021838333333,126.59813559121214,7,7,0,2,5,0
2021,46,전라남도 해남군 해남읍(해남교차로 인근),4682025000,34.56010366848485,126.58724724787879,7,11,0,0,11,0
2021,46,전라남도 해남군 해남읍(현대자동차해남지점 인근),4682025000,34.5709502590909,126.60717851727273,5,5,0,2,3,0
2021,46,전라남도 영암군 삼호읍(용앙리1901 인근),4683025300,34.7455246390909,126.47406824363638,7,12,0,1,11,0
2021,46,전라남도 영암군 신북면(신북면소재지 인근),4683033000,34.88791351969697,126.68963793727272,5,16,1,2,13,0
2021,46,전라남도 영암군 삼호읍(매자사거리 인근),4683025300,34.73571238575757,126.5106927678788,5,8,1,0,6,1
2021,46,전라남도 무안군 삼향읍(전라남도청교차로 인근),4684025600,34.814394409696966,126.46023282121212,10,16,0,3,13,0
2021,46,전라남도 무안군 삼향읍(전남도립도서관사거리 인근),4684025600,34.805392696666665,126.46029675363634,10,13,0,1,12,0
2021,46,전라남도 무안군 삼향읍(남악리21061 인근),4684025600,34.81098798393939,126.46029291666665,9,12,0,3,9,0
2021,46,전라남도 함평군 함평읍(검정오거리 인근),4686025000,35.05959613060605,126.52606257727271,4,8,0,0,7,1
2021,46,전라남도 영광군 영광읍(터미널사거리 인근),4687025000,35.27605265696969,126.50105596363635,6,7,0,2,4,1
2021,46,전라남도 영광군 영광읍(영광공업고등학교앞 인근),4687025000,35.27830141,126.50300310242423,5,8,0,0,8,0
2021,46,전라남도 영광군 법성면(법성터미널앞교차로 인근),4687037000,35.355817024848484,126.45194365606062,4,5,0,3,1,1
2021,46,전라남도 장성군 장성읍(월산교차로 인근),4688025000,35.30864291727273,126.79034121424246,5,13,0,5,8,0
2021,46,전라남도 장성군 황룡면(장산사거리 인근),4688036000,35.29425485393939,126.76353540242428,5,11,0,1,10,0
2021,46,전라남도 장성군 황룡면(황룡사거리 인근),4688036000,35.292375378484856,126.77285789242421,5,7,0,1,6,0
2021,46,전라남도 완도군 완도읍(강진완도축산농협완도 인근),4689025000,34.313685146666664,126.75672050121213,10,15,0,1,14,0
2021,46,전라남도 완도군 완도읍(군내사거리 인근),4689025000,34.31972802090909,126.7461285324242,10,21,0,0,19,2
2021,46,전라남도 완도군 완도읍(현대자동차완도지점 인근),4689025000,34.31716136333333,126.74846525121211,6,7,0,1,6,0
2021,46,전라남도 진도군 진도읍(진도종합버스터미널 인근),4690025000,34.47914645787879,126.26381689666667,9,15,0,3,10,2
2021,46,전라남도 진도군 진도읍(동외교차로 인근),4690025000,34.482627823939396,126.27480145242427,3,4,0,0,4,0
2021,46,전라남도 진도군 진도읍(남동리7731 인근),4690025000,34.48164036272726,126.2596415090909,3,4,0,0,4,0
2021,46,전라남도 신안군 압해읍(압해읍삼거리 인근),4691025300,34.865214395757576,126.31204778121214,6,7,1,1,5,0
2021,46,전라남도 신안군 지도읍(읍내리4972 인근),4691025000,35.0582766290909,126.20668245242426,6,11,0,1,8,2
2021,47,경상북도 포항시 남구 해도동(속성변화점 인근),4711110300,36.01208123939394,129.37136731484847,33,48,0,10,36,2
2021,47,경상북도 포항시 남구 대잠동(대잠교차로 인근),4711111600,36.01210155333332,129.3428866878788,25,45,0,1,44,0
2021,47,경상북도 포항시 남구 상도동(한전앞교차로 인근),4711110100,36.01013145787879,129.34805906363636,24,30,0,7,22,1
2021,47,경상북도 경주시 서악동(터미널네거리 인근),4713010700,35.83830998787878,129.20265684666668,15,23,0,2,20,1
2021,47,경상북도 경주시 황오동(경주우체국 인근),4713010400,35.84445299090909,129.2153808460606,15,20,0,2,18,0
2021,47,경상북도 경주시 황성동(계림중네거리 인근),4713012400,35.86345898969697,129.2129558460606,14,21,0,7,12,2
2021,47,경상북도 김천시 신음동(청와삼대신음점 인근),4715010800,36.13435389575757,128.11760453242425,20,24,0,9,14,1
2021,47,경상북도 김천시 신음동(평화동4641 인근),4715010800,36.12866545848485,128.1182289378788,19,25,0,4,21,0
2021,47,경상북도 김천시 덕곡동(무실삼거리 인근),4715011600,36.115272540909096,128.15563226363636,10,14,0,6,7,1
2021,47,경상북도 안동시 옥동(옥동사거리 인근),4717013300,36.56336658393939,128.70273800121208,26,42,0,2,37,3
2021,47,경상북도 안동시 목성동(화성동10 인근),4717011600,36.56574209909091,128.72693457606061,15,21,0,5,16,0
2021,47,경상북도 안동시 당북동(영호대교북단교차로 인근),4717012100,36.55828997909091,128.7208789960606,14,21,2,2,17,0
2021,47,경상북도 구미시 송정동(형곡사거리 인근),4719010900,36.11634512515151,128.3392322524243,23,29,0,5,22,2
2021,47,경상북도 구미시 임은동(임은삼거리 인근),4719011700,36.08664586515152,128.36124561787878,18,29,0,8,21,0
2021,47,경상북도 구미시 진평동(인의동5825 인근),4719012200,36.10318990333334,128.4237259890909,15,20,2,4,14,0
2021,47,경상북도 영주시 가흥동(원광어린이집 인근),4721010100,36.81890492787878,128.62064531363637,14,20,1,3,16,0
2021,47,경상북도 영주시 하망동(구성오거리 인근),4721010100,36.82220137575757,128.62435583666664,12,15,0,3,11,1
2021,47,경상북도 영주시 가흥동(꽃동산회전교차로 인근),4721010500,36.81413970969696,128.6188603772727,10,11,0,4,7,0
2021,47,경상북도 영천시 금호읍(교대사거리 인근),4723025000,35.934700834545446,128.87017506363637,10,20,0,5,14,1
2021,47,경상북도 영천시 금호읍(새마을금고앞교차로 인근),4723025000,35.9313593678788,128.8728417572727,10,11,0,0,10,1
2021,47,경상북도 영천시 완산동(속성변화점 인근),4723011300,35.96073671696969,128.93287630909091,9,15,0,3,12,0
2021,47,경상북도 상주시 남성동(동산동물병원 인근),4725010600,36.41589397454544,128.16282241121212,9,9,0,2,7,0
2021,47,경상북도 상주시 서문동(중앙사거리 인근),4725010700,36.41566699303031,128.15936593848483,8,8,0,2,6,0
2021,47,경상북도 상주시 냉림동(냉림동2992 인근),4725010500,36.42001047181818,128.16269368727276,7,7,0,3,4,0
2021,47,경상북도 문경시 점촌동(중앙시장사거리 인근),4728010100,36.59487786272727,128.1990814912121,12,15,0,4,10,1
2021,47,경상북도 문경시 모전동(모전오거리 인근),4728011000,36.585874542727275,128.1920633860606,10,13,0,5,8,0
2021,47,경상북도 문경시 흥덕동(신흥시장사거리 인근),4728010300,36.602073624242415,128.20370258848482,8,11,0,1,9,1
2021,47,경상북도 경산시 조영동(조영동594 인근),4729011800,35.837797058484846,128.7538872109091,18,19,1,2,16,0
2021,47,경상북도 경산시 정평동(정평역대구2호선 인근),4729011100,35.83422220666667,128.7275617230303,13,17,0,5,12,0
2021,47,경상북도 경산시 중방동(임당네거리 인근),4729011700,35.83415155454546,128.74032601787877,13,19,0,0,19,0
2021,47,경상북도 군위군 군위읍(서부리5555 인근),4772025000,36.23742656969697,128.5672335160606,5,6,0,2,4,0
2021,47,경상북도 군위군 군위읍(서부사거리 인근),4772025000,36.241023084545446,128.56842662727271,3,3,0,1,2,0
2021,47,경상북도 의성군 의성읍(중리리939 인근),4773025000,36.349760040909096,128.6995394278788,6,12,0,2,10,0
2021,47,경상북도 의성군 의성읍(철파사거리 인근),4773025000,36.359594429090905,128.68554412666666,4,10,0,6,4,0
2021,47,경상북도 의성군 안계면(안계면안계길112 인근),4773043000,36.38281855787878,128.44039462545453,4,7,0,5,2,0
2021,47,경상북도 청송군 청송읍(청송교차로 인근),4775025000,36.43397379696971,129.04982006121213,3,3,0,1,2,0
2021,47,경상북도 영양군 영양읍(농협사거리 인근),4776025000,36.66502419848485,129.1140432518182,7,8,0,1,6,1
2021,47,경상북도 영양군 입암면(청암교동측 인근),4776031000,36.59731435848484,129.08596789242424,4,6,0,1,5,0
2021,47,경상북도 영덕군 강구면(강구교 인근),4777031000,36.35752424090909,129.38040587727272,16,24,0,3,19,2
2021,47,경상북도 영덕군 영해면(영해농협본점 인근),4777036000,36.539027243333344,129.40661506363637,7,9,0,3,6,0
2021,47,경상북도 영덕군 강구면(강구리350 인근),4777031000,36.35919771030302,129.38321875242423,6,9,0,2,7,0
2021,47,경상북도 청도군 청도읍(모강교차로 인근),4782025300,35.65037740818181,128.7506782460606,5,13,0,4,9,0
2021,47,경상북도 청도군 금천면(동곡네거리 인근),4782036000,35.694549069090904,128.88821198848484,4,8,0,2,6,0
2021,47,경상북도 청도군 청도읍(청도감고을 인근),4782025300,35.64233577151515,128.74466818787874,4,4,0,2,2,0
2021,47,경상북도 고령군 대가야읍(고령광장앞교차로 인근),4783025300,35.72935208393939,128.2714145330303,8,13,0,1,12,0
2021,47,경상북도 고령군 성산면(고령성산교회 인근),4783033000,35.75175511454547,128.3750517190909,4,7,0,2,5,0
2021,47,경상북도 고령군 다산면(무계리611 인근),4783034000,35.78683218848485,128.39842381363636,4,5,0,1,3,1
2021,47,경상북도 성주군 성주읍(경산네거리 인근),4784025000,35.9185128039394,128.28562822121208,9,15,0,3,11,1
2021,47,경상북도 성주군 성주읍(경산2교북측 인근),4784025000,35.91345480575758,128.28470879363636,8,10,0,1,9,0
2021,47,경상북도 성주군 성주읍(대구은행성주지점 인근),4784025000,35.91787480151516,128.2920467190909,7,10,0,1,8,1
2021,47,경상북도 칠곡군 왜관읍(왜관지하도서측 인근),4785025000,35.99624512575758,128.3991095560606,13,20,1,5,12,2
2021,47,경상북도 칠곡군 석적읍(레인보우어린이집 인근),4785025600,36.080361803333346,128.41065040727273,12,17,0,2,13,2
2021,47,경상북도 칠곡군 동명면(가좌삼거리 인근),4785032000,36.00129138818181,128.6019164109091,12,18,0,1,17,0
2021,47,경상북도 예천군 예천읍(남산교차로 인근),4790025000,36.65069505242425,128.4568454378788,6,7,0,6,1,0
2021,47,경상북도 예천군 예천읍(동본교서측 인근),4790025000,36.65760171666666,128.46140884727276,4,5,0,2,3,0
2021,47,경상북도 예천군 예천읍(통명교차로 인근),4790025000,36.65844455363635,128.47434266121215,3,6,0,3,3,0
2021,48,경남 창원시 진해구 석동(3호광장교차로 부근),4812914000,35.15930335848485,128.69671238606063,26,174,1,3,164,6
2021,48,경남 창원시 마산회원구 석전동(마산역삼거리 부근),4812710400,35.23434099303031,128.57958525363634,18,31,3,6,22,0
2021,48,경남 창원시 진해구 석동(냉천사거리 부근),4812914000,35.15284557333334,128.7059611212121,16,66,2,5,59,0
2021,48,경상남도 진주시 상봉동(봉곡광장교차로 인근),4817011300,35.19565392636365,128.0766947518182,10,15,0,8,7,0
2021,48,경상남도 진주시 가좌동(관동교 인근),4817013100,35.15590798636363,128.1073818060606,9,11,0,4,6,1
2021,48,경상남도 진주시 평거동(10호광장교차로 인근),4817012600,35.17316896727272,128.0601444536364,9,9,0,3,6,0
2021,48,경상남도 통영시 무전동(무전동1010 인근),4822011100,34.85752494909091,128.42853667363636,17,24,1,4,18,1
2021,48,경상남도 통영시 미수동(토토어린이집 인근),4822011500,34.827401832727276,128.40484831545453,15,21,0,10,9,2
2021,48,경상남도 통영시 태평동(중앙파출소 인근),4822010600,34.84619901969697,128.42395550121216,14,15,0,6,7,2
2021,48,경상남도 사천시 사천읍(투썸플레이스경남사천 인근),4824025000,35.084286489696964,128.08589568848484,16,26,0,4,21,1
2021,48,경상남도 사천시 사천읍(수석5리사거리 인근),4824025000,35.080246433333336,128.08311762121212,13,16,0,2,13,1
2021,48,경상남도 사천시 벌리동(버스터미널사거리 인근),4824010800,34.93870080060606,128.07973040787877,12,14,0,3,11,0
2021,48,경상남도 김해시 외동(부산은행앞교차로 인근),4825010900,35.23222114969697,128.8652988712121,24,34,1,10,23,0
2021,48,경상남도 김해시 전하동(전하교 인근),4825011500,35.22522143030304,128.87472474242423,21,30,0,6,22,2
2021,48,경상남도 김해시 삼방동(인제삼거리 인근),4825011800,35.24536618515152,128.90395322727275,19,22,0,6,16,0
2021,48,경상남도 밀양시 내이동(신촌오거리 인근),4827010200,35.50128808515151,128.7416214390909,12,15,0,2,13,0
2021,48,경상남도 밀양시 삼문동(삼문동1763 인근),4827010400,35.48609969333334,128.75651356606062,10,10,0,5,5,0
2021,48,경상남도 밀양시 상남면(예림사거리 인근),4827036000,35.4697300839394,128.76271806363638,10,17,0,2,14,1
2021,48,경상남도 거제시 고현동(7번교차로 인근),4831010900,34.89184695727272,128.62436634727274,25,31,1,10,20,0
2021,48,경상남도 거제시 고현동(신현교 인근),4831010900,34.88816792,128.6267003484849,20,27,0,4,23,0
2021,48,경상남도 거제시 장평동(지하차도 인근),4831010800,34.889687766363636,128.60911979121212,17,22,1,3,17,1
2021,48,경상남도 양산시 중부동(중부동69815 인근),4833010300,35.33543856333334,129.02780592787877,21,27,0,6,15,6
2021,48,경상남도 양산시 물금읍(범어리269111 인근),4833025300,35.33013901666667,129.00744524909095,19,22,0,4,16,2
2021,48,경상남도 양산시 북정동(삼성중학교입구 인근),4833010700,35.358921664545456,129.04584749727272,18,23,0,2,17,4
2021,48,경상남도 의령군 의령읍(서동리997 인근),4872025000,35.31917574333333,128.25437637121212,7,12,0,3,9,0
2021,48,경상남도 의령군 의령읍(의병사거리 인근),4872025000,35.316975604545455,128.26223194363638,7,14,0,1,10,3
2021,48,경상남도 의령군 의령읍(순리염업 인근),4872025000,35.31760914545455,128.2675649690909,3,5,0,0,5,0
2021,48,경상남도 함안군 가야읍(말산리4222 인근),4873025000,35.275502834545456,128.40591343121213,12,15,1,6,8,0
2021,48,경상남도 함안군 가야읍(말산리726 인근),4873025000,35.277835372424235,128.40820509363635,8,12,0,3,9,0
2021,48,경상남도 함안군 가야읍(정자삼거리 인근),4873025000,35.27640477787878,128.40156871909087,6,11,0,5,6,0
2021,48,경상남도 창녕군 남지읍(남지리6522 인근),4874025300,35.38827686909091,128.48217168363635,9,10,0,8,1,1
2021,48,경상남도 창녕군 창녕읍(오리정사거리 인근),4874025000,35.542793615757574,128.48952937666664,8,13,0,8,5,0
2021,48,경상남도 창녕군 창녕읍(남산회전교차로 인근),4874025000,35.53730050575757,128.49555958303029,6,7,0,5,2,0
2021,48,경상남도 고성군 고성읍(2호광장사거리 인근),4882025000,34.9739554239394,128.32579953363634,9,11,0,3,7,1
2021,48,경상남도 고성군 마암면(화산사거리 인근),4882041000,35.0500454569697,128.36259640848485,7,11,0,3,8,0
2021,48,경상남도 고성군 고성읍(고성성당 인근),4882025000,34.974516739090916,128.3219284990909,6,6,0,2,4,0
2021,48,경상남도 남해군 남해읍(남해의용소방대 인근),4884025000,34.838146426666675,127.89411762606059,10,12,0,8,3,1
2021,48,경상남도 남해군 남해읍(창원지방법원진주지원 인근),4884025000,34.84093703848486,127.8939813878788,7,8,0,2,3,3
2021,48,경상남도 남해군 남해읍(남해공용버스터미널 인근),4884025000,34.84109723969697,127.89903241909093,5,8,0,5,2,1
2021,48,경상남도 하동군 금남면(계천사거리 인근),4885036000,34.99620558393939,127.81144231363633,3,6,0,3,3,0
2021,48,경상남도 산청군 산청읍(옥산리1601 인근),4886025000,35.414647388484845,127.87545562787876,5,6,0,1,5,0
2021,48,경상남도 산청군 산청읍(산청리2002 인근),4886025000,35.41731546181817,127.87845528303032,3,8,0,3,5,0
2021,48,경상남도 산청군 단성면(단성중고교앞사거리 인근),4886037000,35.30504999242425,127.96588493787881,3,6,0,2,2,2
2021,48,경상남도 함양군 함양읍(읍내파출소 인근),4887025000,35.52094261515152,127.72994993848484,6,8,0,4,2,2
2021,48,경상남도 함양군 함양읍(주차장사거리앞교차로 인근),4887025000,35.52155961454545,127.7335836124242,6,7,0,3,3,1
2021,48,경상남도 함양군 함양읍(두루침교 인근),4887025000,35.51639439666666,127.72525586666666,5,6,0,5,1,0
2021,48,경상남도 거창군 거창읍(대동로타리교차로 인근),4888025000,35.687759179696975,127.91587539787879,12,12,0,6,6,0
2021,48,경상남도 거창군 거창읍(SK엔크린 인근),4888025000,35.69075891909092,127.91468988727273,10,13,0,4,9,0
2021,48,경상남도 거창군 거창읍(창동교앞교차로 인근),4888025000,35.687706917878785,127.92077088727271,8,13,0,3,10,0
2021,48,경상남도 합천군 합천읍(합천리4645 인근),4889025000,35.56840023727272,128.16135427666666,4,4,0,2,1,1
2021,48,경상남도 합천군 합천읍(교동교차로 인근),4889025000,35.5676235460606,128.1703416478788,4,4,0,1,3,0
2021,48,경상남도 합천군 합천읍(영창리1577 인근),4889025000,35.5714202139394,128.16381317242423,3,3,0,3,0,0
2021,50,제주특별자치도 제주시 용담이동(속성변화점 인근),5011010900,33.505477925757575,126.4963009378788,34,74,0,0,68,6
2021,50,제주특별자치도 제주시 연동(카페베네제주연동점 인근),5011013700,33.48579426787879,126.49321862606062,33,39,0,4,31,4
2021,50,제주특별자치도 제주시 이도이동(광양사거리 인근),5011010400,33.50073042454545,126.52914759363637,32,34,1,6,25,2
2021,50,제주특별자치도 서귀포시 서홍동(중앙로터리 인근),5013010100,33.25320031636363,126.56108950606061,46,67,0,15,48,4
2021,50,제주특별자치도 서귀포시 서귀동(서귀동336 인근),5013010100,33.24945576515151,126.5616555218182,15,16,0,4,10,2
2021,50,제주특별자치도 서귀포시 동홍동(서귀포명성교회 인근),5013010500,33.25737687393939,126.57357044787882,14,21,0,4,15,2
2022,11,서울특별시 종로구 세종로(광화문 인근),1111011900,37.57537445939394,126.9756748109091,38,59,0,12,44,3
2022,11,서울특별시 종로구 창신동(흥인지문 인근),1111017400,37.570432358484865,127.00942817848485,34,45,0,5,36,4
2022,11,서울특별시 종로구 명륜2가(혜화동로터리 인근),1111017100,37.585072982121225,127.0010194266667,31,48,0,7,35,6
2022,11,서울특별시 중구 봉래동2가(서울역 인근),1114012000,37.555899529696966,126.97267911787877,46,58,0,8,44,6
2022,11,서울특별시 중구 신당동(약수역앞교차로 인근),1114016200,37.554591701212125,127.01069023909093,30,39,1,7,30,1
2022,11,서울특별시 중구 명동2가(충무로1가5241 인근),1114012700,37.560679021212124,126.98170945909095,30,39,0,2,35,2
2022,11,서울특별시 용산구 한남동(순천향병원 인근),1117013100,37.53301180484849,127.00642068666666,38,58,0,11,45,2
2022,11,서울특별시 용산구 용산동5가(전자상가입구교차로 인근),1117012700,37.52934082575758,126.96828797909095,30,38,0,7,29,2
2022,11,서울특별시 용산구 이촌동(한강대교북단교차로 인근),1117012900,37.522169023030294,126.96186110363634,26,36,0,5,31,0
2022,11,서울특별시 성동구 성수동1가(성수대교 인근),1120011400,37.544005676666664,127.03554670363637,37,60,0,4,52,4
2022,11,서울특별시 성동구 성수동1가(신스기모 인근),1120011400,37.55174112242423,127.04539079363636,31,41,1,9,31,0
2022,11,서울특별시 성동구 행당동(도선사거리 인근),1120010700,37.56589929636363,127.03583125666665,23,37,0,9,27,1
2022,11,서울특별시 광진구 화양동(건대입구역앞교차로 인근),1121510700,37.53969009212122,127.07067331242419,33,43,0,12,31,0
2022,11,서울특별시 광진구 군자동(삼원빌딩 인근),1121510900,37.55722645727272,127.07875287121213,21,26,1,5,19,1
2022,11,서울특별시 광진구 군자동(군자교앞 인근),1121510900,37.558538691818185,127.07357505303031,20,34,0,5,24,5
2022,11,서울특별시 동대문구 전농동(경동시장앞교차로 인근),1123010400,37.57794682969696,127.03836835121213,43,51,0,8,38,5
2022,11,서울특별시 동대문구 전농동(우리은행청량리중앙지 인근),1123010400,37.57873249727273,127.04134610787878,35,45,0,7,35,3
2022,11,서울특별시 동대문구 장안동(장안동46914 인근),1123010600,37.57148700454546,127.0714155136364,32,37,0,4,31,2
2022,11,서울특별시 중랑구 망우동(한일써너스빌리젠시2 인근),1126010500,37.597579680303035,127.09393092121213,45,62,0,10,49,3
2022,11,서울특별시 중랑구 중화동(중랑교앞 인근),1126010300,37.59256481787879,127.07170154363634,34,50,0,10,39,1
2022,11,서울특별시 중랑구 신내동(망우사거리 인근),1126010600,37.599650143333335,127.10048636848484,31,40,0,7,29,4
2022,11,서울특별시 성북구 하월곡동(길음역 인근),1129013600,37.60274051848485,127.02488484909088,54,71,0,8,59,4
2022,11,서울특별시 성북구 하월곡동(종암사거리 인근),1129013600,37.6031485590909,127.03224611121213,40,50,0,13,35,2
2022,11,서울특별시 성북구 길음동(실과바늘 인근),1129013400,37.5931267109091,127.01639951363637,32,45,0,9,36,0
2022,11,서울특별시 강북구 수유동(수유역앞교차로 인근),1130510300,37.63775098121212,127.02565258848485,59,67,0,9,53,5
2022,11,서울특별시 강북구 수유동(강북구청사거리 인근),1130510300,37.63940084848485,127.02743280666665,51,56,0,10,43,3
2022,11,서울특별시 강북구 수유동(렛츠런CCC강북지점 인근),1130510300,37.63505299848486,127.02327492848488,39,51,0,9,37,5
2022,11,서울특별시 도봉구 창동(도봉보건소교차로 인근),1132010700,37.65647992848484,127.03955648909088,21,27,0,6,19,2
2022,11,서울특별시 도봉구 창동(정의여중고교입구교차 인근),1132010700,37.65113295939395,127.03637612909091,19,36,0,3,28,5
2022,11,서울특별시 도봉구 창동(방학사거리 인근),1132010700,37.66258960545455,127.04250709787878,19,34,0,7,24,3
2022,11,서울특별시 노원구 공릉동(태릉입구 인근),1135010300,37.61692229575756,127.07421073787877,43,70,0,8,59,3
2022,11,서울특별시 노원구 상계동(노원역3번출구 인근),1135010500,37.65456860454546,127.06058666545458,36,51,0,11,35,5
2022,11,서울특별시 노원구 공릉동(북부지청앞 인근),1135010300,37.61799294333334,127.07731951242421,33,46,0,8,33,5
2022,11,서울특별시 은평구 대조동(연신내진원와이타운 인근),1138010600,37.6185940739394,126.92031504242426,34,46,0,8,36,2
2022,11,서울특별시 은평구 역촌동(구산역앞교차로 인근),1138010800,37.611029267272734,126.91730027848489,24,30,0,2,26,2
2022,11,서울특별시 은평구 응암동(연흥초등학교 인근),1138010700,37.58897494242424,126.91838040121213,23,31,1,12,13,5
2022,11,서울특별시 서대문구 홍은동(유진상가 인근),1141011800,37.590700913939386,126.9419296560606,27,30,0,3,23,4
2022,11,서울특별시 서대문구 남가좌동(경찰서 인근),1141012000,37.56859117272728,126.91837406242423,26,35,0,5,26,4
2022,11,서울특별시 서대문구 홍은동(서대문구청앞 인근),1141011800,37.5813002130303,126.93584917848484,21,30,0,7,22,1
2022,11,서울특별시 마포구 동교동(홍대입구역앞교차로 인근),1144012100,37.55498418030302,126.92159507363635,36,55,0,6,43,6
2022,11,서울특별시 마포구 합정동(합정역6번출구 인근),1144012200,37.548648066363626,126.91409331848483,29,44,0,3,41,0
2022,11,서울특별시 마포구 도화동(진도빌딩 인근),1144010400,37.53976477515154,126.9475512518182,25,34,2,7,22,3
2022,11,서울특별시 양천구 신월동(강월초교입구교차로 인근),1147010300,37.516835682727276,126.83946513242424,31,50,0,13,36,1
2022,11,서울특별시 양천구 목동(목동역앞교차로 인근),1147010200,37.52594222454545,126.86437657727275,31,45,0,8,34,3
2022,11,서울특별시 양천구 신월동(신월사거리 인근),1147010300,37.53566226272728,126.82838405606063,30,38,0,5,32,1
2022,11,서울특별시 강서구 내발산동(발산역앞교차로 인근),1150010600,37.558344405151516,126.83827642363634,37,48,0,6,37,5
2022,11,서울특별시 강서구 화곡동(화곡사거리 인근),1150010300,37.53038245666668,126.84746375909091,33,42,0,3,37,2
2022,11,서울특별시 강서구 화곡동(우장공원입구교차로 인근),1150010300,37.55288614636363,126.85081126787877,27,35,1,3,27,4
2022,11,서울특별시 구로구 가리봉동(대성석유 인근),1153010300,37.47954961272728,126.8888836778788,35,48,1,4,37,6
2022,11,서울특별시 구로구 구로동(구로IC 인근),1153010200,37.486446202121215,126.87798240727275,30,55,2,1,48,4
2022,11,서울특별시 구로구 오류동(시티월드앞교차로 인근),1153010800,37.494181391515156,126.84014111787882,27,32,0,8,23,1
2022,11,서울특별시 금천구 시흥동(시흥사거리 인근),1154510300,37.45453732060606,126.90057509242419,33,41,1,10,27,3
2022,11,서울특별시 금천구 가산동(수출의다리고가차도 인근),1154510100,37.47587990242424,126.88179063727269,24,39,0,2,36,1
2022,11,서울특별시 금천구 독산동(독산4동사거리 인근),1154510200,37.46626287545455,126.90174977242424,23,27,0,5,21,1
2022,11,서울특별시 영등포구 영등포동3가(영등포로터리 인근),1156010400,37.518537547272736,126.91356530121213,61,80,0,11,63,6
2022,11,서울특별시 영등포구 양평동4가(양평동사거리 인근),1156012800,37.53572630454545,126.89784331606059,43,52,0,4,45,3
2022,11,서울특별시 영등포구 양평동(경인고속입구교차로 인근),1156013400,37.52956607666666,126.89299058787878,40,63,0,8,51,4
2022,11,서울특별시 동작구 동작동(국립현충원 인근),1159010600,37.50407923272727,126.9764512348485,40,71,1,9,57,4
2022,11,서울특별시 동작구 본동(한강대교남단교차로 인근),1159010400,37.51339095212121,126.95613889363636,35,46,0,8,36,2
2022,11,서울특별시 동작구 사당동(상도역앞교차로 인근),1159010700,37.50295981848485,126.947717199697,35,42,0,6,31,5
2022,11,서울특별시 관악구 신림동(SK허브그린 인근),1162010200,37.48469666969697,126.92965625363638,57,74,0,10,59,5
2022,11,서울특별시 관악구 봉천동(서울대입구역앞교차로 인근),1162010100,37.481036613939395,126.9527762518182,44,62,0,9,53,0
2022,11,서울특별시 관악구 신림동(신림교 인근),1162010200,37.48169744454546,126.92908405787878,28,32,0,9,18,5
2022,11,서울특별시 서초구 반포동(서울성모병원앞교차로 인근),1165010700,37.501913903939396,127.00348582606057,43,56,0,6,48,2
2022,11,서울특별시 서초구 반포동(고속터미널사거리 인근),1165010700,37.50477540727273,127.00112721787877,39,57,0,11,43,3
2022,11,서울특별시 서초구 양재동(트럭터미널앞교차로 인근),1165010200,37.46139686787879,127.03729836363635,35,62,0,2,54,6
2022,11,서울특별시 강남구 도곡동(르네상스호텔교차로 인근),1168011800,37.502643422424235,127.04368729484847,51,66,0,11,52,3
2022,11,서울특별시 강남구 논현동(신논현역 인근),1168010800,37.504530200606084,127.02533009121213,48,62,1,2,57,2
2022,11,서울특별시 강남구 논현동(차병원사거리 인근),1168010800,37.507099285757576,127.03393031727275,44,64,0,8,56,0
2022,11,서울특별시 송파구 신천동(잠실역사거리 인근),1171010200,37.51305296090909,127.10023002727273,50,97,0,13,78,6
2022,11,서울특별시 송파구 방이동(KT앞삼거리 인근),1171011100,37.51390955030303,127.10728661242425,36,44,0,6,34,4
2022,11,서울특별시 송파구 장지동(복정역앞교차로 인근),1171010900,37.47063931575757,127.12676428909091,34,45,0,3,39,3
2022,11,서울특별시 강동구 천호동(천호사거리 인근),1174010900,37.53883935151514,127.12366510606063,33,50,1,5,42,2
2022,11,서울특별시 강동구 성내동(길동사거리 인근),1174010800,37.53372490575758,127.13861581242429,30,40,0,9,30,1
2022,11,서울특별시 강동구 성내동(둔촌사거리 인근),1174010800,37.52188332909091,127.13415204909087,19,31,0,8,23,0
2022,26,부산광역시 중구 남포동6가(남포사거리 인근),2611014100,35.0975473090909,129.02825543909088,31,36,0,15,19,2
2022,26,부산광역시 중구 남포동1가(옛시청교차로 인근),2611013600,35.09840076636363,129.0358380660606,31,46,0,5,38,3
2022,26,부산광역시 중구 중앙동5가(부산우체국앞교차로 인근),2611010800,35.10274055757576,129.0364430966667,23,31,0,8,22,1
2022,26,부산광역시 서구 충무동1가(충무교차로 인근),2614012000,35.09625401333332,129.02446943909092,24,26,0,8,17,1
2022,26,부산광역시 서구 서대신동2가(한국외식업중앙회부산 인근),2614010500,35.10935188212121,129.0164892836364,23,28,0,4,23,1
2022,26,부산광역시 서구 서대신동3가(구덕사거리 인근),2614010600,35.11567023787879,129.01750568909094,23,37,0,6,28,3
2022,26,부산광역시 동구 초량동(초량교차로 인근),2617010100,35.11908741666665,129.04200034666664,29,40,1,7,32,0
2022,26,부산광역시 동구 초량동(부산역부산1호선 인근),2617010100,35.114523107272724,129.03943208363634,27,31,1,8,19,3
2022,26,부산광역시 동구 범일동(범일교차로 인근),2617010400,35.13690341454546,129.0635735330303,22,33,0,6,27,0
2022,26,부산광역시 영도구 봉래동1가(대교동교차로 인근),2620011500,35.09244737272728,129.03837328363636,21,29,0,5,23,1
2022,26,부산광역시 영도구 봉래동4가(봉래교차로 인근),2620011800,35.09279661848485,129.04487331363637,18,20,0,4,16,0
2022,26,부산광역시 영도구 봉래동3가(소방서앞사거리 인근),2620011700,35.09056017787878,129.04361684666665,12,18,0,2,16,0
2022,26,부산광역시 부산진구 부전동(서면역9번출구 인근),2623010300,35.15753759393939,129.05781600363636,51,68,0,12,51,5
2022,26,부산광역시 부산진구 부전동(서면특화거리 인근),2623010300,35.154280235757575,129.05992048606058,46,52,0,5,44,3
2022,26,부산광역시 부산진구 범천동(범내골교차로 인근),2623010400,35.14710728696969,129.0592620018182,36,60,0,5,51,4
2022,26,부산광역시 동래구 온천동(동래역부산1호선 인근),2626010800,35.20512736454545,129.0788398212121,30,37,0,4,31,2
2022,26,부산광역시 동래구 온천동(미남교차로 인근),2626010800,35.207709937878796,129.06977175242423,27,37,0,9,27,1
2022,26,부산광역시 동래구 낙민동(하울목교회 인근),2626010400,35.19536331060606,129.10835450242422,26,35,0,4,26,5
2022,26,부산광역시 남구 대연동(대연사거리 인근),2629010600,35.13492424969698,129.09192934666663,31,40,0,10,30,0
2022,26,부산광역시 남구 대연동(용소삼거리 인근),2629010600,35.13714015969697,129.09994209666667,28,39,0,10,25,4
2022,26,부산광역시 남구 문현동(문현교차로 인근),2629010900,35.136692759090906,129.0680820336364,25,29,0,6,22,1
2022,26,부산광역시 북구 덕천동(만덕역2번출구 인근),2632010400,35.21267140696969,129.03770343969697,24,37,0,9,26,2
2022,26,부산광역시 북구 덕천동(숙등교차로 인근),2632010400,35.211205801212124,129.01072944121213,22,24,0,6,18,0
2022,26,부산광역시 북구 화명동(와석교차로 인근),2632010200,35.23445099333334,129.01382860666664,18,25,0,4,21,0
2022,26,부산광역시 해운대구 우동(우동항삼거리 인근),2635010500,35.162551062121224,129.13455990787878,19,27,0,3,19,5
2022,26,부산광역시 해운대구 우동(센텀시티교차로 인근),2635010500,35.167027100303024,129.12913172121216,18,27,0,4,21,2
2022,26,부산광역시 해운대구 우동(올림픽교차로 인근),2635010500,35.16873026727273,129.13896950242426,17,28,0,7,15,6
2022,26,부산광역시 사하구 하단동(하단교차로 인근),2638010300,35.105946392424244,128.9684689078788,42,56,0,10,43,3
2022,26,부산광역시 사하구 구평동(구평고개사거리 인근),2638010700,35.084753779696975,128.98222650242425,21,24,0,2,22,0
2022,26,부산광역시 사하구 괴정동(괴정사거리 인근),2638010100,35.09993571727272,128.9932400030303,19,29,0,6,19,4
2022,26,부산광역시 금정구 부곡동(스타벅스금정구청DT점 인근),2641010900,35.23918817303031,129.09259715787874,25,48,0,6,42,0
2022,26,부산광역시 금정구 서동(넘버25호텔서동점 인근),2641011000,35.214842818484854,129.1071874712121,25,30,0,10,17,3
2022,26,부산광역시 금정구 장전동(부산대학교앞교차로 인근),2641010800,35.23098639909091,129.08656569121212,22,25,0,3,21,1
2022,26,부산광역시 강서구 명지동(명지주거단지입구교차 인근),2644010400,35.08885041636365,128.90362940787878,19,26,2,9,14,1
2022,26,부산광역시 강서구 신호동(신호동269 인근),2644011700,35.0883821339394,128.88250846242425,12,16,0,8,8,0
2022,26,부산광역시 강서구 녹산동(명지IC 인근),2644011100,35.111510759393944,128.93217850242425,11,14,0,3,11,0
2022,26,부산광역시 연제구 연산동(연산교차로 인근),2647010200,35.18585796,129.0816646909091,55,89,0,20,64,5
2022,26,부산광역시 연제구 연산동(에이스커피 인근),2647010200,35.181653669090906,129.07830981606057,26,32,0,7,21,4
2022,26,부산광역시 연제구 연산동(과정삼거리 인근),2647010200,35.191888259090916,129.08947353363638,26,37,0,4,28,5
2022,26,부산광역시 수영구 광안동(수영교차로 인근),2650010400,35.16716363030303,129.11523412848481,35,47,0,7,39,1
2022,26,부산광역시 수영구 남천동(도시가스앞오거리 인근),2650010500,35.13570499151515,129.1111205018182,28,36,0,5,27,4
2022,26,부산광역시 수영구 광안동(광안사거리 인근),2650010400,35.161760416969706,129.11407818909092,27,41,0,7,31,3
2022,26,부산광역시 사상구 괘법동(사상교차로 인근),2653010400,35.16188160212122,128.98473934606062,16,18,0,5,13,0
2022,26,부산광역시 사상구 학장동(사상구청교차로 인근),2653010700,35.14934397757576,128.98954269121214,15,21,0,1,20,0
2022,26,부산광역시 사상구 주례동(카페베네부산주례점 인근),2653010600,35.15055599333334,129.00599140848485,15,17,0,4,12,1
2022,26,부산광역시 기장군 기장읍(대라리3714 인근),2671025000,35.242181784242426,129.21668282363638,12,13,0,3,9,1
2022,26,부산광역시 기장군 기장읍(교리우편취급소 인근),2671025000,35.25081246515152,129.21709362787877,11,18,1,2,15,0
2022,26,부산광역시 기장군 기장읍(수협은행기장지점 인근),2671025000,35.24492922333333,129.21678468909093,11,12,0,5,5,2
2022,27,대구광역시 중구 교동(히로미찌찜닭 인근),2711012500,35.86675484212121,128.59992486242422,60,76,0,11,54,11
2022,27,대구광역시 중구 봉산동(봉산동1271 인근),2711010800,35.864383164545465,128.59821027848483,29,49,0,5,31,13
2022,27,대구광역시 중구 동성로2가(성내1동주민센터 인근),2711012300,35.86840614848486,128.59816890606058,27,30,0,3,24,3
2022,27,대구광역시 동구 신암동(공고네거리 인근),2714010100,35.88094643333333,128.61413484666667,30,43,0,4,38,1
2022,27,대구광역시 동구 효목동(큰고개오거리 인근),2714010300,35.88540737787879,128.6330198460606,25,39,0,5,32,2
2022,27,대구광역시 동구 신천동(동대구역네거리 인근),2714010200,35.87640648969696,128.6261338460606,25,42,0,3,36,3
2022,27,대구광역시 서구 내당동(두류네거리 인근),2717010100,35.857692726060606,128.5574918460606,36,62,1,5,54,2
2022,27,대구광역시 서구 비산동(비산네거리 인근),2717010200,35.87203554545454,128.5711868460606,28,43,0,6,36,1
2022,27,대구광역시 서구 원대동3가(원대네거리2 인근),2717010900,35.88392775272728,128.57320469303028,21,29,0,2,23,4
2022,27,대구광역시 남구 대명동(앞산네거리 인근),2720010300,35.83998494848484,128.57995784606058,21,26,1,6,17,2
2022,27,대구광역시 남구 봉덕동(남구청네거리 인근),2720010200,35.84466888666668,128.59835784666666,19,30,0,4,24,2
2022,27,대구광역시 남구 대명동(안지랑네거리 인근),2720010300,35.838633965151516,128.5770028460606,18,32,0,3,26,3
2022,27,대구광역시 북구 복현동(복현고가차도 인근),2723011200,35.89653823848485,128.61612084606062,41,53,1,10,36,6
2022,27,대구광역시 북구 산격동(경대교 인근),2723011100,35.886120369696975,128.60200684666665,30,51,0,9,40,2
2022,27,대구광역시 북구 태전동(칠곡IC네거리 인근),2723012600,35.93381577272727,128.5406658460606,26,41,0,4,36,1
2022,27,대구광역시 수성구 지산동(황금네거리 인근),2726011200,35.83960895272728,128.62391484727274,41,59,0,11,42,6
2022,27,대구광역시 수성구 중동(수성구청역교차로 인근),2726010800,35.85863271333335,128.63580384666668,36,52,0,7,43,2
2022,27,대구광역시 수성구 만촌동(만촌네거리 인근),2726010200,35.85871271333334,128.64606384666666,34,44,0,3,39,2
2022,27,대구광역시 달서구 감삼동(용산네거리 인근),2729011300,35.84925983121213,128.53075084606058,34,46,0,11,32,3
2022,27,대구광역시 달서구 감삼동(죽전네거리 인근),2729011300,35.84997582181818,128.53727784727272,34,60,1,9,49,1
2022,27,대구광역시 달서구 송현동(성당네거리 인근),2729012200,35.83744497969697,128.55758584606062,28,39,2,3,31,3
2022,27,대구광역시 달성군 다사읍(대실역대구2호선 인근),2771025600,35.85725032212121,128.46496232727273,18,25,0,7,18,0
2022,27,대구광역시 달성군 다사읍(다사중고등학교교차로 인근),2771025600,35.86010988454545,128.46257308606062,16,18,0,4,11,3
2022,27,대구광역시 달성군 유가읍(봉리619 인근),2771025900,35.69277920333334,128.46087680242425,16,24,0,1,22,1
2022,28,인천광역시 중구 선화동(신흥사거리 인근),2811012900,37.46634279909092,126.6349244378788,15,21,1,4,12,4
2022,28,인천광역시 중구 신흥동3가(인천항사거리 인근),2811012800,37.4579737790909,126.63028174969696,9,12,1,0,11,0
2022,28,인천광역시 중구 운서동(삼목1사거리 인근),2811014700,37.492977087878785,126.47990593727275,8,11,0,1,10,0
2022,28,인천광역시 동구 송현동(송현삼거리 인근),2814010300,37.47650635848484,126.63329068727275,11,12,0,3,9,0
2022,28,인천광역시 동구 송림동(송림오거리 인근),2814010700,37.47568358727272,126.64467284363634,10,12,0,3,8,1
2022,28,인천광역시 동구 송림동(산업용품센터사거리 인근),2814010700,37.48246809696969,126.65892981303031,8,11,0,2,9,0
2022,28,인천광역시 미추홀구 주안동(석바위사거리 인근),2817710500,37.45764228454545,126.68948434363635,34,44,0,2,35,7
2022,28,인천광역시 미추홀구 도화동(도화초교사거리 인근),2817710400,37.463558990303035,126.66931699909092,25,32,0,4,27,1
2022,28,인천광역시 미추홀구 주안동(옛시민회관사거리 인근),2817710500,37.45824727636364,126.68014112606063,22,32,0,1,31,0
2022,28,인천광역시 연수구 송도동(해양경비안전본부앞 인근),2818510600,37.39313579848485,126.64755950242424,13,18,0,3,15,0
2022,28,인천광역시 연수구 동춘동(연수동65115 인근),2818510500,37.41300860666667,126.6774441672727,12,16,0,3,11,2
2022,28,인천광역시 연수구 옥련동(송도역삼거리 인근),2818510100,37.42672665969697,126.65717906606058,11,17,0,4,13,0
2022,28,인천광역시 남동구 구월동(길병원사거리 인근),2820010100,37.449529075151524,126.70767771909088,27,41,0,3,37,1
2022,28,인천광역시 남동구 구월동(문예회관사거리 인근),2820010100,37.4498693509091,126.7012179378788,24,32,0,6,26,0
2022,28,인천광역시 남동구 간석동(간석사거리 인근),2820010200,37.46139295848486,126.7202611960606,23,30,0,1,28,1
2022,28,인천광역시 부평구 갈산동(부평역사거리 인근),2823710600,37.49111136181818,126.72317459363636,32,44,1,0,42,1
2022,28,인천광역시 부평구 부평동(부평동686 인근),2823710100,37.48855713333334,126.72953279606058,30,36,0,8,25,3
2022,28,인천광역시 부평구 부평동(굴다리오거리 인근),2823710100,37.49075664757576,126.72973034303027,23,34,0,3,29,2
2022,28,인천광역시 계양구 작전동(부평IC 인근),2824510300,37.524378254545454,126.72219287606059,18,24,0,3,21,0
2022,28,인천광역시 계양구 계산동(계산사거리 인근),2824510200,37.54301161333332,126.7285481878788,18,23,0,4,18,1
2022,28,인천광역시 계양구 작전동(작전역사거리 인근),2824510300,37.53044761666667,126.72254878181816,17,25,0,3,22,0
2022,28,인천광역시 서구 당하동(완정역1번출구 인근),2826011400,37.59350441636365,126.67287990363639,24,29,0,4,24,1
2022,28,인천광역시 서구 왕길동(검단사거리 인근),2826012000,37.60187727666666,126.6577409072727,21,24,0,1,22,1
2022,28,인천광역시 서구 가정동(루원교차로 인근),2826010800,37.52448339757576,126.67639001303029,20,30,0,3,27,0
2022,28,인천광역시 강화군 강화읍(강화군청앞 인근),2871025000,37.74657382515152,126.48531784363637,7,8,0,1,6,1
2022,28,인천광역시 강화군 길상면(전등사입구교차로 인근),2871033000,37.637169018484855,126.49351812606062,5,6,0,1,3,2
2022,28,인천광역시 강화군 강화읍(수협사거리 인근),2871025000,37.74414051333333,126.4874301078788,5,6,0,1,5,0
2022,28,인천광역시 옹진군 영흥면(세븐일레븐인천영흥점 인근),2872036000,37.256736257272735,126.49578509303026,4,8,0,0,8,0
2022,29,광주광역시 동구 광산동(장동로터리 인근),2911011300,35.14936172757576,126.92215731242428,22,26,0,6,19,1
2022,29,광주광역시 동구 황금동(광산동892 인근),2911011700,35.145013680606056,126.91732927727271,18,21,0,3,18,0
2022,29,광주광역시 동구 금남로4가(금남로4가역앞교차로 인근),2911013400,35.14998753151516,126.91542046848487,17,29,0,4,21,4
2022,29,광주광역시 서구 치평동(치평동1229 인근),2914012000,35.15269212727273,126.8540967360606,47,68,0,6,58,4
2022,29,광주광역시 서구 광천동(광천사거리 인근),2914011500,35.1611313939394,126.88347006242422,35,58,0,1,55,2
2022,29,광주광역시 서구 치평동(신환빌딩 인근),2914012000,35.15049012030304,126.85564390727276,35,52,1,1,47,3
2022,29,광주광역시 남구 봉선동(백운교차로 인근),2915511500,35.133166646666666,126.90136156363637,34,51,0,3,47,1
2022,29,광주광역시 남구 봉선동(주월동12912 인근),2915511500,35.133198450303034,126.91001750606061,22,32,0,1,30,1
2022,29,광주광역시 남구 방림동(스타벅스광주방림DT점 인근),2915511400,35.13481781393939,126.91701596909091,17,21,0,2,19,0
2022,29,광주광역시 북구 운암동(운암사거리 인근),2917010900,35.17662307454545,126.87911968727272,36,58,0,3,53,2
2022,29,광주광역시 북구 용봉동(북구청 인근),2917010700,35.174107353939384,126.9127540936364,30,38,1,4,33,0
2022,29,광주광역시 북구 매곡동(한민교회 인근),2917011700,35.18706994575758,126.89960393727274,27,36,0,5,31,0
2022,29,광주광역시 광산구 신가동(수완동1818 인근),2920011900,35.19014093575757,126.82971162606059,42,69,0,1,67,1
2022,29,광주광역시 광산구 신가동(신창동1203 인근),2920011900,35.19014930939393,126.83793590363635,34,54,1,4,46,3
2022,29,광주광역시 광산구 운남동(유캔영어학원 인근),2920012000,35.17926922939394,126.8176652512121,33,63,0,5,54,4
2022,30,대전광역시 동구 용전동(동부네거리 인근),3011011500,36.35138540545454,127.44149515727273,41,54,2,6,46,0
2022,30,대전광역시 동구 중동(대전역네거리 인근),3011012000,36.330971694545454,127.43267218787881,31,45,0,8,37,0
2022,30,대전광역시 동구 소제동(동서교 인근),3011011300,36.33319557333333,127.43884525121211,25,39,0,2,36,1
2022,30,대전광역시 중구 문화동(서대전네거리 인근),3014011600,36.322268147878795,127.4124443460606,27,52,0,4,47,1
2022,30,대전광역시 중구 태평동(계룡육교 인근),3014011400,36.333628254848485,127.39864409363635,23,34,0,2,32,0
2022,30,대전광역시 중구 대흥동(으능정이네거리 인근),3014010500,36.32628144060607,127.42715006363638,21,26,0,1,25,0
2022,30,대전광역시 서구 둔산동(수협은행둔산지점 인근),3017011200,36.349509617575755,127.37738756303031,83,104,0,13,87,4
2022,30,대전광역시 서구 갈마동(갈마삼거리 인근),3017011100,36.35222255333333,127.36998075090906,48,75,1,6,67,1
2022,30,대전광역시 서구 괴정동(탄방네거리교차로 인근),3017010800,36.340792442727285,127.38857347121211,43,60,0,8,52,0
2022,30,대전광역시 유성구 봉명동(유성온천역5번출구 인근),3020011100,36.353863469696975,127.34050543848483,44,59,1,8,47,3
2022,30,대전광역시 유성구 장대동(구암역삼거리 인근),3020011700,36.356305720909084,127.33135406363635,38,52,0,5,46,1
2022,30,대전광역시 유성구 원내동(GS주유소원내동셀프 인근),3020010100,36.29956974515152,127.32264368787878,29,40,0,5,35,0
2022,30,대전광역시 대덕구 오정동(농수산시장오거리 인근),3023010100,36.35652077848484,127.40516768787879,32,50,1,6,42,1
2022,30,대전광역시 대덕구 오정동(오정네거리 인근),3023010100,36.358277949696976,127.4144413590909,20,29,1,5,22,1
2022,30,대전광역시 대덕구 비래동(산림조합중앙회대전사 인근),3023011000,36.35595390999999,127.44499718848483,18,26,0,5,21,0
2022,31,울산광역시 중구 반구동(병영오거리 인근),3111011800,35.5683333769697,129.34351134666665,32,60,0,7,52,1
2022,31,울산광역시 중구 서동(서동로터리 인근),3111011400,35.57859102909092,129.34221875242423,20,34,0,4,27,3
2022,31,울산광역시 중구 반구동(체육의다리교차로 인근),3111011800,35.56029801030303,129.3459387212121,16,19,0,6,11,2
2022,31,울산광역시 남구 신정동(공업탑로터리 인근),3114010400,35.53197067484849,129.30756578363633,41,61,0,3,51,7
2022,31,울산광역시 남구 신정동(태화로터리 인근),3114010400,35.54854787393939,129.30806275242426,35,52,0,9,37,6
2022,31,울산광역시 남구 달동(번영사거리 인근),3114010500,35.53749381393939,129.32897329787875,34,49,0,7,40,2
2022,31,울산광역시 동구 일산동(일산해수욕장사거리 인근),3117010300,35.496696303939395,129.4276977218182,22,27,0,14,10,3
2022,31,울산광역시 동구 일산동(번덕사거리 인근),3117010300,35.50045969272727,129.42867662787876,13,14,1,3,10,0
2022,31,울산광역시 동구 방어동(꽃나루공원앞교차로 인근),3117010100,35.487350668484844,129.42103040848488,11,16,0,9,7,0
2022,31,울산광역시 북구 송정동(송정동1114 인근),3120012600,35.60283030515151,129.35439577363638,19,44,0,13,27,4
2022,31,울산광역시 북구 호계동(시장2리사거리 인근),3120010200,35.62586478272728,129.3525482860606,19,30,0,4,26,0
2022,31,울산광역시 북구 효문동(효문사거리 인근),3120012300,35.56135818272726,129.36152459727273,15,19,0,1,17,1
2022,31,울산광역시 울주군 온산읍(덕신리53521 인근),3171025000,35.42906156696971,129.30764453242426,13,19,0,9,6,4
2022,31,울산광역시 울주군 삼남읍(장검마을교차로 인근),3171026500,35.5574504790909,129.25482378727273,10,13,0,3,7,3
2022,31,울산광역시 울주군 언양읍(제2남천교앞교차로 인근),3171025300,35.56210773575758,129.12691368909088,7,11,0,4,1,6
2022,36,세종특별자치시  다정동(한국주택금융공사세종 인근),3611010900,36.49093769272728,127.25649378363637,23,27,0,4,16,7
2022,36,세종특별자치시  소담동(소담교차로 인근),3611010200,36.48607552575758,127.30123340363635,17,22,0,4,11,7
2022,36,세종특별자치시  도담동(성금교차로 인근),3611011400,36.50833051848485,127.26157600303031,15,21,0,2,9,10
2022,41,경기도 수원시 팔달구 인계동(나혜석거리 인근),4111514100,37.263484358484845,127.03252673848483,52,67,0,9,53,5
2022,41,경기도 수원시 권선구 권선동(터미널사거리 인근),4111313700,37.24966262787879,127.01871499969697,37,65,2,14,47,2
2022,41,경기도 수원시 팔달구 인계동(인계사거리 인근),4111514100,37.26813454909092,127.02723443787876,37,65,0,5,59,1
2022,41,경기도 성남시 중원구 성남동(모란삼거리 인근),4113310100,37.43261325636364,127.12902478121214,67,91,1,16,65,9
2022,41,경기도 성남시 중원구 하대원동(모란시장사거리 인근),4113310900,37.429767573333336,127.12940656303029,48,61,0,10,49,2
2022,41,경기도 성남시 수정구 수진동(태평역사거리 인근),4113110300,37.43951894909092,127.12782893909092,38,50,0,3,44,3
2022,41,경기도 의정부시 의정부동(의정부역1번출구 인근),4115010100,37.73736039303031,127.04284166606061,56,78,0,7,56,15
2022,41,경기도 의정부시 의정부동(의정부역동부교차로 인근),4115010100,37.738333742727264,127.04780140727273,31,46,0,6,36,4
2022,41,경기도 의정부시 의정부동(헤드원호텔앞 인근),4115010100,37.74092086333334,127.04715474121211,31,31,0,4,23,4
2022,41,경기도 안양시 동안구 호계동(호계동1167 인근),4117310400,37.38050584969696,126.96055212545454,26,31,0,3,25,3
2022,41,경기도 안양시 동안구 호계동(호계사거리 인근),4117310400,37.37006613848485,126.9579468124242,21,25,1,2,20,2
2022,41,경기도 안양시 동안구 호계동(비산사거리 인근),4117310400,37.39844918666665,126.93453618848484,21,27,0,5,21,1
2022,41,경기도 부천시 내동(전화국사거리 인근),4119012400,37.48653498272728,126.77689668787879,60,78,0,11,65,2
2022,41,경기도 부천시 상동(부천시청역2번출구 인근),4119010900,37.50358970454545,126.76298749909094,52,94,0,7,80,7
2022,41,경기도 부천시 중동(송원일식 인근),4119010800,37.50259378030302,126.77084449909093,43,55,0,6,46,3
2022,41,경기도 광명시 광명동(광명사거리 인근),4121010100,37.4791498569697,126.8544272190909,37,42,0,7,31,4
2022,41,경기도 광명시 하안동(하안사거리 인근),4121010300,37.46171934393941,126.88027725242426,28,33,0,7,25,1
2022,41,경기도 광명시 철산동(철산역앞삼거리 인근),4121010200,37.475302686060616,126.86612581242422,23,37,0,6,27,4
2022,41,경기도 평택시 고덕면(여염리산571 인근),4122033000,37.03872536393939,127.04787673909088,36,61,1,14,38,8
2022,41,경기도 평택시 이충동(송탄문예회관앞교차로 인근),4122010900,37.06524802515152,127.0630564512121,32,42,1,4,33,4
2022,41,경기도 평택시 서정동(지장초교사거리 인근),4122010100,37.06687027484849,127.05879165727275,28,37,0,6,28,3
2022,41,경기도 동두천시 생연동(생골사거리 인근),4125010300,37.89925683757576,127.05766734363635,11,13,1,1,11,0
2022,41,경기도 동두천시 생연동(대방에이스빌앞 인근),4125010300,37.898915240303026,127.06115621727272,8,9,0,0,8,1
2022,41,경기도 동두천시 지행동(지행동4713 인근),4125010200,37.88836728272727,127.05680065090911,8,11,0,2,9,0
2022,41,경기도 안산시 상록구 성포동(한전사거리 인근),4127110800,37.31495260030303,126.84505279303032,57,114,0,22,87,5
2022,41,경기도 안산시 단원구 초지동(화정교 인근),4127310700,37.31720449272727,126.82110796848484,38,68,0,16,49,3
2022,41,경기도 안산시 단원구 원곡동(안산역지하차도 인근),4127310800,37.32857525606061,126.78807609363638,35,64,0,11,50,3
2022,41,경기도 고양시 일산동구 마두동(뉴코아백화점사거리 인근),4128510500,37.6547774839394,126.77604749909091,47,69,1,8,59,1
2022,41,경기도 고양시 일산동구 마두동(수협은행일산지점 인근),4128510500,37.656380557272726,126.77402359363634,34,43,0,4,39,0
2022,41,경기도 고양시 일산동구 백석동(8 인근),4128510600,37.64237907272727,126.78863024666666,32,46,0,8,37,1
2022,41,경기도 과천시 주암동(민마루고개 인근),4129010600,37.45968419575757,127.03283462606065,23,59,0,5,54,0
2022,41,경기도 과천시 별양동(소방서삼거리 인근),4129010900,37.427584131212114,126.99135418787876,11,12,0,3,9,0
2022,41,경기도 과천시 갈현동(갈현동3214 인근),4129010300,37.411183838484845,126.98048381242428,9,11,0,3,8,0
2022,41,경기도 구리시 수택동(돌다리사거리 인근),4131010500,37.60076969727273,127.14119265727271,34,50,0,8,42,0
2022,41,경기도 구리시 토평동(구리TG 인근),4131010700,37.5891590639394,127.15650506363636,29,45,0,1,43,1
2022,41,경기도 구리시 수택동(세무서사거리 인근),4131010500,37.59708137969697,127.13672298303032,22,32,0,3,27,2
2022,41,경기도 남양주시 호평동(청솔공인중개사앞 인근),4136010100,37.654795605757585,127.24496018242426,19,20,0,7,13,0
2022,41,경기도 남양주시 화도읍(마석입구삼거리 인근),4136025600,37.65206967636364,127.2996399378788,18,30,0,5,25,0
2022,41,경기도 남양주시 화도읍(맷돌로1109 인근),4136025600,37.65703411484849,127.30271487242427,18,26,0,6,18,2
2022,41,경기도 오산시 원동(화성공업사앞교차로 인근),4137010300,37.1437583669697,127.0735170860606,28,34,0,5,26,3
2022,41,경기도 오산시 원동(롯데마트사거리 인근),4137010300,37.148594275757574,127.07361625090908,26,34,0,5,27,2
2022,41,경기도 오산시 가수동(남촌대교 인근),4137012100,37.14941210969698,127.06225418848484,23,32,1,2,26,3
2022,41,경기도 시흥시 신천동(신천사거리 인근),4139010200,37.43889164787878,126.78652325363636,24,30,0,7,21,2
2022,41,경기도 시흥시 배곧동(시정왕동1893 인근),4139013500,37.36792485393939,126.73423946787881,20,34,0,3,31,0
2022,41,경기도 시흥시 정왕동(정왕동1222 인근),4139013200,37.34460849909092,126.74791338787878,20,21,0,7,13,1
2022,41,경기도 군포시 금정동(산본역서부사거리 인근),4141010500,37.357290143939395,126.93142234363636,22,45,0,9,30,6
2022,41,경기도 군포시 금정동(산본역동부사거리 인근),4141010500,37.35890552909091,126.93435837666664,22,31,0,2,27,2
2022,41,경기도 군포시 금정동(금정역삼거리 인근),4141010500,37.37212914333334,126.9428812190909,20,29,0,9,19,1
2022,41,경기도 의왕시 오전동(원골로삼거리 인근),4143010500,37.35747386575758,126.96652783242429,14,31,0,1,30,0
2022,41,경기도 의왕시 오전동(기업은행사거리 인근),4143010500,37.3492954330303,126.97320562606062,12,15,0,2,12,1
2022,41,경기도 의왕시 왕곡동(의왕TG 인근),4143010400,37.34727592242425,126.98442488606061,12,38,1,3,34,0
2022,41,경기도 하남시 미사동(망월동1082 인근),4145011100,37.56609209848485,127.19064627242427,28,33,0,6,24,3
2022,41,경기도 하남시 덕풍동(신장사거리 인근),4145010800,37.5377525839394,127.20455079181818,26,27,0,6,18,3
2022,41,경기도 하남시 풍산동(미사강변도시28단지 인근),4145011000,37.56064680181818,127.19382871363638,23,30,0,3,26,1
2022,41,경기도 용인시 수지구 풍덕천동(로얄스포츠센터사거리 인근),4146510100,37.32272269636365,127.09650716606062,35,46,0,5,40,1
2022,41,경기도 용인시 수지구 죽전동(풍덕천사거리 인근),4146510200,37.32397809393939,127.10304578181818,31,57,0,7,49,1
2022,41,경기도 용인시 처인구 마평동(명지대입구사거리 인근),4146110700,37.23586276848484,127.18924546848481,27,40,0,1,31,8
2022,41,경기도 파주시 금촌동(금촌로터리 인근),4148010100,37.75752681757576,126.77362083242426,28,36,0,3,29,4
2022,41,경기도 파주시 와동동(한양수자인 인근),4148012200,37.73490710333333,126.75887083242425,20,26,0,6,18,2
2022,41,경기도 파주시 야당동(야당역경의중앙선 인근),4148010800,37.71271226030302,126.76045882121211,17,21,0,2,16,3
2022,41,경기도 이천시 창전동(분수대오거리 인근),4150010100,37.28061579787879,127.44698606363636,32,40,0,5,34,1
2022,41,경기도 이천시 중리동(터미널사거리 인근),4150010300,37.27800358242425,127.4468324690909,15,21,1,4,15,1
2022,41,경기도 이천시 창전동(창전사거리 인근),4150010100,37.28413103454545,127.44719231363638,15,17,0,0,15,2
2022,41,경기도 안성시 아양동(농산물공판장앞교차로 인근),4155011900,37.00681288727272,127.26652540909092,16,19,0,5,12,2
2022,41,경기도 안성시 도기동(이룸빌라 인근),4155012400,37.00356704030303,127.26834518787881,15,20,0,5,12,3
2022,41,경기도 안성시 공도읍(주은교차로 인근),4155025000,36.99486930575757,127.14164148363635,12,19,0,2,15,2
2022,41,경기도 김포시 고촌읍(신곡사거리 인근),4157025300,37.60021027909091,126.77211606909094,46,67,0,8,58,1
2022,41,경기도 김포시 양촌읍(KT플라자구래점 인근),4157025600,37.645268668484846,126.62586068545451,29,36,0,5,30,1
2022,41,경기도 김포시 장기동(장기역사거리 인근),4157010400,37.64377831272727,126.66901053848486,23,35,0,2,33,0
2022,41,경기도 화성시 병점동(IBK기업은행화성병점지 인근),4159011700,37.2134438369697,127.04112044666665,32,43,0,8,33,2
2022,41,경기도 화성시 정남면(병점사거리 인근),4159041000,37.20767106272728,127.0351024378788,27,30,0,4,24,2
2022,41,경기도 화성시 석우동(하이마트 인근),4159012800,37.20686168333334,127.07494389363637,25,34,1,3,29,1
2022,41,경기도 광주시 역동(광주고용지원센터앞 인근),4161011200,37.40746738787879,127.26101034606059,40,55,0,3,49,3
2022,41,경기도 광주시 역동(탐앤탐스 인근),4161011200,37.409721054545464,127.25927773666668,36,45,0,5,31,9
2022,41,경기도 광주시 송정동(송정교남단교차로 인근),4161010300,37.41330081575757,127.2602914478788,27,41,1,7,30,3
2022,41,경기도 양주시 옥정동(스타벅스 인근),4163011400,37.818649633939394,127.09455080242424,18,23,0,4,18,1
2022,41,경기도 양주시 덕계동(무명교 인근),4163011600,37.82196441818182,127.04913565121211,15,20,0,3,16,1
2022,41,경기도 양주시 광사동(부흥로1907번길1 인근),4163010600,37.79301117848485,127.07576334242425,15,21,0,1,20,0
2022,41,경기도 포천시 소흘읍(부인터사거리 인근),4165025000,37.805213491818186,127.13149356363635,18,28,0,0,26,2
2022,41,경기도 포천시 가산면(가산교 인근),4165033000,37.83679572030303,127.15508750121212,14,21,0,6,14,1
2022,41,경기도 포천시 신읍동(보건소사거리 인근),4165010100,37.90038083606061,127.20059455727272,11,13,0,3,10,0
2022,41,경기도 여주시 홍문동(버스터미널사거리 인근),4167010200,37.28870875969697,127.6352253136364,17,21,0,4,14,3
2022,41,경기도 여주시 월송동(월송교차로 인근),4167010900,37.28620073636364,127.61907954787878,9,20,1,1,15,3
2022,41,경기도 여주시 천송동(신륵사사거리 인근),4167012000,37.30056664060606,127.6498862818182,8,9,0,3,6,0
2022,41,경기도 연천군 전곡읍(전곡교 인근),4180025300,38.028207355151515,127.06561419787883,7,15,0,2,11,2
2022,41,경기도 연천군 전곡읍(벌집삼겹살수원영통점 인근),4180025300,38.02244568515152,127.06585329242424,6,8,0,1,7,0
2022,41,경기도 연천군 전곡읍(전곡중고등학교앞교차 인근),4180025300,38.02991536848486,127.0709124660606,5,8,0,0,8,0
2022,41,경기도 가평군 가평읍(읍내사거리 인근),4182025000,37.83074848333334,127.51321690727274,12,14,0,2,12,0
2022,41,경기도 가평군 청평면(청평3거리교차로 인근),4182032500,37.73553540333332,127.41504962606062,10,26,0,3,23,0
2022,41,경기도 가평군 가평읍(가평역입구교차로 인근),4182025000,37.81667615333333,127.50718987303031,10,22,0,1,19,2
2022,41,경기도 양평군 양평읍(우리예식장앞삼거리 인근),4183025000,37.48962466848486,127.49382730242426,17,20,0,9,9,2
2022,41,경기도 양평군 양평읍(양근삼거리 인근),4183025000,37.48772803030302,127.49198659606058,10,11,0,1,10,0
2022,41,경기도 양평군 양평읍(국민건강보험공단양평 인근),4183025000,37.490570488484856,127.4977487336364,10,10,0,1,7,2
2022,42,강원도 춘천시 근화동(공지사거리 인근),4211011700,37.87360406454547,127.71336544848486,16,22,0,0,20,2
2022,42,강원도 춘천시 동내면(거두사거리 인근),4211039000,37.85516142545455,127.74942965727278,13,19,0,2,12,5
2022,42,강원도 춘천시 운교동(운교사거리 인근),4211011000,37.876022630606066,127.73147993848485,13,19,0,0,14,5
2022,42,강원도 원주시 단계동(방일해장국 인근),4213011000,37.347515631818176,127.93314114727274,39,51,0,7,42,2
2022,42,강원도 원주시 인동(목우촌닭고기원주대리 인근),4213010400,37.34756167454546,127.95392984666667,26,43,0,8,32,3
2022,42,강원도 원주시 단계동(삼성숯불갈비 인근),4213011000,37.345292594848495,127.9290394772727,25,38,0,7,30,1
2022,42,강원도 강릉시 교동(강릉역육거리 인근),4215011000,37.76269695727272,128.90055738787882,21,32,0,7,25,0
2022,42,강원도 강릉시 옥천동(옥천오거리 인근),4215010900,37.75560313727273,128.89953520909089,16,29,1,2,26,0
2022,42,강원도 강릉시 교동(임당사거리 인근),4215011000,37.75893045212122,128.89587181363638,14,19,0,0,19,0
2022,42,강원도 동해시 이도동(이원사거리 인근),4217011800,37.48030456060606,129.11281834666667,7,8,0,2,6,0
2022,42,강원도 동해시 효가동(한중대입구교차로 인근),4217010600,37.495321339696964,129.11073618909091,7,12,0,1,9,2
2022,42,강원도 동해시 발한동(발한삼거리 인근),4217011100,37.549059723939386,129.1088428160606,7,9,0,4,5,0
2022,42,강원도 태백시 황지동(황지119안전센터 인근),4219010100,37.159106486363626,128.9899082512121,11,15,0,1,14,0
2022,42,강원도 태백시 황지동(황지교사거리 인근),4219010100,37.17383908272728,128.99373756606062,9,14,0,2,12,0
2022,42,강원도 태백시 문곡동(장성여고입구 인근),4219010500,37.12381543121213,129.00381065848484,6,14,0,2,12,0
2022,42,강원도 속초시 교동(만천사거리 인근),4221010600,38.19711681151515,128.57618880242424,17,20,0,7,12,1
2022,42,강원도 속초시 동명동(수복탑사거리 인근),4221010200,38.210405979090915,128.5935752136364,17,32,0,5,27,0
2022,42,강원도 속초시 조양동(조양동6346 인근),4221010800,38.191691345757576,128.57907529242425,15,28,0,7,20,1
2022,42,강원도 삼척시 정상동(직행버스터미널입구 인근),4223012500,37.43920873515151,129.1685912212121,10,15,0,5,10,0
2022,42,강원도 삼척시 교동(삼척IC 인근),4223010600,37.45603661666668,129.16809870787878,7,9,0,0,9,0
2022,42,강원도 삼척시 남양동(의료원앞사거리 인근),4223012000,37.44058687454545,129.16425993909093,5,5,0,2,3,0
2022,42,강원도 홍천군 홍천읍(홍천TG 인근),4272025000,37.67541475333333,127.85516725121215,4,9,0,1,8,0
2022,42,강원도 홍천군 서석면(풍암교 인근),4272034000,37.7077390339394,128.1874475660606,4,10,0,2,7,1
2022,42,강원도 홍천군 홍천읍(하오안육교 인근),4272025000,37.68066409575758,127.86716365727276,3,5,0,0,5,0
2022,42,강원도 횡성군 횡성읍(횡성지구대 인근),4273025000,37.487299338484846,127.98524618848484,10,13,0,1,12,0
2022,42,강원도 횡성군 횡성읍(한성막국수 인근),4273025000,37.490784623333326,127.98883097727274,6,7,0,2,4,1
2022,42,강원도 횡성군 횡성읍(읍상리454 인근),4273025000,37.48553067848485,127.99057401121213,4,4,0,1,2,1
2022,42,강원도 영월군 영월읍(군청사거리 인근),4275025000,37.180676684545446,128.46255390787883,8,11,0,4,7,0
2022,42,강원도 영월군 영월읍(덕포삼거리 인근),4275025000,37.180054190303025,128.4754399078788,6,10,0,2,2,6
2022,42,강원도 영월군 영월읍(하송사거리 인근),4275025000,37.180963247272736,128.46583918242428,4,4,0,1,3,0
2022,42,강원도 평창군 진부면(진부시외버스터미널 인근),4276036000,37.63577400454546,128.5575687212121,5,10,1,3,6,0
2022,42,강원도 평창군 평창읍(하리428 인근),4276025000,37.36697572272727,128.3955266212121,4,5,0,0,5,0
2022,42,강원도 평창군 평창읍(평창종합버스터미널 인근),4276025000,37.36587303575759,128.39270522121214,4,8,0,3,5,0
2022,42,강원도 정선군 사북읍(사북오거리 인근),4277025600,37.226071141212124,128.81493375242422,4,7,0,2,5,0
2022,42,강원도 정선군 남면(무릉사거리 인근),4277032000,37.253928965151516,128.77920372363636,4,6,0,1,5,0
2022,42,강원도 정선군 신동읍(예미교차로 인근),4277025900,37.21846255666667,128.6431151560606,4,11,0,5,6,0
2022,42,강원도 철원군 동송읍(이평사거리 인근),4278025900,38.20916789696969,127.21727468848484,6,8,0,3,5,0
2022,42,강원도 철원군 갈말읍(군탄사거리 인근),4278025600,38.157836149090926,127.31019153181819,4,11,0,0,11,0
2022,42,강원도 철원군 갈말읍(내대리5203 인근),4278025600,38.18419902878787,127.30759159181821,4,5,0,2,3,0
2022,42,강원도 양구군 양구읍(상리2673 인근),4280025000,38.1061896360606,127.99023045848483,5,5,0,0,5,0
2022,42,강원도 양구군 양구읍(정림교동측 인근),4280025000,38.101411379090905,127.98546568848484,4,5,0,0,4,1
2022,42,강원도 인제군 인제읍(인제교차로 인근),4281025000,38.06472937454546,128.1752886578788,6,12,0,0,12,0
2022,42,강원도 인제군 북면(원통교차로 인근),4281032000,38.121115984545455,128.20892117909094,4,6,0,1,5,0
2022,42,강원도 인제군 상남면(인제IC 인근),4281035000,37.91708217909092,128.2873132860606,3,8,0,0,1,7
2022,42,강원도 고성군 토성면(천진교차로 인근),4282033000,38.259739917272725,128.55569811848488,6,21,0,8,13,0
2022,42,강원도 고성군 토성면(청간사거리 인근),4282033000,38.267113916969684,128.55444555363638,4,6,0,2,4,0
2022,42,강원도 고성군 거진읍(복천교 인근),4282025300,38.38720215030303,128.46023497121212,3,4,0,2,2,0
2022,42,강원도 양양군 양양읍(남문리35 인근),4283025000,38.07611829515151,128.62414493363633,7,10,0,2,7,1
2022,42,강원도 양양군 양양읍(남단교차로 인근),4283025000,38.06961065333333,128.6248041790909,4,5,0,2,3,0
2022,42,강원도 양양군 강현면(공항삼거리 인근),4283035000,38.150154910000005,128.60806728909094,4,6,0,3,3,0
2022,43,충청북도 청주시 서원구 사창동(사창사거리 인근),4311210200,36.634688190000006,127.4602052136364,51,67,0,16,51,0
2022,43,충청북도 청주시 흥덕구 강서동(청주터미널앞사거리 인근),4311311700,36.62526008787877,127.43076878181816,34,42,0,7,35,0
2022,43,충청북도 청주시 흥덕구 봉명동(봉명사거리 인근),4311311500,36.64283738909091,127.46248594242421,32,49,0,6,42,1
2022,43,충청북도 충주시 연수동(법원사거리 인근),4313011800,36.98211971878788,127.9283176578788,21,32,0,9,22,1
2022,43,충청북도 충주시 금릉동(충주축산농협금릉지점 인근),4313012800,36.98211903060607,127.91759606363634,19,30,0,0,30,0
2022,43,충청북도 충주시 칠금동(칠금사거리 인근),4313011600,36.98086998393939,127.91296856363635,18,27,0,7,19,1
2022,43,충청북도 제천시 중앙로1가(메가박스제천 인근),4315010600,37.13540775393938,128.21222546909092,15,20,0,4,12,4
2022,43,충청북도 제천시 천남동(신당교 인근),4315012500,37.13115218333333,128.19923765787874,12,21,0,2,18,1
2022,43,충청북도 제천시 동현동(남천종합상사 인근),4315010300,37.13229957606061,128.22142050121212,11,16,0,1,13,2
2022,43,충청북도 보은군 보은읍(교사리4401 인근),4372025000,36.48603456575756,127.72159069363636,10,13,0,3,10,0
2022,43,충청북도 보은군 보은읍(터미널삼거리 인근),4372025000,36.48286734787879,127.72263453242422,4,8,0,0,8,0
2022,43,충청북도 보은군 보은읍(금굴삼거리 인근),4372025000,36.45176289424243,127.73343303181818,3,10,0,3,7,0
2022,43,충청북도 옥천군 옥천읍(가회1교동측 인근),4373025000,36.30193038151515,127.56676227848484,7,7,0,3,4,0
2022,43,충청북도 옥천군 옥천읍(과선교사거리 인근),4373025000,36.29224755727273,127.5683768560606,4,9,0,2,7,0
2022,43,충청북도 옥천군 옥천읍(금구리316 인근),4373025000,36.30015237484849,127.57075544606059,4,7,0,3,4,0
2022,43,충청북도 영동군 영동읍(중앙사거리 인근),4374025000,36.175154307878785,127.77780250121214,11,13,0,5,6,2
2022,43,충청북도 영동군 영동읍(부용사거리 인근),4374025000,36.173491014545455,127.77393378242428,6,8,0,0,8,0
2022,43,충청북도 영동군 학산면(학산삼거리 인근),4374038000,36.09871686060607,127.68332409363633,3,4,0,3,1,0
2022,43,충청북도 증평군 증평읍(증평사거리 인근),4374525000,36.78500551333334,127.58271712606063,18,25,1,4,19,1
2022,43,충청북도 증평군 증평읍(초중사거리 인근),4374525000,36.783227003939395,127.57313459606063,7,9,0,2,6,1
2022,43,충청북도 증평군 증평읍(윗장뜰사거리 인근),4374525000,36.78795385030303,127.58686575121214,7,9,0,2,7,0
2022,43,충청북도 진천군 진천읍(안골삼거리 인근),4375025000,36.87095699333334,127.46870609363633,8,21,0,1,19,1
2022,43,충청북도 진천군 광혜원면(광혜원교차로 인근),4375037000,36.983063379696965,127.43429875090911,8,19,0,5,14,0
2022,43,충청북도 진천군 진천읍(벽암사거리 인근),4375025000,36.85944785787879,127.43714512666666,7,7,0,2,5,0
2022,43,충청북도 괴산군 괴산읍(괴산시외버스터미널 인근),4376025000,36.808082192727284,127.79412231363635,6,6,0,2,4,0
2022,43,충청북도 괴산군 괴산읍(대사삼거리 인근),4376025000,36.797369138484854,127.78361831363635,4,12,0,6,5,1
2022,43,충청북도 괴산군 괴산읍(괴산문화예술회관 인근),4376025000,36.80672652272727,127.79333368848482,4,4,0,1,3,0
2022,43,충청북도 음성군 맹동면(위너스타워 인근),4377033000,36.9083986890909,127.54227455121212,10,14,0,4,10,0
2022,43,충청북도 음성군 대소면(오산리3821 인근),4377034000,36.9662244878788,127.48902447363636,7,8,0,1,7,0
2022,43,충청북도 음성군 대소면(오산리산24 인근),4377034000,36.968431826666674,127.4861220672727,7,10,0,2,7,1
2022,43,충청북도 단양군 단양읍(단양농협 인근),4380025000,36.98201231333333,128.36907578242426,11,14,0,2,11,1
2022,43,충청북도 단양군 단양읍(도전리640 인근),4380025000,36.97957828242424,128.36795403363635,5,7,0,3,3,1
2022,43,충청북도 단양군 단양읍(NH농협은행단양군지부 인근),4380025000,36.98458306242426,128.36932659606057,4,5,0,3,2,0
2022,44,충청남도 천안시 서북구 불당동(불당동1883 인근),4413310800,36.812553635151524,127.10778110121214,37,57,0,6,50,1
2022,44,충청남도 천안시 서북구 쌍용동(일봉산사거리 인근),4413310700,36.79774233727274,127.13055912727275,37,46,0,6,38,2
2022,44,충청남도 천안시 서북구 두정동(커피농 인근),4413310400,36.8322851730303,127.13569164787879,37,44,0,5,36,3
2022,44,충청남도 공주시 금흥동(금흥동677 인근),4415012100,36.47653906787878,127.13881123909088,11,14,0,5,9,0
2022,44,충청남도 공주시 신관동(강북교차로 인근),4415012000,36.463191719696965,127.14028015727273,10,13,0,3,9,1
2022,44,충청남도 공주시 신관동(공주고용센터 인근),4415012000,36.471840229696966,127.13373954606058,10,11,0,2,9,0
2022,44,충청남도 보령시 대천동(명문당사거리 인근),4418010100,36.35033545696969,126.59594796242422,12,13,0,4,7,2
2022,44,충청남도 보령시 명천동(동대동1957 인근),4418010500,36.34573330515152,126.5990958672727,9,11,0,4,7,0
2022,44,충청남도 보령시 명천동(주공사거리 인근),4418010500,36.34567978515152,126.60178172363636,9,11,0,2,9,0
2022,44,충청남도 아산시 온천동(역전삼거리 인근),4420010100,36.78104859484849,127.00450440787878,24,36,0,6,28,2
2022,44,충청남도 아산시 배방읍(모산사거리 인근),4420025300,36.77662915515151,127.05407342242427,19,29,0,1,28,0
2022,44,충청남도 아산시 온천동(온천동238 인근),4420010100,36.781077539090916,126.99986697181818,19,31,0,4,26,1
2022,44,충청남도 서산시 예천동(영진주택앞교차로 인근),4421010900,36.76965024333333,126.45242323909092,10,11,0,2,9,0
2022,44,충청남도 서산시 석림동(현대카드앞교차로 인근),4421010700,36.77680048909091,126.46162726909091,10,11,0,3,7,1
2022,44,충청남도 서산시 읍내동(호수공원사거리 인근),4421010100,36.776963248484854,126.45177314363636,9,13,0,1,10,2
2022,44,충청남도 논산시 반월동(반월동191 인근),4423010200,36.20452797454545,127.08475044848485,11,14,0,5,9,0
2022,44,충청남도 논산시 대교동(대교동325 인근),4423010300,36.207310500303024,127.08246243121214,8,10,0,7,3,0
2022,44,충청남도 논산시 취암동(논산오거리 인근),4423010500,36.20235032848484,127.08672188909094,8,9,0,1,8,0
2022,44,충청남도 계룡시 엄사면(평리사거리 인근),4425031500,36.28819425515152,127.2450851960606,5,12,0,1,11,0
2022,44,충청남도 당진시 읍내동(당진중앙도서관앞 인근),4427010100,36.900149439090896,126.63263987363638,16,23,0,2,21,0
2022,44,충청남도 당진시 시곡동(당진농공단지사거리 인근),4427010500,36.902089663333335,126.68431481242425,8,13,0,2,11,0
2022,44,충청남도 당진시 대덕동(행동사거리 인근),4427010700,36.884723223030306,126.6308691672727,7,9,1,1,7,0
2022,44,충청남도 금산군 금산읍(상리4916 인근),4471025000,36.10945226060605,127.49107104909093,7,9,0,4,5,0
2022,44,충청남도 금산군 금산읍(중도교서측 인근),4471025000,36.10247849393939,127.49825423363637,5,5,0,2,3,0
2022,44,충청남도 금산군 금산읍(인삼로82 인근),4471025000,36.1026590590909,127.49062221909092,5,5,0,4,1,0
2022,44,충청남도 부여군 부여읍(군청사거리 인근),4476025000,36.275940739090906,126.91059143666668,6,6,0,4,2,0
2022,44,충청남도 부여군 부여읍(대향로로타리교차로 인근),4476025000,36.283793193939395,126.92919915727276,6,8,0,3,5,0
2022,44,충청남도 부여군 부여읍(백강교차로 인근),4476025000,36.275912821212124,126.90349644363637,5,6,1,2,3,0
2022,44,충청남도 서천군 서천읍(군사리85710 인근),4477025300,36.07517731727273,126.6874411509091,13,16,0,5,11,0
2022,44,충청남도 서천군 서천읍(오석사거리 인근),4477025300,36.08871006515152,126.68271739030303,5,9,0,1,8,0
2022,44,충청남도 서천군 장항읍(서해해양조사사무소 인근),4477025000,36.00811205969696,126.68984428121213,4,7,0,0,7,0
2022,44,충청남도 청양군 정산면(서정리사거리 인근),4479033000,36.41093753212122,126.95123156242423,5,8,0,0,8,0
2022,44,충청남도 청양군 정산면(서정리9925 인근),4479033000,36.41321477939395,126.9481144678788,3,3,0,2,1,0
2022,44,충청남도 청양군 청양읍(벽천삼거리 인근),4479025000,36.43980304909091,126.7953232812121,3,3,0,1,2,0
2022,44,충청남도 홍성군 홍성읍(오관사거리 인근),4480025000,36.59947392757576,126.66570100787882,9,14,0,2,12,0
2022,44,충청남도 홍성군 홍성읍(장군상오거리 인근),4480025000,36.600329527878785,126.67093760666668,6,11,0,2,9,0
2022,44,충청남도 홍성군 홍성읍(대교2교차로 인근),4480025000,36.60266859484849,126.6777909830303,6,9,0,0,9,0
2022,44,충청남도 예산군 예산읍(검문소삼거리 인근),4481025000,36.73874807848485,126.85869689242428,7,14,0,1,13,0
2022,44,충청남도 예산군 덕산면(덕산회전교차로 인근),4481036000,36.70896534636363,126.67314953181815,6,13,0,0,13,0
2022,44,충청남도 예산군 예산읍(무한교차로 인근),4481025000,36.68269250727271,126.82650042787877,5,6,0,0,6,0
2022,44,충청남도 태안군 태안읍(동문리842 인근),4482525000,36.75377932848485,126.29701919666671,9,10,0,3,5,2
2022,44,충청남도 태안군 태안읍(화동교차로 인근),4482525000,36.75321524666666,126.32181593242427,7,12,0,1,10,1
2022,44,충청남도 태안군 태안읍(성심사거리 인근),4482525000,36.7511794239394,126.3022748918182,5,6,0,5,0,1
2022,45,전라북도 전주시 완산구 효자동3가(이동교사거리 인근),4511114200,35.813453997878796,127.11267971848484,23,36,0,4,32,0
2022,45,전라북도 전주시 완산구 효자동3가(효자동2가1171 인근),4511114200,35.81449747515151,127.10680729181819,20,27,0,10,17,0
2022,45,전라북도 전주시 덕진구 덕진동1가(덕진시외버스간이터미 인근),4511310500,35.84407358272728,127.12479290727272,17,23,0,2,21,0
2022,45,전라북도 군산시 나운동(원불교나운교당 인근),4513014400,35.96221860424244,126.69668793727273,22,40,0,5,32,3
2022,45,전라북도 군산시 장재동(군산화물역사거리 인근),4513012800,35.97985716272727,126.71959256242427,22,28,0,8,18,2
2022,45,전라북도 군산시 수송동(수송동행정복지센터 인근),4513014100,35.964751443939385,126.71704057909095,18,19,0,2,14,3
2022,45,전라북도 익산시 영등동(영등동872 인근),4514012200,35.959015395151525,126.97679554606061,16,23,0,6,17,0
2022,45,전라북도 익산시 어양동(하나로사거리 인근),4514012300,35.95912438727272,126.98161135606058,14,16,0,5,10,1
2022,45,전라북도 익산시 중앙동1가(익산역삼거리 인근),4514010300,35.93973543575758,126.94721653606062,13,21,0,3,18,0
2022,45,전라북도 정읍시 수성동(정읍제일고등학교 인근),4518010100,35.57028055606062,126.85265172727274,11,19,2,2,14,1
2022,45,전라북도 정읍시 시기동(정동교북측 인근),4518010400,35.55702077030303,126.8657240972727,9,14,0,2,12,0
2022,45,전라북도 정읍시 상동(GS25정읍중앙점 인근),4518010300,35.55961996909092,126.86750686727271,8,10,0,2,8,0
2022,45,전라북도 남원시 금동(왕정동1437 인근),4519010600,35.4064614290909,127.37361675121211,5,6,0,1,5,0
2022,45,전라북도 남원시 천거동(노암동 인근),4519010500,35.40095857242424,127.37819691666667,5,12,1,0,11,0
2022,45,전라북도 남원시 왕정동(서문사거리 인근),4519010800,35.40916259666667,127.37656470242423,4,4,0,0,4,0
2022,45,전라북도 김제시 요촌동(쇼핑센터사거리 인근),4521010100,35.800922975151515,126.88480203121212,10,12,0,5,7,0
2022,45,전라북도 김제시 요촌동(터미널사거리 인근),4521010100,35.8023177639394,126.89250131303032,7,12,0,0,11,1
2022,45,전라북도 김제시 요촌동(이디야커피김제중앙점 인근),4521010100,35.79960063969696,126.88794281242427,4,10,0,2,8,0
2022,45,전라북도 완주군 삼례읍(삼례사거리 인근),4571025000,35.91032316060606,127.07263853242426,6,6,1,2,3,0
2022,45,전라북도 완주군 삼례읍(삼례농협 인근),4571025000,35.91137517727273,127.0742926260606,4,4,0,3,1,0
2022,45,전라북도 완주군 삼례읍(삼례IC사거리 인근),4571025000,35.91863596242423,127.08531121909093,4,5,0,3,2,0
2022,45,전라북도 진안군 진안읍(군상리4324 인근),4572025000,35.791218799090906,127.4271634560606,4,4,0,2,2,0
2022,45,전라북도 진안군 진안읍(진안우체국앞 인근),4572025000,35.7919271378788,127.43019143303032,4,5,0,3,2,0
2022,45,전라북도 무주군 무주읍(무주2교차로 인근),4573025000,36.00978115333333,127.67684433606061,4,8,0,5,3,0
2022,45,전라북도 무주군 무주읍(무주대교 인근),4573025000,36.0071174160606,127.66726118787876,3,4,1,1,2,0
2022,45,전라북도 임실군 임실읍(이도리7412 인근),4575025000,35.61457126212121,127.28051000606061,3,4,0,0,3,1
2022,45,전라북도 임실군 임실읍(두곡삼거리 인근),4575025000,35.6314287730303,127.29069699121214,3,4,0,0,4,0
2022,45,전라북도 임실군 관촌면(오수관촌농협 인근),4575038000,35.67442520696969,127.27003350121214,3,3,1,2,0,0
2022,45,전라북도 순창군 순창읍(순창종합버스터미널 인근),4577025000,35.37719582606059,127.1410376260606,5,6,1,2,2,1
2022,45,전라북도 순창군 순창읍(경천교남측 인근),4577025000,35.37042958575756,127.14093857909093,3,7,0,0,7,0
2022,45,전라북도 순창군 순창읍(순창IC교차로 인근),4577025000,35.36924323666665,127.1391935430303,3,6,0,1,5,0
2022,45,전라북도 고창군 대산면(대산사거리 인근),4579038000,35.339354110303034,126.6008844378788,3,5,0,2,3,0
2022,45,전라북도 부안군 부안읍(터미널사거리 인근),4580025000,35.725915695454546,126.73625581727276,15,20,0,7,13,0
2022,45,전라북도 부안군 부안읍(아담사거리 인근),4580025000,35.7261649139394,126.73325355363636,8,12,0,3,9,0
2022,45,전라북도 부안군 부안읍(구소방서사거리 인근),4580025000,35.72303007393939,126.73153836727273,3,7,0,0,7,0
2022,46,전라남도 목포시 용해동(용해동94112 인근),4611015900,34.81186176787879,126.3997743372727,41,69,1,2,63,3
2022,46,전라남도 목포시 옥암동(온세대교회 인근),4611016400,34.810551883939404,126.42377268606059,33,57,0,3,48,6
2022,46,전라남도 목포시 옥암동(뉴에버그린모텔 인근),4611016400,34.800125395757576,126.43081466909089,23,39,0,6,30,3
2022,46,전라남도 여수시 학동(시청앞로터리 인근),4613012800,34.76121867212122,127.66295825121213,36,44,0,1,41,2
2022,46,전라남도 여수시 충무동(교동사거리 인근),4613011000,34.74008040333333,127.7314541260606,26,33,0,7,26,0
2022,46,전라남도 여수시 문수동(제13호광장 인근),4613012000,34.748389176666656,127.69953125121212,25,44,0,3,38,3
2022,46,전라남도 순천시 조례동(광주은행연향동지점 인근),4615013300,34.9534890069697,127.51891612606059,33,51,0,3,46,2
2022,46,전라남도 순천시 풍덕동(풍덕동220 인근),4615011500,34.94116219393939,127.50725881363635,20,25,0,3,22,0
2022,46,전라남도 순천시 조례동(조례동1725 인근),4615013300,34.957886392727275,127.5194420624242,18,22,0,4,18,0
2022,46,전라남도 나주시 빛가람동(전력로사거리 인근),4617013400,35.020972433333334,126.78497326242427,9,13,0,1,11,1
2022,46,전라남도 나주시 성북동(성북동9810 인근),4617011400,35.03560417999999,126.72023469606061,7,13,0,1,11,1
2022,46,전라남도 나주시 빛가람동(빛가람동196 인근),4617013400,35.02208669787879,126.78824150363639,7,8,0,1,6,1
2022,46,전라남도 광양시 중동(KT광양지점 인근),4623010600,34.93830138212122,127.69508425181817,12,14,0,5,9,0
2022,46,전라남도 광양시 광양읍(인동교차로 인근),4623025000,34.97068332515152,127.58954428242423,12,18,0,2,15,1
2022,46,전라남도 광양시 마동(남양우유동광양대리점 인근),4623010700,34.95101281848485,127.69688803242421,11,15,0,1,14,0
2022,46,전라남도 담양군 담양읍(담양읍행정복지센터 인근),4671025000,35.31956725636364,126.98120627242426,11,13,0,2,10,1
2022,46,전라남도 담양군 담양읍(담양읍삼거리 인근),4671025000,35.314869442424246,126.9835215560606,10,12,0,1,11,0
2022,46,전라남도 담양군 담양읍(백동사거리 인근),4671025000,35.30904209787878,126.9820609960606,9,17,0,3,14,0
2022,46,전라남도 곡성군 옥과면(용두교 인근),4672037000,35.27136601969698,127.13483231303029,5,8,1,5,2,0
2022,46,전라남도 곡성군 오산면(오산교차로 인근),4672040000,35.263213943939384,127.12008342606063,5,10,0,2,8,0
2022,46,전라남도 곡성군 겸면(평장삼거리 인근),4672039000,35.2743420939394,127.14584457606061,3,4,0,2,2,0
2022,46,전라남도 구례군 구례읍(구례실내체육관입구 인근),4673025000,35.214094053333326,127.46718708242426,4,7,0,1,6,0
2022,46,전라남도 구례군 구례읍(구례경찰서 인근),4673025000,35.20853621727273,127.46454205363634,3,4,0,2,1,1
2022,46,전라남도 구례군 구례읍(돌틈삼거리 인근),4673025000,35.21596086727273,127.46456253181819,3,3,0,1,2,0
2022,46,전라남도 고흥군 고흥읍(파리바게뜨고흥중앙점 인근),4677025000,34.607283454545446,127.28398653121214,6,7,0,2,3,2
2022,46,전라남도 고흥군 고흥읍(봉황2교 인근),4677025000,34.60824017454546,127.28839328545453,5,5,0,2,3,0
2022,46,전라남도 고흥군 도양읍(소방서사거리 인근),4677025300,34.52588193939394,127.14085220606059,4,4,0,1,3,0
2022,46,전라남도 보성군 벌교읍(벌교리899 인근),4678025300,34.8446613430303,127.34415547303031,4,4,0,2,2,0
2022,46,전라남도 보성군 벌교읍(회정교차로 인근),4678025300,34.84696840393939,127.35091234090912,4,7,0,0,6,1
2022,46,전라남도 보성군 보성읍(참국화갤러리카페 인근),4678025000,34.76774677848484,127.08349071909089,3,4,0,1,3,0
2022,46,전라남도 화순군 화순읍(대광아파트교차로 인근),4679025000,35.0554628318182,126.97843488606064,7,7,0,2,5,0
2022,46,전라남도 화순군 도곡면(효자2길88 인근),4679036000,34.99765501969697,126.91618987606064,6,6,0,0,6,0
2022,46,전라남도 화순군 화순읍(대리교 인근),4679025000,35.051010826969694,126.97230736363638,5,13,0,1,11,1
2022,46,전라남도 장흥군 장흥읍(장흥교오거리 인근),4680025000,34.6794675990909,126.9053081512121,5,8,0,0,8,0
2022,46,전라남도 장흥군 관산읍(옥당사거리 인근),4680025300,34.5623330409091,126.93883853242427,4,4,0,0,3,1
2022,46,전라남도 장흥군 장흥읍(순지교차로 인근),4680025000,34.6573816469697,126.88629340666668,4,16,0,2,13,1
2022,46,전라남도 강진군 성전면(성전육교 인근),4681036000,34.697560023636356,126.70850675090908,5,10,0,2,8,0
2022,46,전라남도 강진군 성전면(신풍삼거리 인근),4681036000,34.71941262848485,126.70936421848485,4,7,0,2,5,0
2022,46,전라남도 강진군 마량면(강진남부농협마량지점 인근),4681040000,34.45028073636364,126.81694356242426,3,3,0,1,1,1
2022,46,전라남도 해남군 해남읍(홍교북측 인근),4682025000,34.569840269696975,126.59881293606064,10,13,1,3,8,1
2022,46,전라남도 해남군 해남읍(농협해남군지부 인근),4682025000,34.57159080848484,126.59948404606061,8,10,1,4,5,0
2022,46,전라남도 해남군 해남읍(해리1923 인근),4682025000,34.570763856666666,126.60971024909092,8,11,0,2,9,0
2022,46,전라남도 영암군 삼호읍(호등교차로 인근),4683025300,34.74576579393939,126.47914706303031,6,8,0,0,8,0
2022,46,전라남도 영암군 삼호읍(서창리1193 인근),4683025300,34.727670607878785,126.55211857787882,6,17,0,3,12,2
2022,46,전라남도 영암군 미암면(서영암농협본점 인근),4683039000,34.72537305969697,126.56894024727274,4,4,0,0,4,0
2022,46,전라남도 무안군 삼향읍(남악리2106 인근),4684025600,34.8126640990909,126.46022496121212,15,21,0,2,19,0
2022,46,전라남도 무안군 삼향읍(남악리21061 인근),4684025600,34.81079177272728,126.4602929160606,8,10,0,1,9,0
2022,46,전라남도 무안군 삼향읍(전남교육청사거리 인근),4684025600,34.81425597060606,126.47122073606064,7,9,0,0,9,0
2022,46,전라남도 함평군 함평읍(엑스포삼거리 인근),4686025000,35.05910037393939,126.52179703727275,4,8,0,0,6,2
2022,46,전라남도 함평군 월야면(월야사거리 인근),4686038000,35.179316220000004,126.62570415121213,4,7,0,0,5,2
2022,46,전라남도 함평군 함평읍(기각사거리 인근),4686025000,35.06619681515152,126.52552680666665,3,6,0,0,5,1
2022,46,전라남도 영광군 법성면(법성리1127 인근),4687037000,35.361746974545454,126.44386995242422,5,5,0,2,3,0
2022,46,전라남도 영광군 영광읍(백학리38141 인근),4687025000,35.277747388484855,126.50365424666666,5,6,0,1,4,1
2022,46,전라남도 영광군 영광읍(남천삼거리 인근),4687025000,35.27374465212121,126.50459566545454,4,4,0,3,0,1
2022,46,전라남도 장성군 장성읍(케냐에스프레소 인근),4688025000,35.29963169787879,126.78161940727271,9,9,0,4,4,1
2022,46,전라남도 장성군 장성읍(장성군청 인근),4688025000,35.30137331757576,126.7837963560606,4,4,0,2,1,1
2022,46,전라남도 장성군 진원면(마흥교차로 인근),4688031000,35.26495370787879,126.80568395363635,4,6,0,1,5,0
2022,46,전라남도 완도군 완도읍(완도농협본점 인근),4689025000,34.31865489333332,126.74693209363636,13,29,0,2,27,0
2022,46,전라남도 완도군 완도읍(강진완도축산농협완도 인근),4689025000,34.31349508030304,126.75672050121213,8,9,0,3,6,0
2022,46,전라남도 완도군 완도읍(현대자동차완도지점 인근),4689025000,34.31697125666666,126.74846525121211,7,8,0,0,8,0
2022,46,전라남도 진도군 진도읍(남동리7781 인근),4690025000,34.47968513242424,126.26376750787878,12,15,0,4,11,0
2022,46,전라남도 진도군 진도읍(남동리7731 인근),4690025000,34.48144822636363,126.25964150848485,3,3,0,1,2,0
2022,46,전라남도 신안군 암태면(암태파출소 인근),4691042000,34.82873539848485,126.11427131121215,3,3,0,3,0,0
2022,46,전라남도 신안군 압해읍(압해읍삼거리 인근),4691025300,34.86501751060606,126.31204778121214,3,3,0,2,1,0
2022,47,경상북도 포항시 북구 죽도동(오거리 인근),4711311600,36.03257400393938,129.36603300303028,22,35,0,8,27,0
2022,47,경상북도 포항시 남구 상도동(한전앞교차로 인근),4711110100,36.00992028575758,129.3480590660606,21,49,0,7,31,11
2022,47,경상북도 포항시 남구 대도동(상공회의소사거리 인근),4711110200,36.017620291212125,129.36081997242422,21,33,0,5,26,2
2022,47,경상북도 경주시 황오동(남영곡물상회 인근),4713010500,35.84158692636364,129.21691784727275,15,21,0,5,16,0
2022,47,경상북도 경주시 용강동(용강네거리 인근),4713012500,35.867378603939386,129.22383384666665,14,23,0,6,14,3
2022,47,경상북도 경주시 서악동(터미널네거리 인근),4713011500,35.83810097121212,129.20265684727272,13,20,0,2,18,0
2022,47,경상북도 김천시 신음동(신음동3941 인근),4715010800,36.13300338878787,128.117809929697,13,18,0,3,14,1
2022,47,경상북도 김천시 신음동(직지교사거리 인근),4715010800,36.12812842787878,128.11819506363636,11,19,0,7,12,0
2022,47,경상북도 김천시 평화동(성내교회 인근),4715010500,36.12428269575758,128.1179809078788,9,9,0,5,4,0
2022,47,경상북도 안동시 옥동(옥동사거리 인근),4717013300,36.56314846424242,128.70273800121208,21,34,0,4,29,1
2022,47,경상북도 안동시 운흥동(안동역삼거리 인근),4717011300,36.5629250269697,128.73291697181818,11,19,0,7,9,3
2022,47,경상북도 안동시 당북동(제일생명사거리 인근),4717012100,36.56322417787879,128.72078243909093,11,16,0,3,12,1
2022,47,경상북도 구미시 송정동(금오산네거리 인근),4719011000,36.12638540454545,128.33682273242425,18,26,0,7,19,0
2022,47,경상북도 구미시 송정동(상공회의소네거리 인근),4719011000,36.1174051769697,128.3518223260606,18,32,0,7,25,0
2022,47,경상북도 구미시 진평동(인동사거리 인근),4719012300,36.1057019230303,128.41970546787883,16,25,0,2,22,1
2022,47,경상북도 영주시 가흥동(꽃동산회전교차로 인근),4721010500,36.81391843030303,128.6188603772727,16,16,0,10,6,0
2022,47,경상북도 영주시 하망동(하망동3455 인근),4721010300,36.82537289454545,128.62577596727274,10,14,0,2,11,1
2022,47,경상북도 영주시 하망동(동부지구대 인근),4721010300,36.829230956969695,128.63495556363634,9,11,1,4,3,3
2022,47,경상북도 영천시 완산동(금노사거리 인근),4723011300,35.96025893969697,128.9327930660606,6,8,0,4,4,0
2022,47,경상북도 영천시 금호읍(금호강교차로 인근),4723025000,35.93102933848485,128.8722720960606,5,5,1,2,2,0
2022,47,경상북도 영천시 오미동(오미동13556 인근),4723012300,35.982688638484845,128.92286110787882,5,7,0,1,6,0
2022,47,경상북도 상주시 서문동(중앙사거리 인근),4725010800,36.41545072636364,128.15936593848483,10,12,1,2,9,0
2022,47,경상북도 상주시 서성동(냉림동2992 인근),4725010600,36.41979415333333,128.1626936878788,8,8,0,5,2,1
2022,47,경상북도 상주시 무양동(무양동293 인근),4725010900,36.418154036969696,128.15108759666668,8,8,0,2,5,1
2022,47,경상북도 문경시 모전동(모전오거리 인근),4728011000,36.58646524424241,128.19196203242424,11,15,0,1,11,3
2022,47,경상북도 문경시 흥덕동(흥덕동3582 인근),4728010300,36.60410546303031,128.20522407242424,9,13,0,1,12,0
2022,47,경상북도 문경시 점촌동(중앙시장사거리 인근),4728010100,36.594659344545455,128.19908149181816,7,7,0,3,2,2
2022,47,경상북도 경산시 조영동(조영동594 인근),4729011800,35.8375880469697,128.7538872109091,22,27,0,1,25,1
2022,47,경상북도 경산시 중방동(임당네거리 인근),4729011700,35.83394617909092,128.74110112727269,14,21,0,6,15,0
2022,47,경상북도 경산시 압량읍(파스쿠찌대구영남대점 인근),4729025600,35.839285455757576,128.75740475242424,14,22,0,3,18,1
2022,47,경상북도 의성군 의성읍(북원사거리 인근),4773025000,36.35617740727273,128.69414615848484,7,10,0,6,4,0
2022,47,경상북도 의성군 의성읍(후죽리9133 인근),4773025000,36.34921708969697,128.69559468909094,6,12,0,3,9,0
2022,47,경상북도 의성군 의성읍(중리리7122 인근),4773025000,36.35170404818182,128.6993977060606,5,7,0,1,6,0
2022,47,경상북도 영양군 영양읍(농협사거리 인근),4776025000,36.66556060999999,129.11435078363638,5,6,0,0,4,2
2022,47,경상북도 영양군 영양읍(현리1교 인근),4776025000,36.65367982393939,129.1094556590909,4,5,1,1,3,0
2022,47,경상북도 영양군 영양읍(KT&G영양지점 인근),4776025000,36.662524242727265,129.11318034666667,4,4,0,2,2,0
2022,47,경상북도 영덕군 강구면(삼사삼거리 인근),4777031000,36.351075377878786,129.37852887787875,6,8,0,0,8,0
2022,47,경상북도 영덕군 영해면(영해농협본점 인근),4777036000,36.53880942575757,129.4066150660606,6,9,0,2,7,0
2022,47,경상북도 영덕군 영덕읍(남산리307 인근),4777025000,36.389567684545455,129.36962811787876,6,10,0,4,6,0
2022,47,경상북도 청도군 청도읍(고수리47822 인근),4782025300,35.64361615515152,128.7428798812121,6,7,0,1,5,1
2022,47,경상북도 청도군 청도읍(청도어린이도서관 인근),4782025300,35.64751132575759,128.7365306890909,6,6,0,2,4,0
2022,47,경상북도 청도군 풍각면(풍각삼거리 인근),4782032000,35.640882846060606,128.61595481606065,5,6,0,0,5,1
2022,47,경상북도 고령군 대가야읍(고령광장앞교차로 인근),4783025300,35.729144427272715,128.2714145330303,7,10,0,1,9,0
2022,47,경상북도 고령군 대가야읍(대가야지구대 인근),4783025300,35.725063427878794,128.2675343512121,4,4,0,1,3,0
2022,47,경상북도 고령군 대가야읍(장기삼거리 인근),4783025300,35.72900756636364,128.27409027121212,3,8,0,0,8,0
2022,47,경상북도 성주군 성주읍(경산네거리 인근),4784025000,35.917982095151515,128.2867565960606,11,13,0,4,9,0
2022,47,경상북도 성주군 성주읍(경산2교북측 인근),4784025000,35.91324484454546,128.28470879363636,9,12,0,1,11,0
2022,47,경상북도 성주군 성주읍(성산리2021 인근),4784025000,35.91771942575758,128.29323923909092,7,10,0,2,7,1
2022,47,경상북도 칠곡군 왜관읍(중앙교 인근),4785025000,35.97958412818181,128.39868488909093,17,26,0,3,21,2
2022,47,경상북도 칠곡군 왜관읍(왜관IC 인근),4785025000,35.98777975212123,128.3965411578788,12,16,0,0,11,5
2022,47,경상북도 칠곡군 왜관읍(왜관지하도서측 인근),4785025000,35.99603412757576,128.3991095560606,9,9,0,1,8,0
2022,47,경상북도 예천군 호명면(제2행정타운네거리 인근),4790036000,36.57498693575758,128.47279400121215,6,9,0,4,5,0
2022,47,경상북도 예천군 호명면(금능리772 인근),4790036000,36.57772566393939,128.47286317121208,4,6,0,1,5,0
2022,47,경상북도 예천군 풍양면(낙상리8914 인근),4790041000,36.50610352424242,128.30066425242427,3,5,0,0,4,1
2022,47,경상북도 봉화군 봉화읍(커피비 인근),4792025000,36.890112253333335,128.74052553303028,4,5,0,1,4,0
2022,47,경상북도 봉화군 봉화읍(내성리4128 인근),4792025000,36.88855561636363,128.73186537606065,4,6,0,1,5,0
2022,47,경상북도 울진군 평해읍(학곡1교차로 인근),4793025300,36.703555978787875,129.44291887606062,3,5,0,2,3,0
2022,48,경상남도 창원시 성산구 상남동(상남숯불장어앞교차로 인근),4812312700,35.22147589060606,128.68398316848481,24,27,0,8,9,10
2022,48,경상남도 창원시 마산합포구 해운동(월영광장교차로 인근),4812515800,35.1803545739394,128.55841470424238,21,26,0,6,15,5
2022,48,경상남도 창원시 진해구 석동(서부교회 인근),4812914000,35.15866345454545,128.69889984484848,21,34,0,3,31,0
2022,48,경상남도 진주시 칠암동(진주정토회진주정토법 인근),4817010400,35.184903784545455,128.08808440727276,12,15,0,11,4,0
2022,48,경상남도 진주시 옥봉동(구부산교통사거리 인근),4817011800,35.19396879787879,128.08824508787876,10,12,0,5,7,0
2022,48,경상남도 진주시 가좌동(개양오거리 인근),4817013100,35.15891370272727,128.1077257836364,9,11,0,3,8,0
2022,48,경상남도 통영시 무전동(무전동1010 인근),4822011100,34.85732815787878,128.42853667606062,26,37,0,8,28,1
2022,48,경상남도 통영시 무전동(KEB하나은행통영지점 인근),4822011100,34.85977376212119,128.42763925121213,18,25,0,6,18,1
2022,48,경상남도 통영시 항남동(동아인쇄광고석사 인근),4822010400,34.841940233333325,128.4203165966667,17,21,0,11,7,3
2022,48,경상남도 사천시 사천읍(수석5리사거리 인근),4824025000,35.08004687818182,128.08311762121212,15,29,0,4,21,4
2022,48,경상남도 사천시 정동면(사천여고오거리 인근),4824031000,35.07966466030303,128.0865258772727,14,20,0,2,17,1
2022,48,경상남도 사천시 사천읍(수석리2523 인근),4824025000,35.082943279393945,128.0860378472727,11,20,0,4,12,4
2022,48,경상남도 김해시 외동(중앙사거리 인근),4825010900,35.23433490515152,128.86674151727277,25,34,0,7,27,0
2022,48,경상남도 김해시 삼계동(스타벅스김해삼계점 인근),4825010700,35.26122940515151,128.87196371909093,24,33,0,9,23,1
2022,48,경상남도 김해시 부원동(김해외국인력지원센터 인근),4825010300,35.23332164969698,128.88159806363637,20,21,0,7,14,0
2022,48,경상남도 밀양시 상남면(예림사거리 인근),4827036000,35.469525673939394,128.76271806424245,13,21,0,4,17,0
2022,48,경상남도 밀양시 삼문동(남천교 인근),4827010400,35.487770605757575,128.74851388181818,10,17,0,6,10,1
2022,48,경상남도 밀양시 내이동(신촌오거리 인근),4827010200,35.50108327909091,128.7416214390909,10,11,0,2,9,0
2022,48,경상남도 거제시 고현동(한국SGI거제평화문화회 인근),4831010900,34.891414466363635,128.62282028242424,21,24,1,6,15,2
2022,48,경상남도 거제시 고현동(파출소앞 인근),4831010900,34.887028560606055,128.62455632242424,17,22,0,3,19,0
2022,48,경상남도 거제시 고현동(8번교차로 인근),4831010900,34.89263176212121,128.63062990848488,15,26,0,9,17,0
2022,48,경상남도 양산시 중부동(중부동69815 인근),4833010300,35.33523582909091,129.02780592848484,22,26,0,9,14,3
2022,48,경상남도 양산시 덕계동(천불사입구교차로 인근),4833012000,35.37351740030304,129.15240921848488,18,27,1,2,19,5
2022,48,경상남도 양산시 명동(76번교차로 인근),4833011500,35.40637521151515,129.1639403160606,14,17,0,5,10,2
2022,48,경상남도 의령군 의령읍(의병사거리 인근),4872025000,35.31677310060607,128.26223194363638,8,8,0,3,4,1
2022,48,경상남도 의령군 부림면(신반시외버스터미널 인근),4872039000,35.46589203060607,128.3245209078788,6,7,0,1,5,1
2022,48,경상남도 의령군 의령읍(서부삼거리 인근),4872025000,35.3156168439394,128.25851925242424,3,3,0,1,2,0
2022,48,경상남도 함안군 가야읍(말산리4222 인근),4873025000,35.2753008469697,128.40591343242423,9,9,0,6,2,1
2022,48,경상남도 함안군 가야읍(함주교 인근),4873025000,35.28071056030303,128.4031460636364,8,12,0,3,9,0
2022,48,경상남도 함안군 칠원읍(용산교 인근),4873025300,35.3062480590909,128.51670466181818,6,6,0,3,3,0
2022,48,경상남도 창녕군 남지읍(남지리5151 인근),4874025300,35.39256177666666,128.48137206909092,6,10,0,3,6,1
2022,48,경상남도 창녕군 부곡면(원앙삼거리 인근),4874042000,35.44249641636363,128.57305477181816,5,5,0,4,1,0
2022,48,경상남도 창녕군 창녕읍(교리1073 인근),4874025000,35.54260939636364,128.4978033972727,5,6,0,4,2,0
2022,48,경상남도 고성군 고성읍(동외리28725 인근),4882025000,34.97600614848485,128.32607476121214,18,20,1,9,10,0
2022,48,경상남도 고성군 고성읍(고성성당 인근),4882025000,34.974318497272726,128.3219285012121,8,9,0,3,6,0
2022,48,경상남도 고성군 고성읍(창원지방법원통영지원 인근),4882025000,34.97173155272727,128.32765986787876,5,6,0,1,5,0
2022,48,경상남도 남해군 남해읍(창원지방법원진주지원 인근),4884025000,34.84074045636364,127.8939813878788,7,11,0,7,1,3
2022,48,경상남도 남해군 남해읍(남변사거리 인근),4884025000,34.83328459272728,127.89936737666663,4,5,0,3,1,1
2022,48,경상남도 남해군 남해읍(남해군산림조합 인근),4884025000,34.83500666515151,127.89475684606063,4,5,0,0,3,2
2022,48,경상남도 하동군 금남면(계천사거리 인근),4885036000,34.99600707333333,127.81144231363633,5,8,0,2,6,0
2022,48,경상남도 하동군 진교면(수협은행진교지점 인근),4885037000,35.02615794636364,127.90392531363636,4,4,0,4,0,0
2022,48,경상남도 하동군 화개면(영남순복음교회 인근),4885031000,35.24620792575758,127.64191712727273,4,7,0,2,5,0
2022,48,경상남도 산청군 신안면(원지삼거리 인근),4886038000,35.30323331090908,127.97245137727273,6,9,0,3,6,0
2022,48,경상남도 산청군 산청읍(옥산리1601 인근),4886025000,35.414443665151516,127.87545562787876,6,8,0,1,5,2
2022,48,경상남도 산청군 산청읍(산청리1684 인근),4886025000,35.416513554545446,127.87737345666665,4,6,0,3,3,0
2022,48,경상남도 함양군 함양읍(교산리1111 인근),4887025000,35.52080175878788,127.73030565242425,10,13,0,1,11,1
2022,48,경상남도 함양군 함양읍(주차장사거리앞교차로 인근),4887025000,35.52135455696969,127.73358361363634,7,9,0,4,2,3
2022,48,경상남도 함양군 함양읍(함양3교 인근),4887025000,35.51908264727273,127.72269450121213,4,7,0,1,6,0
2022,48,경상남도 거창군 거창읍(대동로타리교차로 인근),4888025000,35.68755204666667,127.91587539787879,12,13,0,5,7,1
2022,48,경상남도 거창군 거창읍(김천사거리 인근),4888025000,35.680177227272715,127.91209412727277,8,9,0,4,4,1
2022,48,경상남도 거창군 거창읍(중앙교사거리 인근),4888025000,35.68480381787879,127.91706488787878,6,8,0,5,3,0
2022,48,경상남도 합천군 합천읍(봄봄테이크아웃 인근),4889025000,35.566900926969694,128.1611663136364,8,8,0,4,2,2
2022,48,경상남도 합천군 합천읍(중앙교차로 인근),4889025000,35.56800219333333,128.16332565787883,6,8,0,6,1,1
2022,48,경상남도 합천군 가회면(합천가회우체국 인근),4889044000,35.43533916333334,128.0335331890909,4,9,0,3,6,0
2022,50,제주특별자치도 제주시 연동(노형동952 인근),5011013700,33.483725742727266,126.4848653890909,33,48,0,4,32,12
2022,50,제주특별자치도 제주시 연동(그랜드호텔사거리 인근),5011013700,33.485704968484846,126.49001946909092,25,28,0,6,20,2
2022,50,제주특별자치도 제주시 용담이동(용문로4 인근),5011010900,33.50529776030304,126.49630093727275,24,36,0,1,31,4
2022,50,제주특별자치도 서귀포시 서홍동(중앙로터리 인근),5013010600,33.25253464000001,126.56116478606057,31,59,0,7,47,5
2022,50,제주특별자치도 서귀포시 서귀동(천지동사무소앞교차로 인근),5013010100,33.24742997333334,126.5619839790909,16,23,1,5,13,4
2022,50,제주특별자치도 서귀포시 서귀동(동문로터리 인근),5013010100,33.24845600181818,126.56780704727275,15,19,0,2,15,2
